-------------------------------------------------------------------------------
      name:  <unnamed>
       log:  C:/Users/jzava/Documents/GitHub/Advancing-Justice-Uganda-LC/2 Outp
> ut/Phase1_Baseline_Executive/logs/phase1_baseline_executive_analysis.log
  log type:  text
 opened on:   5 Sep 2026, 21:01:05

. 
. set scheme plotplain

. graph set window fontface "Arial"
not available in non-GUI version

. 
. use "`analysis_data'", clear
(Final de-identified Phase 1 baseline analytical cohort)

. 
. keep if analysis_sample == 1
(0 observations deleted)

. 
. * Final amended two-wave baseline: fail fast if the locked cohort changes.
. assert _N == 129

. assert analysis_sample == 1

. assert consent == 1

. isid survey_record_id

. isid submission_key

. isid canonical_village_uid

. 
. quietly count if canonical_district == "Bushenyi"

. assert r(N) == 55

. quietly count if canonical_district == "Rubirizi"

. assert r(N) == 40

. quietly count if canonical_district == "Sheema"

. assert r(N) == 34

. quietly count if baseline_wave == 1

. assert r(N) == 95

. quietly count if baseline_wave == 2

. assert r(N) == 34

. quietly count if p1_admin_origin == 0

. assert r(N) == 107

. quietly count if p1_admin_origin == 1

. assert r(N) == 17

. quietly count if p1_admin_origin == 2

. assert r(N) == 5

. quietly count if p1_admin_previously_contacted == 1

. assert r(N) == 22

. assert !missing(canonical_district, canonical_subcounty, canonical_parish, ca
> nonical_village)

. 
. * Encode district for regressions/tables where needed
. capture drop district_id

. encode canonical_district, gen(district_id)

. label var district_id "Canonical district numeric ID"

. 
. * Helpful global file paths for helper programs
. global AJU_EXEC_XLSX "`excel_exec'"

. global AJU_ITEMS_XLSX "`excel_items'"

. global AJU_FIG_DIR   "`fig_dir'"

. 
. * Core variable lists
. local core_indices ///
>     idx_respondent_capacity ///
>     idx_institutional_functioning ///
>     idx_legal_classif_knowledge ///
>     idx_adr_mediation_practice ///
>     idx_referral_practice ///
>     idx_record_quality ///
>     idx_committee_functioning ///
>     idx_perceived_legitimacy ///
>     idx_safeguards ///
>     idx_reintegration_norms

. 
. local composite_indices ///
>     idx_lcc_operational_capacity ///
>     idx_lcc_case_handling_quality ///
>     idx_lcc_legitimacy_and_norms ///
>     idx_p1_base_mentor_ready_proxy

. 
. local all_indices `core_indices' `composite_indices'

. 
. * Preserve an in-memory checksum of every analytical index. Analysis may summ
> arize
. * or label these variables, but must never change their values.
. local index_counter = 0

. foreach v of local all_indices {
  2.     assert inrange(`v', 0, 1) if !missing(`v')
  3.     quietly summarize `v', meanonly
  4.     local ++index_counter
  5.     local index_n`index_counter' = r(N)
  6.     local index_sum`index_counter' = r(sum)
  7. }

. 
. local high_flags ///
>     high_operational_capacity ///
>     high_case_handling_quality ///
>     high_legitimacy_norms ///
>     high_mentor_readiness_proxy

. 
. * Add compact labels for the most important indices
. label var idx_respondent_capacity          "Respondent capacity"

. label var idx_institutional_functioning   "Institutional functioning"

. label var idx_legal_classif_knowledge     "Legal/classification knowledge"

. label var idx_adr_mediation_practice      "ADR/mediation practice"

. label var idx_referral_practice           "Referral practice"

. label var idx_record_quality              "Record quality"

. label var idx_committee_functioning       "Committee functioning"

. label var idx_perceived_legitimacy        "Perceived legitimacy"

. label var idx_safeguards                  "Safeguards/referral knowledge"

. label var idx_reintegration_norms         "Reintegration norms"

. label var idx_lcc_operational_capacity    "Operational capacity"

. label var idx_lcc_case_handling_quality   "Case-handling quality"

. label var idx_lcc_legitimacy_and_norms    "Legitimacy and reintegration"

. label var idx_p1_base_mentor_ready_proxy  "Baseline mentor-readiness proxy"

. 
. *----------------------------------------------------------------------------
> --*
. **# 0.2 Presentation labels and output hygiene
. *----------------------------------------------------------------------------
> --*
. * These labels affect output readability only. They do not change values or s
> coring.
. 
. capture confirm numeric variable enum

. if !_rc {
.     local enum_vallab : value label enum
.     if "`enum_vallab'" != "" {
.         capture label define `enum_vallab' 11 "Enumerator 11 - name pending",
>  modify
.     }
. }

. 
. capture label var flag_caseload_30d_gt_3m "30-day caseload exceeds reported 3
> -month caseload"

. capture label var flag_pending_gt_3m "Pending/unresolved cases exceed reporte
> d 3-month caseload"

. capture label var flag_direct_gt_3m "Directly brought cases exceed reported 3
> -month caseload"

. capture label var flag_referred_to_lcc_gt_3m "Cases referred to LCC exceed re
> ported 3-month caseload"

. capture label var flag_referred_onward_gt_3m "Cases referred onward exceed re
> ported 3-month caseload"

. capture label var lcc_vacancies_count "Number of vacant LCC/LC committee posi
> tions"

. capture label var any_serious_or_sensitive_case_3m "Any child, SGBV, or other
>  serious/sensitive case in past 3 months"

. 
. capture label var m3_q04_1  "Land or boundary disputes"

. capture label var m3_q04_2  "Family or marital disputes"

. capture label var m3_q04_3  "Debt, loan, or money disputes"

. capture label var m3_q04_4  "Neighbor insults, threats, or verbal conflicts"

. capture label var m3_q04_5  "Minor assault or physical fights"

. capture label var m3_q04_6  "Property damage or theft matters"

. capture label var m3_q04_7  "Child-related cases"

. capture label var m3_q04_8  "Sexual violence or SGBV cases"

. capture label var m3_q04_9  "Alcohol, disorderly conduct, or public disturban
> ce"

. capture label var m3_q04_10 "Reintegration/former prisoner conflicts"

. 
. capture label var v01_boundary_q1_correct "Boundary vignette: correct classif
> ication"

. capture label var v01_boundary_q2_correct "Boundary vignette: correct action/
> referral"

. capture label var v01_boundary_q3_correct "Boundary vignette: correct documen
> tation/procedure"

. capture label var v02_family_q1_correct "Family dispute vignette: correct cla
> ssification"

. capture label var v02_family_q2_correct "Family dispute vignette: correct act
> ion/referral"

. capture label var v02_family_q3_correct "Family dispute vignette: correct doc
> umentation/procedure"

. capture label var v05_child_q1_correct "Child-related vignette: correct class
> ification"

. capture label var v05_child_q2_correct "Child-related vignette: correct actio
> n/referral"

. capture label var v05_child_q3_correct "Child-related vignette: correct docum
> entation/procedure"

. capture label var v06_sgbv_q1_correct "SGBV vignette: correct classification"

. capture label var v06_sgbv_q2_correct "SGBV vignette: correct action/referral
> "

. capture label var v06_sgbv_q3_correct "SGBV vignette: correct documentation/p
> rocedure"

. 
. capture label var m5_q01_score "ADR practice score: hearing both sides"

. capture label var m5_q02_score "ADR practice score: neutrality/impartiality"

. capture label var m5_q03_score "ADR practice score: encouraging voluntary agr
> eement"

. capture label var m5_q06_score "ADR practice score: recording agreements"

. capture label var m5_q07_score "ADR practice score: follow-up after mediation
> "

. capture label var adr_confidence_score "Confidence mediating ordinary local d
> isputes"

. capture label var deescalation_confidence_score "Confidence de-escalating ten
> se disputes"

. capture label var m5_q14_score "Reported frequency of compliance with mediate
> d agreements"

. capture label var m5_q16_score "Perceived prevention of escalation to police 
> or courts"

. 
. capture label var m5_q11_1 "Parties refuse to attend or participate"

. capture label var m5_q11_2 "Parties do not trust the LCC"

. capture label var m5_q11_3 "Conflict too intense or parties too angry"

. capture label var m5_q11_4 "Power imbalance between parties"

. capture label var m5_q11_5 "Case outside LCC mandate"

. capture label var m5_q11_6 "LCC members need more training"

. capture label var m5_q11_7 "Lack of records, forms, or materials"

. capture label var m5_q11_8 "Weak cooperation from formal authorities"

. capture label var m5_q11_9 "Fear of retaliation or community pressure"

. capture label var m5_q11_10 "No major ADR barriers"

. 
. capture label var m5_q13_1 "Mediation between parties"

. capture label var m5_q13_2 "Community dialogue"

. capture label var m5_q13_3 "Reconciliation meeting"

. capture label var m5_q13_4 "Negotiated written agreement"

. capture label var m5_q13_5 "Advice or warning to parties"

. capture label var m5_q13_6 "Referral to another authority"

. capture label var m5_q13_7 "Committee hearing and decision"

. capture label var m5_q13_8 "Restitution or compensation agreement"

. 
. capture label var referral_frequency_score "Referral practice score: frequenc
> y/regularity"

. capture label var referral_documentation_score "Referral practice score: docu
> mentation"

. capture label var referral_feedback_score "Referral practice score: receiving
>  feedback"

. capture label var police_coordination_score "Coordination score with police"

. capture label var court_coordination_score "Coordination score with court/for
> mal justice actors"

. capture label var referral_path_conf_score "Confidence knowing where to refer
>  cases"

. capture label var referral_explain_conf_score "Confidence explaining referral
> s to community members"

. 
. capture label var m6_q04_1 "Referral reason: outside LCC mandate"

. capture label var m6_q04_2 "Referral reason: serious violence/threat to life"

. capture label var m6_q04_3 "Referral reason: sexual violence or SGBV"

. capture label var m6_q04_4 "Referral reason: child protection concern"

. capture label var m6_q04_5 "Referral reason: parties refused local mediation"

. capture label var m6_q04_6 "Referral reason: local agreement not followed"

. capture label var m6_q04_7 "Referral reason: facts or evidence too complex"

. capture label var m6_q04_8 "Referral reason: LCC lacked quorum/capacity"

. 
. capture label var m6_q12_1 "Referral barrier: authority too far away"

. capture label var m6_q12_2 "Referral barrier: transport cost/lack of transpor
> t"

. capture label var m6_q12_3 "Referral barrier: parties do not want referral"

. capture label var m6_q12_4 "Referral barrier: fear costs, delay, or consequen
> ces"

. capture label var m6_q12_5 "Referral barrier: receiving authority slow"

. capture label var m6_q12_6 "Referral barrier: unclear receiving authority"

. capture label var m6_q12_7 "Referral barrier: lack referral-procedure knowled
> ge"

. capture label var m6_q12_8 "Referral barrier: lack forms/documentation tools"

. capture label var m6_q12_9 "Referral barrier: pressure to keep case local"

. capture label var m6_q12_10 "Referral barrier: fear retaliation/worse conflic
> t"

. capture label var m6_q12_11 "No major referral barriers"

. 
. capture label var m7_q15_1 "Record challenge: no registers/books/forms/paper"

. capture label var m7_q15_2 "Record challenge: no pens/basic stationery"

. capture label var m7_q15_3 "Record challenge: need training on case records"

. capture label var m7_q15_4 "Record challenge: limited time for records"

. capture label var m7_q15_5 "Record challenge: difficulty writing required lan
> guage"

. capture label var m7_q15_6 "Record challenge: record holder often unavailable
> "

. capture label var m7_q15_7 "Record challenge: records lost/damaged/insecure"

. capture label var m7_q15_8 "Record challenge: hard to record sensitive cases"

. capture label var m7_q15_9 "No major record-keeping challenges"

. 
. capture label var m8_q15_1 "Committee challenge: members often absent"

. capture label var m8_q15_2 "Committee challenge: members lack time"

. capture label var m8_q15_3 "Committee challenge: members need training"

. capture label var m8_q15_4 "Committee challenge: one member dominates"

. capture label var m8_q15_5 "Committee challenge: women/junior members less ac
> tive"

. capture label var m8_q15_6 "Committee challenge: quorum difficult"

. capture label var m8_q15_7 "Committee challenge: disagreements delay decision
> s"

. capture label var m8_q15_8 "Committee challenge: no meeting place/materials/r
> ecords"

. capture label var m8_q15_9 "Committee challenge: community prefers one leader
> "

. capture label var m8_q15_10 "No major committee challenges"

. 
. capture label var m11_q10_1 "Reintegration support: family/community acceptan
> ce"

. capture label var m11_q10_2 "Reintegration support: livelihood or income"

. capture label var m11_q10_3 "Reintegration support: psychosocial/emotional su
> pport"

. capture label var m11_q10_4 "Reintegration support: family/community mediatio
> n"

. capture label var m11_q10_5 "Reintegration support: LC/community leaders"

. capture label var m11_q10_6 "Reintegration support: religious/clan/cultural l
> eaders"

. capture label var m11_q10_7 "Reintegration support: legal/administrative supp
> ort"

. capture label var m11_q10_8 "Reintegration support: skills training/education
> "

. capture label var m11_q10_9 "No support needed/manage alone"

. 
. capture label var m11_q12_1 "Reintegration barrier: fear of reoffending"

. capture label var m11_q12_2 "Reintegration barrier: fear of violence/conflict
> "

. capture label var m11_q12_3 "Reintegration barrier: shame or stigma"

. capture label var m11_q12_4 "Reintegration barrier: lack of trust"

. capture label var m11_q12_5 "Reintegration barrier: victims/families not reco
> nciled"

. capture label var m11_q12_6 "Reintegration barrier: lack livelihood/work"

. capture label var m11_q12_7 "Reintegration barrier: weak support structures"

. capture label var m11_q12_8 "Reintegration barrier: people do not know how to
>  support"

. capture label var m11_q12_9 "Community usually willing to accept"

. 
. 
. *----------------------------------------------------------------------------
> --*
. **# 0.3 Helper programs
. *----------------------------------------------------------------------------
> --*
. 
. capture program drop aju_mean_table

. program define aju_mean_table
  1.     syntax anything, SHEET(string) MODULE(string) [XLSX(string) GRAPH(stri
> ng) TITLE(string) GAP]
  2. 
.     tempfile out
  3.     tempname memhold
  4.     postfile `memhold' str80 module str80 variable str160 label ///
>         long n double mean sd min p25 p50 p75 max gap using `out', replace
  5. 
.     local clean_module "`module'"
  6.     local rawvars `anything'
  7. 
.     foreach v of local rawvars {
  8.         capture confirm numeric variable `v'
  9.         if !_rc {
 10.             quietly count if !missing(`v')
 11.             local n = r(N)
 12.             local vlab : variable label `v'
 13.             if `"`vlab'"' == "" local vlab "`v'"
 14.             local vlab = substr(`"`vlab'"', 1, 160)
 15. 
.             if `n' > 0 {
 16.                 quietly summarize `v', detail
 17.                 local mean = r(mean)
 18.                 local sd   = r(sd)
 19.                 local min  = r(min)
 20.                 local p25  = r(p25)
 21.                 local p50  = r(p50)
 22.                 local p75  = r(p75)
 23.                 local max  = r(max)
 24.                 local gapval = .
 25.                 if "`gap'" != "" & `mean' >= 0 & `mean' <= 1 local gapval 
> = 1 - `mean'
 26.             }
 27.             else {
 28.                 local mean   = .
 29.                 local sd     = .
 30.                 local min    = .
 31.                 local p25    = .
 32.                 local p50    = .
 33.                 local p75    = .
 34.                 local max    = .
 35.                 local gapval = .
 36.             }
 37. 
.             post `memhold' (`"`clean_module'"') (`"`v'"') (`"`vlab'"') ///
>                 (`n') (`mean') (`sd') (`min') (`p25') (`p50') (`p75') (`max')
>  (`gapval')
 38.         }
 39.     }
 40.     postclose `memhold'
 41. 
.     local outxlsx "${AJU_EXEC_XLSX}"
 42.     if `"`xlsx'"' != "" local outxlsx `"`xlsx'"'
 43. 
.     preserve
 44.         use `out', clear
 45.         drop if n == 0
 46.         order module variable label n mean sd min p25 p50 p75 max gap
 47.         if "`gap'" == "" drop gap
 48.         export excel using `"`outxlsx'"', sheet("`sheet'", replace) firstr
> ow(variables)
 49. 
.         if `"`graph'"' != "" {
 50.             quietly count if !missing(mean)
 51.             if r(N) > 0 {
 52.                 local graphname = strtoname("`graph'")
 53.                 local graphname = substr("`graphname'", 1, 32)
 54.                 local graphtitle `"`title'"'
 55.                 if `"`graphtitle'"' == "" local graphtitle "`sheet'"
 56. 
.                 graph hbar mean if !missing(mean), ///
>                     over(label, sort(mean) descending label(labsize(vsmall)))
>  ///
>                     bar(1, color("32 87 129")) ///
>                     ytitle("Share / mean") ///
>                     title(`"`graphtitle'"', size(medsmall)) ///
>                     name(`graphname', replace)
 57. 
.                 graph export "${AJU_FIG_DIR}/`graph'.png", replace width(2400
> )
 58.                 graph export "${AJU_FIG_DIR}/`graph'.pdf", replace
 59.             }
 60.         }
 61.     restore
 62. end

. 
. capture program drop aju_tab_numeric_all

. program define aju_tab_numeric_all
  1.     syntax anything, SHEET(string)
  2. 
.     tempfile out
  3.     tempname memhold
  4.     postfile `memhold' str30 module str80 variable str200 label ///
>         long n n_missing double mean sd min p25 p50 p75 max using `out', repl
> ace
  5. 
.     local rawvars `anything'
  6.     foreach v of local rawvars {
  7.         capture confirm numeric variable `v'
  8.         if !_rc {
  9.             quietly count
 10.             local Ntotal = r(N)
 11.             quietly count if !missing(`v')
 12.             local n = r(N)
 13.             local nmiss = `Ntotal' - `n'
 14. 
.             local module "Other"
 15.             if regexm("`v'","^m0_") local module "M0 Geography/metadata"
 16.             if regexm("`v'","^m1_") local module "M1 Respondent profile"
 17.             if regexm("`v'","^m2_") local module "M2 Institutional setup"
 18.             if regexm("`v'","^m3_") local module "M3 Caseload"
 19.             if regexm("`v'","^m4_") local module "M4 Legal knowledge"
 20.             if regexm("`v'","^m5_") local module "M5 ADR/mediation"
 21.             if regexm("`v'","^m6_") local module "M6 Referrals"
 22.             if regexm("`v'","^m7_") local module "M7 Records"
 23.             if regexm("`v'","^m8_") local module "M8 Committee"
 24.             if regexm("`v'","^m9_") local module "M9 Legitimacy"
 25.             if regexm("`v'","^m10_") local module "M10 Safeguards"
 26.             if regexm("`v'","^m11_") local module "M11 Reintegration"
 27.             if regexm("`v'","^idx_") local module "Indices"
 28.             if regexm("`v'","^flag_") local module "QA flags"
 29. 
.             local vlab : variable label `v'
 30.             if `"`vlab'"' == "" local vlab "`v'"
 31.             local vlab = substr(`"`vlab'"', 1, 200)
 32. 
.             if `n' > 0 {
 33.                 quietly summarize `v', detail
 34.                 post `memhold' (`"`module'"') (`"`v'"') (`"`vlab'"') ///
>                     (`n') (`nmiss') (r(mean)) (r(sd)) (r(min)) (r(p25)) (r(p5
> 0)) (r(p75)) (r(max))
 35.             }
 36.             else {
 37.                 post `memhold' (`"`module'"') (`"`v'"') (`"`vlab'"') ///
>                     (`n') (`nmiss') (.) (.) (.) (.) (.) (.) (.)
 38.             }
 39.         }
 40.     }
 41.     postclose `memhold'
 42. 
.     preserve
 43.         use `out', clear
 44.         sort module variable
 45.         export excel using "${AJU_ITEMS_XLSX}", sheet("`sheet'", replace) 
> firstrow(variables)
 46.     restore
 47. end

. 
. capture program drop aju_tab_categorical_all

. program define aju_tab_categorical_all
  1.     syntax anything, SHEET(string) [MAXLEVELS(integer 25)]
  2. 
.     tempfile out
  3.     tempname memhold
  4.     postfile `memhold' str30 module str80 variable str200 label ///
>         str40 value str200 value_label long n double percent using `out', rep
> lace
  5. 
.     local rawvars `anything'
  6.     foreach v of local rawvars {
  7.         capture confirm numeric variable `v'
  8.         if !_rc {
  9.             quietly levelsof `v' if !missing(`v'), local(levels)
 10.             local k : word count `levels'
 11. 
.             if `k' > 0 & `k' <= `maxlevels' {
 12.                 quietly count if !missing(`v')
 13.                 local denom = r(N)
 14. 
.                 local module "Other"
 15.                 if regexm("`v'","^m0_") local module "M0 Geography/metadat
> a"
 16.                 if regexm("`v'","^m1_") local module "M1 Respondent profil
> e"
 17.                 if regexm("`v'","^m2_") local module "M2 Institutional set
> up"
 18.                 if regexm("`v'","^m3_") local module "M3 Caseload"
 19.                 if regexm("`v'","^m4_") local module "M4 Legal knowledge"
 20.                 if regexm("`v'","^m5_") local module "M5 ADR/mediation"
 21.                 if regexm("`v'","^m6_") local module "M6 Referrals"
 22.                 if regexm("`v'","^m7_") local module "M7 Records"
 23.                 if regexm("`v'","^m8_") local module "M8 Committee"
 24.                 if regexm("`v'","^m9_") local module "M9 Legitimacy"
 25.                 if regexm("`v'","^m10_") local module "M10 Safeguards"
 26.                 if regexm("`v'","^m11_") local module "M11 Reintegration"
 27.                 if regexm("`v'","^idx_") local module "Indices"
 28.                 if regexm("`v'","^flag_") local module "QA flags"
 29. 
.                 local vlab : variable label `v'
 30.                 if `"`vlab'"' == "" local vlab "`v'"
 31.                 local vlab = substr(`"`vlab'"', 1, 200)
 32. 
.                 local vallab : value label `v'
 33. 
.                 foreach lev of local levels {
 34.                     quietly count if `v' == `lev'
 35.                     local n = r(N)
 36.                     local pct = 100 * `n' / `denom'
 37. 
.                     local levlabel "`lev'"
 38.                     if `"`vallab'"' != "" {
 39.                         capture local levlabel : label `vallab' `lev'
 40.                         if _rc local levlabel "`lev'"
 41.                     }
 42.                     local levlabel = substr(`"`levlabel'"', 1, 200)
 43. 
.                     post `memhold' (`"`module'"') (`"`v'"') (`"`vlab'"') ///
>                         (`"`lev'"') (`"`levlabel'"') (`n') (`pct')
 44.                 }
 45.             }
 46.         }
 47.     }
 48.     postclose `memhold'
 49. 
.     preserve
 50.         use `out', clear
 51.         sort module variable value
 52.         export excel using "${AJU_ITEMS_XLSX}", sheet("`sheet'", replace) 
> firstrow(variables)
 53.     restore
 54. end

. 
. capture program drop aju_module_of_var

. program define aju_module_of_var, rclass
  1.     args v
  2.     local module "Other"
  3.     if regexm("`v'","^m0_") local module "M0 Geography/metadata"
  4.     if regexm("`v'","^m1_") local module "M1 Respondent profile"
  5.     if regexm("`v'","^m2_") local module "M2 Institutional setup"
  6.     if regexm("`v'","^m3_") local module "M3 Caseload"
  7.     if regexm("`v'","^m4_") local module "M4 Legal knowledge"
  8.     if regexm("`v'","^m5_") local module "M5 ADR/mediation"
  9.     if regexm("`v'","^m6_") local module "M6 Referrals"
 10.     if regexm("`v'","^m7_") local module "M7 Records"
 11.     if regexm("`v'","^m8_") local module "M8 Committee"
 12.     if regexm("`v'","^m9_") local module "M9 Legitimacy"
 13.     if regexm("`v'","^m10_") local module "M10 Safeguards"
 14.     if regexm("`v'","^m11_") local module "M11 Reintegration"
 15.     if regexm("`v'","^idx_") local module "Indices"
 16.     if regexm("`v'","^flag_") local module "QA flags"
 17.     return local module "`module'"
 18. end

. 
. *----------------------------------------------------------------------------
> --*
. **# 1. README and analysis metadata
. *----------------------------------------------------------------------------
> --*
. 
. putexcel set "`excel_exec'", replace sheet("README")
note: file will be replaced when the first putexcel command is issued.

. putexcel A1 = "Advancing Justice Uganda - Final Phase 1 Baseline Analysis"
file C:\Users\jzava\AppData\Local\Temp\stata_worker_default_7505d64a54_74609fe5
> bb_opml03wf//phase1_baseline_executive_results.xlsx saved

. putexcel A3 = "Purpose"
file C:\Users\jzava\AppData\Local\Temp\stata_worker_default_7505d64a54_74609fe5
> bb_opml03wf//phase1_baseline_executive_results.xlsx saved

. putexcel B3 = "Implementation-focused descriptive evidence for the Phase 1 Fi
> nal Baseline Report."
file C:\Users\jzava\AppData\Local\Temp\stata_worker_default_7505d64a54_74609fe5
> bb_opml03wf//phase1_baseline_executive_results.xlsx saved

. putexcel A4 = "Input dataset"
file C:\Users\jzava\AppData\Local\Temp\stata_worker_default_7505d64a54_74609fe5
> bb_opml03wf//phase1_baseline_executive_results.xlsx saved

. putexcel B4 = "`analysis_data'"
file C:\Users\jzava\AppData\Local\Temp\stata_worker_default_7505d64a54_74609fe5
> bb_opml03wf//phase1_baseline_executive_results.xlsx saved

. putexcel A5 = "Analysis sample"
file C:\Users\jzava\AppData\Local\Temp\stata_worker_default_7505d64a54_74609fe5
> bb_opml03wf//phase1_baseline_executive_results.xlsx saved

. putexcel B5 = "Final amended two-wave baseline: 129 consented, unique canonic
> al LCs; 95 original and 34 August corrective records."
file C:\Users\jzava\AppData\Local\Temp\stata_worker_default_7505d64a54_74609fe5
> bb_opml03wf//phase1_baseline_executive_results.xlsx saved

. putexcel A6 = "Causal status"
file C:\Users\jzava\AppData\Local\Temp\stata_worker_default_7505d64a54_74609fe5
> bb_opml03wf//phase1_baseline_executive_results.xlsx saved

. putexcel B6 = "Descriptive baseline analysis only. Associations are cross-sec
> tional and are not treatment effects."
file C:\Users\jzava\AppData\Local\Temp\stata_worker_default_7505d64a54_74609fe5
> bb_opml03wf//phase1_baseline_executive_results.xlsx saved

. putexcel A7 = "Mentor-readiness note"
file C:\Users\jzava\AppData\Local\Temp\stata_worker_default_7505d64a54_74609fe5
> bb_opml03wf//phase1_baseline_executive_results.xlsx saved

. putexcel B7 = "The baseline mentor-readiness proxy is diagnostic only; final 
> mentor eligibility will use Phase 1 training assessments."
file C:\Users\jzava\AppData\Local\Temp\stata_worker_default_7505d64a54_74609fe5
> bb_opml03wf//phase1_baseline_executive_results.xlsx saved

. putexcel A8 = "Generated outputs"
file C:\Users\jzava\AppData\Local\Temp\stata_worker_default_7505d64a54_74609fe5
> bb_opml03wf//phase1_baseline_executive_results.xlsx saved

. putexcel B8 = "Main results, supplementary items, origin comparisons, baselin
> e associations, indicator table, figures, and analysis log."
file C:\Users\jzava\AppData\Local\Temp\stata_worker_default_7505d64a54_74609fe5
> bb_opml03wf//phase1_baseline_executive_results.xlsx saved

. putexcel A9 = "Output note"
file C:\Users\jzava\AppData\Local\Temp\stata_worker_default_7505d64a54_74609fe5
> bb_opml03wf//phase1_baseline_executive_results.xlsx saved

. putexcel B9 = "Fully missing variables are excluded from executive tables/gra
> phs and listed in the all-item workbook field-status sheet."
file C:\Users\jzava\AppData\Local\Temp\stata_worker_default_7505d64a54_74609fe5
> bb_opml03wf//phase1_baseline_executive_results.xlsx saved

. 
. quietly count

. local N = r(N)

. putexcel A10 = "N records"
file C:\Users\jzava\AppData\Local\Temp\stata_worker_default_7505d64a54_74609fe5
> bb_opml03wf//phase1_baseline_executive_results.xlsx saved

. putexcel B10 = `N'
file C:\Users\jzava\AppData\Local\Temp\stata_worker_default_7505d64a54_74609fe5
> bb_opml03wf//phase1_baseline_executive_results.xlsx saved

. 
. quietly summarize interview_date, meanonly

. 
. local first_interview = string(r(min), "%tdDDmonCCYY")

. local last_interview  = string(r(max), "%tdDDmonCCYY")

. 
. putexcel A11 = "First interview date"
file C:\Users\jzava\AppData\Local\Temp\stata_worker_default_7505d64a54_74609fe5
> bb_opml03wf//phase1_baseline_executive_results.xlsx saved

. putexcel B11 = "`first_interview'"
file C:\Users\jzava\AppData\Local\Temp\stata_worker_default_7505d64a54_74609fe5
> bb_opml03wf//phase1_baseline_executive_results.xlsx saved

. 
. putexcel A12 = "Last interview date"
file C:\Users\jzava\AppData\Local\Temp\stata_worker_default_7505d64a54_74609fe5
> bb_opml03wf//phase1_baseline_executive_results.xlsx saved

. putexcel B12 = "`last_interview'"
file C:\Users\jzava\AppData\Local\Temp\stata_worker_default_7505d64a54_74609fe5
> bb_opml03wf//phase1_baseline_executive_results.xlsx saved

. putexcel clear

. 
. * 1.1 Report-ready sample table
. tempfile sample_report

. tempname sr

. postfile `sr' str40 section str80 measure str24 statistic double value long d
> enominator using `sample_report', replace
(file
    C:\Users\jzava\AppData\Local\Temp\stata_worker_default_7505d64a54_74609fe
    > 5bb_opml03wf\ST_e880_00002r.tmp not found)

. post `sr' ("Final sample") ("Unique canonical LCs") ("Count") (129) (129)

. foreach d in Bushenyi Rubirizi Sheema {
  2.     quietly count if canonical_district == "`d'"
  3.     post `sr' ("District") ("`d'") ("Count") (r(N)) (129)
  4.     post `sr' ("District") ("`d'") ("Percent") (100*r(N)/129) (129)
  5. }

. quietly count if baseline_wave == 1

. post `sr' ("Baseline wave") ("Original May/June baseline") ("Count") (r(N)) (
> 129)

. quietly count if baseline_wave == 2

. post `sr' ("Baseline wave") ("August 2026 corrective") ("Count") (r(N)) (129)

. foreach o in 0 1 2 {
  2.     quietly count if p1_admin_origin == `o'
  3.     local olab : label p1_admin_origin_lbl `o'
  4.     post `sr' ("Administrative origin") ("`olab'") ("Count") (r(N)) (129)
  5. }

. foreach v in respondent_female completed_secondary_or_above education_score l
> c_experience_years prior_justice_training prior_formal_coordination prior_cdf
> u_fhri_training {
  2.     quietly summarize `v'
  3.     local vl : variable label `v'
  4.     if `"`vl'"' == "" local vl "`v'"
  5.     post `sr' ("Chairperson profile") (`"`vl'"') ("Mean/share") (r(mean)) 
> (r(N))
  6. }

. postclose `sr'

. preserve

.     use `sample_report', clear

.     format value %9.3f

.     export excel using "`excel_exec'", sheet("sample_report", replace) firstr
> ow(variables)
file C:\Users\jzava\AppData\Local\Temp\stata_worker_default_7505d64a54_74609fe5
> bb_opml03wf//phase1_baseline_executive_results.xlsx saved

. restore

. 
. *----------------------------------------------------------------------------
> --*
. **# 2. Sample, fieldwork, and data-quality profile
. *----------------------------------------------------------------------------
> --*
. 
. * 2.1 District, wave, and administrative-origin distribution
. preserve

.     contract canonical_district

.     rename _freq n_records

.     gen percent = 100 * n_records / _N

.     quietly summarize n_records, meanonly

.     replace percent = 100 * n_records / r(sum)
(3 real changes made)

.     export excel using "`excel_exec'", sheet("sample_district", replace) firs
> trow(variables)
file C:\Users\jzava\AppData\Local\Temp\stata_worker_default_7505d64a54_74609fe5
> bb_opml03wf//phase1_baseline_executive_results.xlsx saved

. 
.     graph bar n_records, over(canonical_district, label(angle(0))) ///
>         bar(1, color("32 87 129")) ///
>         blabel(bar, format(%9.0f)) ///
>         ytitle("Number of interviews") ///
>         title("Final Phase 1 baseline sample by district", size(medsmall)) //
> /
>         note("N=129 unique canonical LCs.", size(vsmall))

.     graph export "`fig_dir'/fig_01_sample_by_district.png", width(2400) repla
> ce
file C:\Users\jzava\AppData\Local\Temp\stata_worker_default_7505d64a54_74609fe5
> bb_opml03wf//phase1_baseline_figures/fig_01_sample_by_district.png written in
>  PNG format

.     graph export "`fig_dir'/fig_01_sample_by_district.pdf", replace
file
    C:\Users\jzava\AppData\Local\Temp\stata_worker_default_7505d64a54_74609fe
    > 5bb_opml03wf//phase1_baseline_figures/fig_01_sample_by_district.pdf
    saved as PDF format

. restore

. 
. preserve

.     contract baseline_wave

.     rename _freq n_records

.     egen total = total(n_records)

.     gen percent = 100*n_records/total

.     export excel using "`excel_exec'", sheet("sample_wave", replace) firstrow
> (variables)
file C:\Users\jzava\AppData\Local\Temp\stata_worker_default_7505d64a54_74609fe5
> bb_opml03wf//phase1_baseline_executive_results.xlsx saved

. restore

. 
. preserve

.     contract p1_admin_origin

.     rename _freq n_records

.     egen total = total(n_records)

.     gen percent = 100*n_records/total

.     export excel using "`excel_exec'", sheet("sample_origin", replace) firstr
> ow(variables)
file C:\Users\jzava\AppData\Local\Temp\stata_worker_default_7505d64a54_74609fe5
> bb_opml03wf//phase1_baseline_executive_results.xlsx saved

. restore

. 
. * 2.2 Enumerator distribution
. preserve

.     contract enum

.     rename _freq n_records

.     quietly summarize n_records, meanonly

.     gen percent = 100 * n_records / r(sum)

.     export excel using "`excel_exec'", sheet("sample_enumerator", replace) fi
> rstrow(variables)
file C:\Users\jzava\AppData\Local\Temp\stata_worker_default_7505d64a54_74609fe5
> bb_opml03wf//phase1_baseline_executive_results.xlsx saved

. restore

. 
. * 2.3 Fieldwork duration summary
. preserve

.     keep duration_min interview_date canonical_district

.     collapse (count) n=duration_min ///
>         (mean) mean=duration_min ///
>         (sd) sd=duration_min ///
>         (p25) p25=duration_min ///
>         (p50) median=duration_min ///
>         (p75) p75=duration_min ///
>         (min) min=duration_min ///
>         (max) max=duration_min

.     export excel using "`excel_exec'", sheet("fieldwork_duration", replace) f
> irstrow(variables)
file C:\Users\jzava\AppData\Local\Temp\stata_worker_default_7505d64a54_74609fe5
> bb_opml03wf//phase1_baseline_executive_results.xlsx saved

. restore

. 
. preserve

.     keep canonical_district duration_min

.     collapse (count) n=duration_min ///
>         (mean) mean=duration_min ///
>         (p50) median=duration_min ///
>         (min) min=duration_min ///
>         (max) max=duration_min, by(canonical_district)

.     export excel using "`excel_exec'", sheet("duration_by_district", replace)
>  firstrow(variables)
file C:\Users\jzava\AppData\Local\Temp\stata_worker_default_7505d64a54_74609fe5
> bb_opml03wf//phase1_baseline_executive_results.xlsx saved

. restore

. 
. * 2.4 QA flags
. local qa_flags ///
>     flag_duplicate_submission_key ///
>     flag_duplicate_scto_village ///
>     flag_duration_short ///
>     flag_duration_long ///
>     flag_date_outside_fieldwork ///
>     flag_caseload_30d_gt_3m ///
>     flag_pending_gt_3m ///
>     flag_direct_gt_3m ///
>     flag_referred_to_lcc_gt_3m ///
>     flag_referred_onward_gt_3m ///
>     flag_any_data_quality_issue

. 
. aju_mean_table `qa_flags', sheet("qa_flags") module("Data quality flags") ///
>     graph("fig_13_data_quality_flags") ///
>     title("Automated data-quality flags")
(file
    C:\Users\jzava\AppData\Local\Temp\stata_worker_default_7505d64a54_74609fe
    > 5bb_opml03wf\ST_e880_000031.tmp not found)
(2 observations deleted)
file C:\Users\jzava\AppData\Local\Temp\stata_worker_default_7505d64a54_74609fe5
> bb_opml03wf//phase1_baseline_executive_results.xlsx saved
file C:\Users\jzava\AppData\Local\Temp\stata_worker_default_7505d64a54_74609fe5
> bb_opml03wf//phase1_baseline_figures/fig_13_data_quality_flags.png written in
>  PNG format
file
    C:\Users\jzava\AppData\Local\Temp\stata_worker_default_7505d64a54_74609fe
    > 5bb_opml03wf//phase1_baseline_figures/fig_13_data_quality_flags.pdf
    saved as PDF format

. 
. * 2.5 Duplicate SurveyCTO village records for follow-up
. preserve

.     keep if flag_duplicate_scto_village > 0
(119 observations deleted)

.     keep survey_record_id submission_key interview_date enum canonical_distri
> ct canonical_subcounty canonical_parish canonical_village ///
>         duration_min

.     sort canonical_district canonical_subcounty canonical_parish canonical_vi
> llage interview_date

.     export excel using "`excel_exec'", sheet("duplicate_villages", replace) f
> irstrow(variables)
file C:\Users\jzava\AppData\Local\Temp\stata_worker_default_7505d64a54_74609fe5
> bb_opml03wf//phase1_baseline_executive_results.xlsx saved

. restore

. 
. 
. *----------------------------------------------------------------------------
> --*
. **# 3. Executive index dashboard and mentor-readiness profile
. *----------------------------------------------------------------------------
> --*
. 
. * 3.1 Overall index summary and graph
. aju_mean_table `all_indices', sheet("index_summary") module("Core and composi
> te indices") ///
>     graph("fig_02_core_indices_overall") ///
>     title("Average baseline scores across core domains") gap
(file
    C:\Users\jzava\AppData\Local\Temp\stata_worker_default_7505d64a54_74609fe
    > 5bb_opml03wf\ST_e880_000032.tmp not found)
(0 observations deleted)
file C:\Users\jzava\AppData\Local\Temp\stata_worker_default_7505d64a54_74609fe5
> bb_opml03wf//phase1_baseline_executive_results.xlsx saved
file C:\Users\jzava\AppData\Local\Temp\stata_worker_default_7505d64a54_74609fe5
> bb_opml03wf//phase1_baseline_figures/fig_02_core_indices_overall.png written 
> in PNG format
file
    C:\Users\jzava\AppData\Local\Temp\stata_worker_default_7505d64a54_74609fe
    > 5bb_opml03wf//phase1_baseline_figures/fig_02_core_indices_overall.pdf
    saved as PDF format

. 
. * Polished report-ready domain dashboard on the common 0-1 scale.
. preserve

.     keep `core_indices'

.     gen obs_id = _n

.     reshape long idx_, i(obs_id) j(index_name) string
(j = adr_mediation_practice committee_functioning institutional_functioning leg
> al_classif_knowledge perceived_legitimacy record_quality referral_practice re
> integration_norms respondent_capacity safeguards)

Data                               Wide   ->   Long
-----------------------------------------------------------------------------
Number of observations              129   ->   1,290       
Number of variables                  11   ->   3           
j variable (10 values)                    ->   index_name
xij variables:
idx_adr_mediation_practice idx_committee_functioning ... idx_safeguards->idx_
-----------------------------------------------------------------------------

.     rename idx_ score

.     gen domain = index_name

.     replace domain = "Respondent capacity" if domain == "respondent_capacity"
(129 real changes made)

.     replace domain = "Institutional functioning" if domain == "institutional_
> functioning"
(129 real changes made)

.     replace domain = "Legal/classification knowledge" if domain == "legal_cla
> ssif_knowledge"
variable domain was str25 now str30
(129 real changes made)

.     replace domain = "ADR/mediation practice" if domain == "adr_mediation_pra
> ctice"
(129 real changes made)

.     replace domain = "Referral practice" if domain == "referral_practice"
(129 real changes made)

.     replace domain = "Record quality" if domain == "record_quality"
(129 real changes made)

.     replace domain = "Committee functioning" if domain == "committee_function
> ing"
(129 real changes made)

.     replace domain = "Perceived legitimacy" if domain == "perceived_legitimac
> y"
(129 real changes made)

.     replace domain = "Safeguards" if domain == "safeguards"
(129 real changes made)

.     replace domain = "Reintegration norms" if domain == "reintegration_norms"
(129 real changes made)

.     collapse (mean) mean=score, by(domain)

.     graph hbar mean, over(domain, sort(mean) descending label(labsize(small))
> ) ///
>         bar(1, color("32 87 129")) blabel(bar, format(%4.2f) size(small)) ///
>         yscale(range(0 1)) ylabel(0(.2)1, format(%3.1f) grid) ///
>         ytitle("Mean baseline score (0-1)") ///
>         title("Phase 1 baseline domain dashboard", size(medsmall)) ///
>         note("N=129 unique LCs. Higher scores indicate stronger baseline capa
> city or practice.", size(vsmall))

.     graph export "`fig_dir'/fig_02_core_indices_overall.png", width(2800) rep
> lace
file C:\Users\jzava\AppData\Local\Temp\stata_worker_default_7505d64a54_74609fe5
> bb_opml03wf//phase1_baseline_figures/fig_02_core_indices_overall.png written 
> in PNG format

.     graph export "`fig_dir'/fig_02_core_indices_overall.pdf", replace
file
    C:\Users\jzava\AppData\Local\Temp\stata_worker_default_7505d64a54_74609fe
    > 5bb_opml03wf//phase1_baseline_figures/fig_02_core_indices_overall.pdf
    saved as PDF format

. restore

. 
. * 3.2 Index means by district
. preserve

.     keep survey_record_id canonical_district `all_indices'

.     reshape long idx_, i(survey_record_id) j(index_name) string
(j = adr_mediation_practice committee_functioning institutional_functioning lcc
> _case_handling_quality lcc_legitimacy_and_norms lcc_operational_capacity lega
> l_classif_knowledge p1_base_mentor_ready_proxy perceived_legitimacy record_qu
> ality referral_practice reintegration_norms respondent_capacity safeguards)

Data                               Wide   ->   Long
-----------------------------------------------------------------------------
Number of observations              129   ->   1,806       
Number of variables                  16   ->   4           
j variable (14 values)                    ->   index_name
xij variables:
idx_adr_mediation_practice idx_committee_functioning ... idx_safeguards->idx_
-----------------------------------------------------------------------------

.     rename idx_ index_value

. 
.     gen domain = index_name

.     replace domain = "Respondent capacity" if domain == "respondent_capacity"
(129 real changes made)

.     replace domain = "Institutional functioning" if domain == "institutional_
> functioning"
(129 real changes made)

.     replace domain = "Legal/classification knowledge" if domain == "legal_cla
> ssif_knowledge"
variable domain was str26 now str30
(129 real changes made)

.     replace domain = "ADR/mediation practice" if domain == "adr_mediation_pra
> ctice"
(129 real changes made)

.     replace domain = "Referral practice" if domain == "referral_practice"
(129 real changes made)

.     replace domain = "Record quality" if domain == "record_quality"
(129 real changes made)

.     replace domain = "Committee functioning" if domain == "committee_function
> ing"
(129 real changes made)

.     replace domain = "Perceived legitimacy" if domain == "perceived_legitimac
> y"
(129 real changes made)

.     replace domain = "Safeguards/referral knowledge" if domain == "safeguards
> "
(129 real changes made)

.     replace domain = "Reintegration norms" if domain == "reintegration_norms"
(129 real changes made)

.     replace domain = "Operational capacity" if domain == "lcc_operational_cap
> acity"
(129 real changes made)

.     replace domain = "Case-handling quality" if domain == "lcc_case_handling_
> quality"
(129 real changes made)

.     replace domain = "Legitimacy and reintegration" if domain == "lcc_legitim
> acy_and_norms"
(129 real changes made)

.     replace domain = "Mentor-readiness proxy" if domain == "p1_base_mentor_re
> ady_proxy"
(129 real changes made)

. 
.     collapse (count) n=index_value (mean) mean=index_value (sd) sd=index_valu
> e, by(canonical_district domain)

.     export excel using "`excel_exec'", sheet("index_by_district", replace) fi
> rstrow(variables)
file C:\Users\jzava\AppData\Local\Temp\stata_worker_default_7505d64a54_74609fe5
> bb_opml03wf//phase1_baseline_executive_results.xlsx saved

. 
.     keep if inlist(domain,"Operational capacity","Case-handling quality","Leg
> itimacy and reintegration","Mentor-readiness proxy")
(30 observations deleted)

.     graph bar mean, over(domain, label(angle(35) labsize(vsmall))) over(canon
> ical_district) ///
>         ytitle("Mean score, 0-1") ///
>         title("Composite baseline domains by district", size(medsmall)) ///
>         legend(off)

.     graph export "`fig_dir'/fig_03_composite_indices_by_district.png", width(
> 2800) replace
file C:\Users\jzava\AppData\Local\Temp\stata_worker_default_7505d64a54_74609fe5
> bb_opml03wf//phase1_baseline_figures/fig_03_composite_indices_by_district.png
>  written in PNG format

.     graph export "`fig_dir'/fig_03_composite_indices_by_district.pdf", replac
> e
file
    C:\Users\jzava\AppData\Local\Temp\stata_worker_default_7505d64a54_74609fe
    > 5bb_opml03wf//phase1_baseline_figures/fig_03_composite_indices_by_distr
    > ict.pdf saved as PDF format

. restore

. 
. * 3.3 Priority gaps: highest gaps indicate domains requiring most training at
> tention
. preserve

.     keep `core_indices'

.     gen obs_id = _n

.     reshape long idx_, i(obs_id) j(index_name) string
(j = adr_mediation_practice committee_functioning institutional_functioning leg
> al_classif_knowledge perceived_legitimacy record_quality referral_practice re
> integration_norms respondent_capacity safeguards)

Data                               Wide   ->   Long
-----------------------------------------------------------------------------
Number of observations              129   ->   1,290       
Number of variables                  11   ->   3           
j variable (10 values)                    ->   index_name
xij variables:
idx_adr_mediation_practice idx_committee_functioning ... idx_safeguards->idx_
-----------------------------------------------------------------------------

.     rename idx_ index_value

. 
.     gen domain = index_name

.     replace domain = "Respondent capacity" if domain == "respondent_capacity"
(129 real changes made)

.     replace domain = "Institutional functioning" if domain == "institutional_
> functioning"
(129 real changes made)

.     replace domain = "Legal/classification knowledge" if domain == "legal_cla
> ssif_knowledge"
variable domain was str25 now str30
(129 real changes made)

.     replace domain = "ADR/mediation practice" if domain == "adr_mediation_pra
> ctice"
(129 real changes made)

.     replace domain = "Referral practice" if domain == "referral_practice"
(129 real changes made)

.     replace domain = "Record quality" if domain == "record_quality"
(129 real changes made)

.     replace domain = "Committee functioning" if domain == "committee_function
> ing"
(129 real changes made)

.     replace domain = "Perceived legitimacy" if domain == "perceived_legitimac
> y"
(129 real changes made)

.     replace domain = "Safeguards/referral knowledge" if domain == "safeguards
> "
(129 real changes made)

.     replace domain = "Reintegration norms" if domain == "reintegration_norms"
(129 real changes made)

. 
.     collapse (count) n=index_value (mean) mean=index_value (sd) sd=index_valu
> e, by(domain)

.     gen gap_to_full_score = 1 - mean

.     gsort -gap_to_full_score

.     export excel using "`excel_exec'", sheet("priority_gaps", replace) firstr
> ow(variables)
file C:\Users\jzava\AppData\Local\Temp\stata_worker_default_7505d64a54_74609fe5
> bb_opml03wf//phase1_baseline_executive_results.xlsx saved

. 
.     graph hbar gap_to_full_score, over(domain, sort(gap_to_full_score) descen
> ding label(labsize(small))) ///
>         bar(1, color("211 118 35")) blabel(bar, format(%4.2f) size(small)) //
> /
>         yscale(range(0 1)) ylabel(0(.2)1, format(%3.1f) grid) ///
>         ytitle("Gap to full score (1 - mean)") ///
>         title("Priority implementation gaps at baseline", size(medsmall)) ///
>         note("Larger gaps identify areas with greater baseline room for train
> ing and implementation support.", size(vsmall))

.     graph export "`fig_dir'/fig_04_priority_gaps.png", width(2600) replace
file C:\Users\jzava\AppData\Local\Temp\stata_worker_default_7505d64a54_74609fe5
> bb_opml03wf//phase1_baseline_figures/fig_04_priority_gaps.png written in PNG 
> format

.     graph export "`fig_dir'/fig_04_priority_gaps.pdf", replace
file
    C:\Users\jzava\AppData\Local\Temp\stata_worker_default_7505d64a54_74609fe
    > 5bb_opml03wf//phase1_baseline_figures/fig_04_priority_gaps.pdf saved as
    PDF format

. restore

. 
. * 3.4 Mentor-readiness distribution
. histogram idx_p1_base_mentor_ready_proxy, percent width(.05) start(0) ///
>     xline(.75, lpattern(dash)) ///
>     xtitle("Baseline mentor-readiness proxy, 0-1") ///
>     ytitle("Percent of LC chairpersons") ///
>     title("Distribution of baseline mentor-readiness proxy", size(medsmall)) 
> ///
>     note("The 0.75 line is a descriptive flag, not a final mentor eligibility
>  rule.", size(vsmall))
(bin=17, start=0, width=.05)

. graph export "`fig_dir'/fig_05_mentor_readiness_distribution.png", width(2600
> ) replace
file C:\Users\jzava\AppData\Local\Temp\stata_worker_default_7505d64a54_74609fe5
> bb_opml03wf//phase1_baseline_figures/fig_05_mentor_readiness_distribution.png
>  written in PNG format

. graph export "`fig_dir'/fig_05_mentor_readiness_distribution.pdf", replace
file
    C:\Users\jzava\AppData\Local\Temp\stata_worker_default_7505d64a54_74609fe
    > 5bb_opml03wf//phase1_baseline_figures/fig_05_mentor_readiness_distribut
    > ion.pdf saved as PDF format

. 
. * 3.5 High-capacity flags
. aju_mean_table `high_flags', sheet("high_capacity_flags") module("High-capaci
> ty descriptive flags") ///
>     graph("fig_06_high_capacity_flags") ///
>     title("Share of chairpersons above high-capacity thresholds")
(file
    C:\Users\jzava\AppData\Local\Temp\stata_worker_default_7505d64a54_74609fe
    > 5bb_opml03wf\ST_e880_000035.tmp not found)
(0 observations deleted)
file C:\Users\jzava\AppData\Local\Temp\stata_worker_default_7505d64a54_74609fe5
> bb_opml03wf//phase1_baseline_executive_results.xlsx saved
file C:\Users\jzava\AppData\Local\Temp\stata_worker_default_7505d64a54_74609fe5
> bb_opml03wf//phase1_baseline_figures/fig_06_high_capacity_flags.png written i
> n PNG format
file
    C:\Users\jzava\AppData\Local\Temp\stata_worker_default_7505d64a54_74609fe
    > 5bb_opml03wf//phase1_baseline_figures/fig_06_high_capacity_flags.pdf
    saved as PDF format

. 
. * 3.6 Readiness quartiles and domain profiles
. capture drop readiness_quartile

. xtile readiness_quartile = idx_p1_base_mentor_ready_proxy, nq(4)

. label define readiness_q 1 "Q1 lowest readiness" 2 "Q2" 3 "Q3" 4 "Q4 highest 
> readiness", replace

. label values readiness_quartile readiness_q

. label var readiness_quartile "Quartile of baseline mentor-readiness proxy"

. 
. preserve

.     keep readiness_quartile `all_indices' `high_flags'

.     collapse (count) n=idx_p1_base_mentor_ready_proxy ///
>         (mean) `all_indices' `high_flags', by(readiness_quartile)

.     export excel using "`excel_exec'", sheet("readiness_quartiles", replace) 
> firstrow(variables)
file C:\Users\jzava\AppData\Local\Temp\stata_worker_default_7505d64a54_74609fe5
> bb_opml03wf//phase1_baseline_executive_results.xlsx saved

. restore

. 
. * 3.7 Descriptive district differences in main indices
. tempfile district_tests

. tempname dt

. postfile `dt' str80 outcome str160 label double p_value using `district_tests
> ', replace
(file
    C:\Users\jzava\AppData\Local\Temp\stata_worker_default_7505d64a54_74609fe
    > 5bb_opml03wf\ST_e880_000036.tmp not found)

. foreach v of local all_indices {
  2.     capture confirm numeric variable `v'
  3.     if !_rc {
  4.         quietly regress `v' i.district_id
  5.         quietly testparm i.district_id
  6.         local vl : variable label `v'
  7.         if `"`vl'"' == "" local vl "`v'"
  8.         post `dt' (`"`v'"') (`"`vl'"') (r(p))
  9.     }
 10. }

. postclose `dt'

. preserve

.     use `district_tests', clear

.     export excel using "`excel_exec'", sheet("district_diff_tests", replace) 
> firstrow(variables)
file C:\Users\jzava\AppData\Local\Temp\stata_worker_default_7505d64a54_74609fe5
> bb_opml03wf//phase1_baseline_executive_results.xlsx saved

. restore

. 
. 
. *----------------------------------------------------------------------------
> --*
. **# 4. Chairperson profile and pre-training exposure
. *----------------------------------------------------------------------------
> --*
. 
. local chair_profile ///
>     respondent_female ///
>     completed_secondary_or_above ///
>     education_score ///
>     lc_experience_years ///
>     lc_experience_score ///
>     record_literacy_score ///
>     can_record_english ///
>     can_record_runyankore ///
>     cannot_complete_records ///
>     prior_justice_training ///
>     prior_formal_coordination ///
>     prior_cdfu_fhri_training ///
>     n_prior_training_topics ///
>     case_experience_score ///
>     handled_child_or_sgbv_case ///
>     weekly_lc_time_score ///
>     idx_respondent_capacity

. 
. aju_mean_table `chair_profile', sheet("chair_profile") module("LC chairperson
>  profile") ///
>     graph("fig_07_chairperson_profile") ///
>     title("Chairperson profile: capacity and prior exposure")
(file
    C:\Users\jzava\AppData\Local\Temp\stata_worker_default_7505d64a54_74609fe
    > 5bb_opml03wf\ST_e880_000038.tmp not found)
(0 observations deleted)
file C:\Users\jzava\AppData\Local\Temp\stata_worker_default_7505d64a54_74609fe5
> bb_opml03wf//phase1_baseline_executive_results.xlsx saved
file C:\Users\jzava\AppData\Local\Temp\stata_worker_default_7505d64a54_74609fe5
> bb_opml03wf//phase1_baseline_figures/fig_07_chairperson_profile.png written i
> n PNG format
file
    C:\Users\jzava\AppData\Local\Temp\stata_worker_default_7505d64a54_74609fe
    > 5bb_opml03wf//phase1_baseline_figures/fig_07_chairperson_profile.pdf
    saved as PDF format

. 
. preserve

.     keep canonical_district `chair_profile'

.     collapse (count) n=idx_respondent_capacity (mean) `chair_profile', by(can
> onical_district)

.     export excel using "`excel_exec'", sheet("chair_profile_district", replac
> e) firstrow(variables)
file C:\Users\jzava\AppData\Local\Temp\stata_worker_default_7505d64a54_74609fe5
> bb_opml03wf//phase1_baseline_executive_results.xlsx saved

. restore

. 
. 
. *----------------------------------------------------------------------------
> --*
. **# 5. Institutional functioning and operational readiness
. *----------------------------------------------------------------------------
> --*
. 
. local institutional_vars ///
>     lcc_members_total ///
>     lcc_women_members ///
>     lcc_women_share ///
>     lcc_has_woman_member ///
>     lcc_has_vacancy ///
>     lcc_vacancies_count ///
>     lcc_sittings_12m ///
>     meeting_frequency_score ///
>     quorum_score ///
>     fixed_place_score ///
>     inst_record_exist_score ///
>     inst_record_uptodate_score ///
>     materials_score ///
>     n_materials_missing ///
>     record_seen_score_m2 ///
>     recent_entries_uptodate_score_m2 ///
>     idx_institutional_functioning

. 
. aju_mean_table `institutional_vars', sheet("institutional_function") module("
> Institutional functioning") ///
>     graph("fig_08_institutional_functioning") ///
>     title("Institutional functioning and operational readiness")
(file
    C:\Users\jzava\AppData\Local\Temp\stata_worker_default_7505d64a54_74609fe
    > 5bb_opml03wf\ST_e880_000039.tmp not found)
(1 observation deleted)
file C:\Users\jzava\AppData\Local\Temp\stata_worker_default_7505d64a54_74609fe5
> bb_opml03wf//phase1_baseline_executive_results.xlsx saved
file C:\Users\jzava\AppData\Local\Temp\stata_worker_default_7505d64a54_74609fe5
> bb_opml03wf//phase1_baseline_figures/fig_08_institutional_functioning.png wri
> tten in PNG format
file
    C:\Users\jzava\AppData\Local\Temp\stata_worker_default_7505d64a54_74609fe
    > 5bb_opml03wf//phase1_baseline_figures/fig_08_institutional_functioning.
    > pdf saved as PDF format

. 
. preserve

.     keep canonical_district `institutional_vars'

.     collapse (count) n=idx_institutional_functioning (mean) `institutional_va
> rs', by(canonical_district)

.     export excel using "`excel_exec'", sheet("institutional_by_district", rep
> lace) firstrow(variables)
file C:\Users\jzava\AppData\Local\Temp\stata_worker_default_7505d64a54_74609fe5
> bb_opml03wf//phase1_baseline_executive_results.xlsx saved

. restore

. 
. 
. *----------------------------------------------------------------------------
> --*
. **# 6. Caseload and dispute profile
. *----------------------------------------------------------------------------
> --*
. 
. local caseload_vars ///
>     caseload_30d ///
>     caseload_3m ///
>     pending_cases ///
>     pending_share_3m ///
>     directly_brought_cases_3m ///
>     directly_brought_share_3m ///
>     n_case_types_received_3m ///
>     any_child_or_sgbv_case_3m ///
>     any_reintegration_case_3m ///
>     any_serious_or_sensitive_case_3m ///
>     petty_case_share_score ///
>     caseload_accuracy_score

. 
. aju_mean_table `caseload_vars', sheet("caseload_summary") module("Caseload an
> d dispute profile") ///
>     graph("fig_09_caseload_selected") ///
>     title("Caseload and sensitive-case exposure")
(file
    C:\Users\jzava\AppData\Local\Temp\stata_worker_default_7505d64a54_74609fe
    > 5bb_opml03wf\ST_e880_00003a.tmp not found)
(0 observations deleted)
file C:\Users\jzava\AppData\Local\Temp\stata_worker_default_7505d64a54_74609fe5
> bb_opml03wf//phase1_baseline_executive_results.xlsx saved
file C:\Users\jzava\AppData\Local\Temp\stata_worker_default_7505d64a54_74609fe5
> bb_opml03wf//phase1_baseline_figures/fig_09_caseload_selected.png written in 
> PNG format
file
    C:\Users\jzava\AppData\Local\Temp\stata_worker_default_7505d64a54_74609fe
    > 5bb_opml03wf//phase1_baseline_figures/fig_09_caseload_selected.pdf
    saved as PDF format

. 
. preserve

.     keep canonical_district `caseload_vars'

.     collapse (count) n=caseload_3m (mean) `caseload_vars' ///
>         (p50) median_caseload_3m=caseload_3m, by(canonical_district)

.     export excel using "`excel_exec'", sheet("caseload_by_district", replace)
>  firstrow(variables)
file C:\Users\jzava\AppData\Local\Temp\stata_worker_default_7505d64a54_74609fe5
> bb_opml03wf//phase1_baseline_executive_results.xlsx saved

. restore

. 
. histogram caseload_3m if !missing(caseload_3m), frequency discrete ///
>     xtitle("Cases received in past 3 months") ///
>     ytitle("Number of LC chairpersons") ///
>     title("Distribution of 3-month LCC caseload", size(medsmall))
(start=0, width=1)

. graph export "`fig_dir'/fig_10_caseload_3m_distribution.png", width(2600) rep
> lace
file C:\Users\jzava\AppData\Local\Temp\stata_worker_default_7505d64a54_74609fe5
> bb_opml03wf//phase1_baseline_figures/fig_10_caseload_3m_distribution.png writ
> ten in PNG format

. graph export "`fig_dir'/fig_10_caseload_3m_distribution.pdf", replace
file
    C:\Users\jzava\AppData\Local\Temp\stata_worker_default_7505d64a54_74609fe
    > 5bb_opml03wf//phase1_baseline_figures/fig_10_caseload_3m_distribution.p
    > df saved as PDF format

. 
. histogram caseload_3m if !missing(caseload_3m) & caseload_3m <= 15, frequency
>  discrete ///
>     xtitle("Cases received in past 3 months") ///
>     ytitle("Number of LC chairpersons") ///
>     title("Distribution of 3-month LCC caseload, excluding extreme outlier", 
> size(medsmall)) ///
>     note("Zoomed to 0-15 cases so the main distribution is visible; see outli
> er table for high values.", size(vsmall))
(start=0, width=1)

. graph export "`fig_dir'/fig_10b_caseload_3m_zoom.png", width(2600) replace
file C:\Users\jzava\AppData\Local\Temp\stata_worker_default_7505d64a54_74609fe5
> bb_opml03wf//phase1_baseline_figures/fig_10b_caseload_3m_zoom.png written in 
> PNG format

. graph export "`fig_dir'/fig_10b_caseload_3m_zoom.pdf", replace
file
    C:\Users\jzava\AppData\Local\Temp\stata_worker_default_7505d64a54_74609fe
    > 5bb_opml03wf//phase1_baseline_figures/fig_10b_caseload_3m_zoom.pdf
    saved as PDF format

. 
. preserve

.     keep if !missing(caseload_3m) & caseload_3m > 15
(129 observations deleted)

.     if _N > 0 {
.         keep survey_record_id submission_key interview_date enum canonical_di
> strict canonical_subcounty canonical_parish canonical_village ///
>             duration_min caseload_30d caseload_3m pending_cases flag_pending_
> gt_3m flag_any_data_quality_issue
.         gsort -caseload_3m canonical_district canonical_subcounty canonical_p
> arish canonical_village
.         export excel using "`excel_exec'", sheet("caseload_outliers", replace
> ) firstrow(variables)
.     }

.     else {
.         putexcel set "`excel_exec'", sheet("caseload_outliers", replace) modi
> fy
.         putexcel A1 = "No observations exceeded 15 cases in the prior three m
> onths."
file C:\Users\jzava\AppData\Local\Temp\stata_worker_default_7505d64a54_74609fe5
> bb_opml03wf//phase1_baseline_executive_results.xlsx saved
.         putexcel clear
.     }

. restore

. 
. local case_type_vars ///
>     m3_q04_1 m3_q04_2 m3_q04_3 m3_q04_4 m3_q04_5 ///
>     m3_q04_6 m3_q04_7 m3_q04_8 m3_q04_9 m3_q04_10

. 
. aju_mean_table `case_type_vars', sheet("case_types_3m") module("Case types re
> ceived in past 3 months") ///
>     graph("fig_11_case_types_3m") ///
>     title("Types of cases received in past 3 months")
(file
    C:\Users\jzava\AppData\Local\Temp\stata_worker_default_7505d64a54_74609fe
    > 5bb_opml03wf\ST_e880_00003c.tmp not found)
(0 observations deleted)
file C:\Users\jzava\AppData\Local\Temp\stata_worker_default_7505d64a54_74609fe5
> bb_opml03wf//phase1_baseline_executive_results.xlsx saved
file C:\Users\jzava\AppData\Local\Temp\stata_worker_default_7505d64a54_74609fe5
> bb_opml03wf//phase1_baseline_figures/fig_11_case_types_3m.png written in PNG 
> format
file
    C:\Users\jzava\AppData\Local\Temp\stata_worker_default_7505d64a54_74609fe
    > 5bb_opml03wf//phase1_baseline_figures/fig_11_case_types_3m.pdf saved as
    PDF format

. 
. 
. *----------------------------------------------------------------------------
> --*
. **# 7. Legal mandate, classification, and vignette performance
. *----------------------------------------------------------------------------
> --*
. 
. local legal_vars ///
>     m4_q01_local_scope_score ///
>     m4_q02_referral_scope_score ///
>     m4_q04_correct_refer ///
>     m4_q05_documentation_score ///
>     m4_q06_procedure_score ///
>     m4_q07_correct_adr_scope ///
>     m4_q08_authority_score ///
>     classification_confidence_score ///
>     idx_vignette_classification ///
>     idx_safeguard_classif_know ///
>     idx_legal_classif_knowledge

. 
. aju_mean_table `legal_vars', sheet("legal_knowledge") module("Legal mandate a
> nd classification knowledge") ///
>     graph("fig_12_legal_knowledge") ///
>     title("Legal mandate, referral, and procedural knowledge")
(file
    C:\Users\jzava\AppData\Local\Temp\stata_worker_default_7505d64a54_74609fe
    > 5bb_opml03wf\ST_e880_00003c.tmp not found)
(0 observations deleted)
file C:\Users\jzava\AppData\Local\Temp\stata_worker_default_7505d64a54_74609fe5
> bb_opml03wf//phase1_baseline_executive_results.xlsx saved
file C:\Users\jzava\AppData\Local\Temp\stata_worker_default_7505d64a54_74609fe5
> bb_opml03wf//phase1_baseline_figures/fig_12_legal_knowledge.png written in PN
> G format
file
    C:\Users\jzava\AppData\Local\Temp\stata_worker_default_7505d64a54_74609fe
    > 5bb_opml03wf//phase1_baseline_figures/fig_12_legal_knowledge.pdf saved
    as PDF format

. 
. local vignette_vars ///
>     v01_boundary_q1_correct ///
>     v01_boundary_q2_correct ///
>     v01_boundary_q3_correct ///
>     v02_family_q1_correct ///
>     v02_family_q2_correct ///
>     v02_family_q3_correct ///
>     v05_child_q1_correct ///
>     v05_child_q2_correct ///
>     v05_child_q3_correct ///
>     v06_sgbv_q1_correct ///
>     v06_sgbv_q2_correct ///
>     v06_sgbv_q3_correct

. 
. aju_mean_table `vignette_vars', sheet("vignette_performance") module("Case-vi
> gnette performance") ///
>     graph("fig_13_vignette_performance") ///
>     title("Performance on case-classification vignettes")
(file
    C:\Users\jzava\AppData\Local\Temp\stata_worker_default_7505d64a54_74609fe
    > 5bb_opml03wf\ST_e880_00003c.tmp not found)
(0 observations deleted)
file C:\Users\jzava\AppData\Local\Temp\stata_worker_default_7505d64a54_74609fe5
> bb_opml03wf//phase1_baseline_executive_results.xlsx saved
file C:\Users\jzava\AppData\Local\Temp\stata_worker_default_7505d64a54_74609fe5
> bb_opml03wf//phase1_baseline_figures/fig_13_vignette_performance.png written 
> in PNG format
file
    C:\Users\jzava\AppData\Local\Temp\stata_worker_default_7505d64a54_74609fe
    > 5bb_opml03wf//phase1_baseline_figures/fig_13_vignette_performance.pdf
    saved as PDF format

. 
. * Report-ready scenario summary highlights child-protection and SGBV weakness
> es.
. preserve

.     egen vignette_boundary = rowmean(v01_boundary_q1_correct v01_boundary_q2_
> correct v01_boundary_q3_correct)

.     egen vignette_family   = rowmean(v02_family_q1_correct v02_family_q2_corr
> ect v02_family_q3_correct)

.     egen vignette_child    = rowmean(v05_child_q1_correct v05_child_q2_correc
> t v05_child_q3_correct)

.     egen vignette_sgbv     = rowmean(v06_sgbv_q1_correct v06_sgbv_q2_correct 
> v06_sgbv_q3_correct)

.     keep vignette_*

.     collapse (mean) vignette_*

.     gen id = 1

.     reshape long vignette_, i(id) j(scenario) string
(j = boundary child family sgbv)

Data                               Wide   ->   Long
-----------------------------------------------------------------------------
Number of observations                1   ->   4           
Number of variables                   5   ->   3           
j variable (4 values)                     ->   scenario
xij variables:
vignette_boundary vignette_child ... vignette_sgbv->vignette_
-----------------------------------------------------------------------------

.     rename vignette_ mean

.     replace scenario = "Boundary dispute" if scenario == "boundary"
variable scenario was str8 now str16
(1 real change made)

.     replace scenario = "Family dispute" if scenario == "family"
(1 real change made)

.     replace scenario = "Child-protection case" if scenario == "child"
variable scenario was str16 now str21
(1 real change made)

.     replace scenario = "SGBV case" if scenario == "sgbv"
(1 real change made)

.     graph hbar mean, over(scenario, sort(mean) descending label(labsize(small
> ))) ///
>         bar(1, color("32 87 129")) blabel(bar, format(%4.2f) size(small)) ///
>         yscale(range(0 1)) ylabel(0(.2)1, format(%3.1f) grid) ///
>         ytitle("Mean correct response across classification, action, and docu
> mentation (0-1)") ///
>         title("Case-vignette performance", size(medsmall)) ///
>         note("Sensitive cases are shown alongside ordinary disputes to identi
> fy safeguarding training needs.", size(vsmall))

.     graph export "`fig_dir'/fig_13_vignette_performance.png", width(2800) rep
> lace
file C:\Users\jzava\AppData\Local\Temp\stata_worker_default_7505d64a54_74609fe5
> bb_opml03wf//phase1_baseline_figures/fig_13_vignette_performance.png written 
> in PNG format

.     graph export "`fig_dir'/fig_13_vignette_performance.pdf", replace
file
    C:\Users\jzava\AppData\Local\Temp\stata_worker_default_7505d64a54_74609fe
    > 5bb_opml03wf//phase1_baseline_figures/fig_13_vignette_performance.pdf
    saved as PDF format

. restore

. 
. 
. *----------------------------------------------------------------------------
> --*
. **# 8. ADR and mediation practice
. *----------------------------------------------------------------------------
> --*
. 
. local adr_vars ///
>     m5_q01_score ///
>     m5_q02_score ///
>     m5_q03_score ///
>     m5_q06_score ///
>     m5_q07_score ///
>     adr_confidence_score ///
>     deescalation_confidence_score ///
>     n_adr_methods ///
>     adr_methods_score ///
>     n_adr_barriers ///
>     noncomp_response_app ///
>     m5_q14_score ///
>     m5_q16_score ///
>     idx_adr_mediation_practice

. 
. aju_mean_table `adr_vars', sheet("adr_mediation") module("ADR and mediation p
> ractice") ///
>     graph("fig_14_adr_mediation") ///
>     title("ADR and mediation practice")
(file
    C:\Users\jzava\AppData\Local\Temp\stata_worker_default_7505d64a54_74609fe
    > 5bb_opml03wf\ST_e880_00003d.tmp not found)
(0 observations deleted)
file C:\Users\jzava\AppData\Local\Temp\stata_worker_default_7505d64a54_74609fe5
> bb_opml03wf//phase1_baseline_executive_results.xlsx saved
file C:\Users\jzava\AppData\Local\Temp\stata_worker_default_7505d64a54_74609fe5
> bb_opml03wf//phase1_baseline_figures/fig_14_adr_mediation.png written in PNG 
> format
file
    C:\Users\jzava\AppData\Local\Temp\stata_worker_default_7505d64a54_74609fe
    > 5bb_opml03wf//phase1_baseline_figures/fig_14_adr_mediation.pdf saved as
    PDF format

. 
. local adr_barrier_vars ///
>     m5_q11_1 m5_q11_2 m5_q11_3 m5_q11_4 m5_q11_5 ///
>     m5_q11_6 m5_q11_7 m5_q11_8 m5_q11_9

. 
. aju_mean_table `adr_barrier_vars', sheet("adr_barriers") module("ADR barriers
> ") ///
>     graph("fig_15_adr_barriers") ///
>     title("Reported barriers to local mediation/ADR")
(file
    C:\Users\jzava\AppData\Local\Temp\stata_worker_default_7505d64a54_74609fe
    > 5bb_opml03wf\ST_e880_00003d.tmp not found)
(0 observations deleted)
file C:\Users\jzava\AppData\Local\Temp\stata_worker_default_7505d64a54_74609fe5
> bb_opml03wf//phase1_baseline_executive_results.xlsx saved
file C:\Users\jzava\AppData\Local\Temp\stata_worker_default_7505d64a54_74609fe5
> bb_opml03wf//phase1_baseline_figures/fig_15_adr_barriers.png written in PNG f
> ormat
file
    C:\Users\jzava\AppData\Local\Temp\stata_worker_default_7505d64a54_74609fe
    > 5bb_opml03wf//phase1_baseline_figures/fig_15_adr_barriers.pdf saved as
    PDF format

. 
. local adr_method_vars ///
>     m5_q13_1 m5_q13_2 m5_q13_3 m5_q13_4 ///
>     m5_q13_5 m5_q13_6 m5_q13_7 m5_q13_8

. 
. aju_mean_table `adr_method_vars', sheet("adr_methods") module("ADR/local reso
> lution methods") ///
>     graph("fig_16_adr_methods") ///
>     title("ADR/local resolution methods used")
(file
    C:\Users\jzava\AppData\Local\Temp\stata_worker_default_7505d64a54_74609fe
    > 5bb_opml03wf\ST_e880_00003d.tmp not found)
(0 observations deleted)
file C:\Users\jzava\AppData\Local\Temp\stata_worker_default_7505d64a54_74609fe5
> bb_opml03wf//phase1_baseline_executive_results.xlsx saved
file C:\Users\jzava\AppData\Local\Temp\stata_worker_default_7505d64a54_74609fe5
> bb_opml03wf//phase1_baseline_figures/fig_16_adr_methods.png written in PNG fo
> rmat
file
    C:\Users\jzava\AppData\Local\Temp\stata_worker_default_7505d64a54_74609fe
    > 5bb_opml03wf//phase1_baseline_figures/fig_16_adr_methods.pdf saved as
    PDF format

. 
. 
. *----------------------------------------------------------------------------
> --*
. **# 9. Referral practice and coordination
. *----------------------------------------------------------------------------
> --*
. 
. local referral_vars ///
>     referral_frequency_score ///
>     referral_documentation_score ///
>     referral_feedback_score ///
>     police_coordination_score ///
>     court_coordination_score ///
>     referral_path_conf_score ///
>     referral_explain_conf_score ///
>     verified_referral_record_score ///
>     verified_ref_dest_score ///
>     n_referral_reasons ///
>     n_referral_barriers ///
>     no_major_referral_barriers ///
>     idx_referral_practice

. 
. aju_mean_table `referral_vars', sheet("referral_practice") module("Referral p
> ractice and coordination") ///
>     graph("fig_17_referral_practice") ///
>     title("Referral practice, coordination, and documentation")
(file
    C:\Users\jzava\AppData\Local\Temp\stata_worker_default_7505d64a54_74609fe
    > 5bb_opml03wf\ST_e880_00003d.tmp not found)
(0 observations deleted)
file C:\Users\jzava\AppData\Local\Temp\stata_worker_default_7505d64a54_74609fe5
> bb_opml03wf//phase1_baseline_executive_results.xlsx saved
file C:\Users\jzava\AppData\Local\Temp\stata_worker_default_7505d64a54_74609fe5
> bb_opml03wf//phase1_baseline_figures/fig_17_referral_practice.png written in 
> PNG format
file
    C:\Users\jzava\AppData\Local\Temp\stata_worker_default_7505d64a54_74609fe
    > 5bb_opml03wf//phase1_baseline_figures/fig_17_referral_practice.pdf
    saved as PDF format

. 
. local referral_reason_vars ///
>     m6_q04_1 m6_q04_2 m6_q04_3 m6_q04_4 ///
>     m6_q04_5 m6_q04_6 m6_q04_7 m6_q04_8

. 
. aju_mean_table `referral_reason_vars', sheet("referral_reasons") module("Reas
> ons for referral") ///
>     graph("fig_18_referral_reasons") ///
>     title("Reasons LC chairpersons refer cases onward")
(file
    C:\Users\jzava\AppData\Local\Temp\stata_worker_default_7505d64a54_74609fe
    > 5bb_opml03wf\ST_e880_00003d.tmp not found)
(0 observations deleted)
file C:\Users\jzava\AppData\Local\Temp\stata_worker_default_7505d64a54_74609fe5
> bb_opml03wf//phase1_baseline_executive_results.xlsx saved
file C:\Users\jzava\AppData\Local\Temp\stata_worker_default_7505d64a54_74609fe5
> bb_opml03wf//phase1_baseline_figures/fig_18_referral_reasons.png written in P
> NG format
file
    C:\Users\jzava\AppData\Local\Temp\stata_worker_default_7505d64a54_74609fe
    > 5bb_opml03wf//phase1_baseline_figures/fig_18_referral_reasons.pdf saved
    as PDF format

. 
. local referral_barrier_vars ///
>     m6_q12_1 m6_q12_2 m6_q12_3 m6_q12_4 m6_q12_5 ///
>     m6_q12_6 m6_q12_7 m6_q12_8 m6_q12_9 m6_q12_10 m6_q12_11

. 
. aju_mean_table `referral_barrier_vars', sheet("referral_barriers") module("Re
> ferral barriers") ///
>     graph("fig_19_referral_barriers") ///
>     title("Reported barriers to referral")
(file
    C:\Users\jzava\AppData\Local\Temp\stata_worker_default_7505d64a54_74609fe
    > 5bb_opml03wf\ST_e880_00003d.tmp not found)
(0 observations deleted)
file C:\Users\jzava\AppData\Local\Temp\stata_worker_default_7505d64a54_74609fe5
> bb_opml03wf//phase1_baseline_executive_results.xlsx saved
file C:\Users\jzava\AppData\Local\Temp\stata_worker_default_7505d64a54_74609fe5
> bb_opml03wf//phase1_baseline_figures/fig_19_referral_barriers.png written in 
> PNG format
file
    C:\Users\jzava\AppData\Local\Temp\stata_worker_default_7505d64a54_74609fe
    > 5bb_opml03wf//phase1_baseline_figures/fig_19_referral_barriers.pdf
    saved as PDF format

. 
. 
. *----------------------------------------------------------------------------
> --*
. **# 10. Record-keeping and case management
. *----------------------------------------------------------------------------
> --*
. 
. local record_vars ///
>     case_register_score ///
>     record_type_breadth_score ///
>     record_uptodate_score ///
>     most_recent_entry_score ///
>     record_fields_score ///
>     outcome_recorded_score ///
>     record_retrieval_score ///
>     secure_storage_score ///
>     records_access_open_to_community ///
>     n_record_challenges ///
>     no_major_record_challenges ///
>     verified_case_register_score ///
>     verified_proceedings_score ///
>     verified_storage_score ///
>     verified_record_usability_score ///
>     idx_record_quality

. 
. aju_mean_table `record_vars', sheet("record_quality") module("Record-keeping 
> and case management") ///
>     graph("fig_20_record_quality") ///
>     title("Record-keeping and case-management quality")
(file
    C:\Users\jzava\AppData\Local\Temp\stata_worker_default_7505d64a54_74609fe
    > 5bb_opml03wf\ST_e880_00003d.tmp not found)
(0 observations deleted)
file C:\Users\jzava\AppData\Local\Temp\stata_worker_default_7505d64a54_74609fe5
> bb_opml03wf//phase1_baseline_executive_results.xlsx saved
file C:\Users\jzava\AppData\Local\Temp\stata_worker_default_7505d64a54_74609fe5
> bb_opml03wf//phase1_baseline_figures/fig_20_record_quality.png written in PNG
>  format
file
    C:\Users\jzava\AppData\Local\Temp\stata_worker_default_7505d64a54_74609fe
    > 5bb_opml03wf//phase1_baseline_figures/fig_20_record_quality.pdf saved
    as PDF format

. 
. local record_challenge_vars ///
>     m7_q15_1 m7_q15_2 m7_q15_3 m7_q15_4 ///
>     m7_q15_5 m7_q15_6 m7_q15_7 m7_q15_8 m7_q15_9

. 
. aju_mean_table `record_challenge_vars', sheet("record_challenges") module("Re
> cord-keeping challenges") ///
>     graph("fig_21_record_challenges") ///
>     title("Reported record-keeping challenges")
(file
    C:\Users\jzava\AppData\Local\Temp\stata_worker_default_7505d64a54_74609fe
    > 5bb_opml03wf\ST_e880_00003d.tmp not found)
(0 observations deleted)
file C:\Users\jzava\AppData\Local\Temp\stata_worker_default_7505d64a54_74609fe5
> bb_opml03wf//phase1_baseline_executive_results.xlsx saved
file C:\Users\jzava\AppData\Local\Temp\stata_worker_default_7505d64a54_74609fe5
> bb_opml03wf//phase1_baseline_figures/fig_21_record_challenges.png written in 
> PNG format
file
    C:\Users\jzava\AppData\Local\Temp\stata_worker_default_7505d64a54_74609fe
    > 5bb_opml03wf//phase1_baseline_figures/fig_21_record_challenges.pdf
    saved as PDF format

. 
. 
. *----------------------------------------------------------------------------
> --*
. **# 11. Committee functioning and collective decision-making
. *----------------------------------------------------------------------------
> --*
. 
. local committee_vars ///
>     collective_handling_score ///
>     active_member_part_score ///
>     collective_discussion_score ///
>     women_participation_score ///
>     women_perspective_mechanism ///
>     record_validation_score ///
>     case_review_score ///
>     decision_process_score ///
>     similar_case_consistency_score ///
>     procedure_confidence_score ///
>     n_committee_challenges ///
>     no_major_committee_challenges ///
>     verified_member_part_score ///
>     verified_multimember_val_score ///
>     idx_committee_functioning

. 
. aju_mean_table `committee_vars', sheet("committee_function") module("Committe
> e functioning and collective decision-making") ///
>     graph("fig_22_committee_functioning") ///
>     title("Committee functioning and collective decision-making")
(file
    C:\Users\jzava\AppData\Local\Temp\stata_worker_default_7505d64a54_74609fe
    > 5bb_opml03wf\ST_e880_00003d.tmp not found)
(0 observations deleted)
file C:\Users\jzava\AppData\Local\Temp\stata_worker_default_7505d64a54_74609fe5
> bb_opml03wf//phase1_baseline_executive_results.xlsx saved
file C:\Users\jzava\AppData\Local\Temp\stata_worker_default_7505d64a54_74609fe5
> bb_opml03wf//phase1_baseline_figures/fig_22_committee_functioning.png written
>  in PNG format
file
    C:\Users\jzava\AppData\Local\Temp\stata_worker_default_7505d64a54_74609fe
    > 5bb_opml03wf//phase1_baseline_figures/fig_22_committee_functioning.pdf
    saved as PDF format

. 
. local committee_challenge_vars ///
>     m8_q15_1 m8_q15_2 m8_q15_3 m8_q15_4 m8_q15_5 ///
>     m8_q15_6 m8_q15_7 m8_q15_8 m8_q15_9 m8_q15_10

. 
. aju_mean_table `committee_challenge_vars', sheet("committee_challenges") modu
> le("Committee-functioning challenges") ///
>     graph("fig_23_committee_challenges") ///
>     title("Reported committee-functioning challenges")
(file
    C:\Users\jzava\AppData\Local\Temp\stata_worker_default_7505d64a54_74609fe
    > 5bb_opml03wf\ST_e880_00003d.tmp not found)
(0 observations deleted)
file C:\Users\jzava\AppData\Local\Temp\stata_worker_default_7505d64a54_74609fe5
> bb_opml03wf//phase1_baseline_executive_results.xlsx saved
file C:\Users\jzava\AppData\Local\Temp\stata_worker_default_7505d64a54_74609fe5
> bb_opml03wf//phase1_baseline_figures/fig_23_committee_challenges.png written 
> in PNG format
file
    C:\Users\jzava\AppData\Local\Temp\stata_worker_default_7505d64a54_74609fe
    > 5bb_opml03wf//phase1_baseline_figures/fig_23_committee_challenges.pdf
    saved as PDF format

. 
. 
. *----------------------------------------------------------------------------
> --*
. **# 12. Procedural fairness, perceived legitimacy, and bypassing
. *----------------------------------------------------------------------------
> --*
. 
. local legitimacy_vars ///
>     perceived_lcc_fairness_score ///
>     perc_willing_use_lcc_score ///
>     bypass_frequency_score ///
>     low_bypass_score ///
>     perc_favor_influence_score ///
>     low_favoritism_influence_score ///
>     conf_trust_when_referring ///
>     conf_fair_respect_score ///
>     bypass_due_distrust ///
>     bypass_due_bias ///
>     bypass_due_enforcement ///
>     bypass_due_mandate_uncertainty ///
>     bypass_due_serious_case ///
>     eligible_cases_rarely_bypass ///
>     idx_perceived_legitimacy

. 
. aju_mean_table `legitimacy_vars', sheet("legitimacy_bypass") module("Legitima
> cy and bypassing") ///
>     graph("fig_24_legitimacy_bypass") ///
>     title("Perceived legitimacy, bypassing, and fairness risks")
(file
    C:\Users\jzava\AppData\Local\Temp\stata_worker_default_7505d64a54_74609fe
    > 5bb_opml03wf\ST_e880_00003d.tmp not found)
(0 observations deleted)
file C:\Users\jzava\AppData\Local\Temp\stata_worker_default_7505d64a54_74609fe5
> bb_opml03wf//phase1_baseline_executive_results.xlsx saved
file C:\Users\jzava\AppData\Local\Temp\stata_worker_default_7505d64a54_74609fe5
> bb_opml03wf//phase1_baseline_figures/fig_24_legitimacy_bypass.png written in 
> PNG format
file
    C:\Users\jzava\AppData\Local\Temp\stata_worker_default_7505d64a54_74609fe
    > 5bb_opml03wf//phase1_baseline_figures/fig_24_legitimacy_bypass.pdf
    saved as PDF format

. 
. 
. *----------------------------------------------------------------------------
> --*
. **# 13. Safeguards and serious/sensitive-case handling
. *----------------------------------------------------------------------------
> --*
. 
. local safeguards_vars ///
>     vulnerable_need_sh ///
>     idx_safeguard_classif_know ///
>     v05_child_q1_correct ///
>     v05_child_q2_correct ///
>     v05_child_q3_correct ///
>     v06_sgbv_q1_correct ///
>     v06_sgbv_q2_correct ///
>     v06_sgbv_q3_correct ///
>     idx_safeguards

. 
. aju_mean_table `safeguards_vars', sheet("safeguards") module("Safeguards and 
> serious/sensitive-case handling") ///
>     graph("fig_25_safeguards") ///
>     title("Safeguards and serious/sensitive-case handling")
(file
    C:\Users\jzava\AppData\Local\Temp\stata_worker_default_7505d64a54_74609fe
    > 5bb_opml03wf\ST_e880_00003d.tmp not found)
(0 observations deleted)
file C:\Users\jzava\AppData\Local\Temp\stata_worker_default_7505d64a54_74609fe5
> bb_opml03wf//phase1_baseline_executive_results.xlsx saved
file C:\Users\jzava\AppData\Local\Temp\stata_worker_default_7505d64a54_74609fe5
> bb_opml03wf//phase1_baseline_figures/fig_25_safeguards.png written in PNG for
> mat
file
    C:\Users\jzava\AppData\Local\Temp\stata_worker_default_7505d64a54_74609fe
    > 5bb_opml03wf//phase1_baseline_figures/fig_25_safeguards.pdf saved as
    PDF format

. 
. 
. *----------------------------------------------------------------------------
> --*
. **# 14. Reintegration norms and support for formerly incarcerated persons
. *----------------------------------------------------------------------------
> --*
. 
. local reintegration_vars ///
>     reintegration_importance_score ///
>     reintegration_willingness_score ///
>     fair_chance_reintegration_score ///
>     low_exclusion_norm_score ///
>     low_reoffending_stigma_score ///
>     comm_role_reint_score ///
>     reint_mediation_comfort ///
>     connect_support_willing_score ///
>     community_stigma_level_score ///
>     n_reintegration_support_types ///
>     reint_support_breadth_score ///
>     no_reintegration_support_needed ///
>     n_reintegration_barriers ///
>     comm_accepts_ex_prisoner ///
>     recent_reintegration_issue ///
>     reint_tension_conf_score ///
>     reint_referral_conf_score ///
>     reint_comm_justice_role ///
>     idx_reintegration_norms

. 
. aju_mean_table `reintegration_vars', sheet("reintegration_norms") module("Rei
> ntegration norms") ///
>     graph("fig_26_reintegration_norms") ///
>     title("Reintegration norms and support capacity")
(file
    C:\Users\jzava\AppData\Local\Temp\stata_worker_default_7505d64a54_74609fe
    > 5bb_opml03wf\ST_e880_00003d.tmp not found)
(0 observations deleted)
file C:\Users\jzava\AppData\Local\Temp\stata_worker_default_7505d64a54_74609fe5
> bb_opml03wf//phase1_baseline_executive_results.xlsx saved
file C:\Users\jzava\AppData\Local\Temp\stata_worker_default_7505d64a54_74609fe5
> bb_opml03wf//phase1_baseline_figures/fig_26_reintegration_norms.png written i
> n PNG format
file
    C:\Users\jzava\AppData\Local\Temp\stata_worker_default_7505d64a54_74609fe
    > 5bb_opml03wf//phase1_baseline_figures/fig_26_reintegration_norms.pdf
    saved as PDF format

. 
. local reint_support_vars ///
>     m11_q10_1 m11_q10_2 m11_q10_3 m11_q10_4 ///
>     m11_q10_5 m11_q10_6 m11_q10_7 m11_q10_8 m11_q10_9

. 
. aju_mean_table `reint_support_vars', sheet("reint_support_types") module("Rei
> ntegration support types") ///
>     graph("fig_27_reintegration_support") ///
>     title("Support types identified for successful reintegration")
(file
    C:\Users\jzava\AppData\Local\Temp\stata_worker_default_7505d64a54_74609fe
    > 5bb_opml03wf\ST_e880_00003d.tmp not found)
(0 observations deleted)
file C:\Users\jzava\AppData\Local\Temp\stata_worker_default_7505d64a54_74609fe5
> bb_opml03wf//phase1_baseline_executive_results.xlsx saved
file C:\Users\jzava\AppData\Local\Temp\stata_worker_default_7505d64a54_74609fe5
> bb_opml03wf//phase1_baseline_figures/fig_27_reintegration_support.png written
>  in PNG format
file
    C:\Users\jzava\AppData\Local\Temp\stata_worker_default_7505d64a54_74609fe
    > 5bb_opml03wf//phase1_baseline_figures/fig_27_reintegration_support.pdf
    saved as PDF format

. 
. local reint_barrier_vars ///
>     m11_q12_1 m11_q12_2 m11_q12_3 m11_q12_4 ///
>     m11_q12_5 m11_q12_6 m11_q12_7 m11_q12_8 m11_q12_9

. 
. aju_mean_table `reint_barrier_vars', sheet("reint_barriers") module("Reintegr
> ation barriers") ///
>     graph("fig_28_reintegration_barriers") ///
>     title("Perceived barriers to reintegration")
(file
    C:\Users\jzava\AppData\Local\Temp\stata_worker_default_7505d64a54_74609fe
    > 5bb_opml03wf\ST_e880_00003d.tmp not found)
(0 observations deleted)
file C:\Users\jzava\AppData\Local\Temp\stata_worker_default_7505d64a54_74609fe5
> bb_opml03wf//phase1_baseline_executive_results.xlsx saved
file C:\Users\jzava\AppData\Local\Temp\stata_worker_default_7505d64a54_74609fe5
> bb_opml03wf//phase1_baseline_figures/fig_28_reintegration_barriers.png writte
> n in PNG format
file
    C:\Users\jzava\AppData\Local\Temp\stata_worker_default_7505d64a54_74609fe
    > 5bb_opml03wf//phase1_baseline_figures/fig_28_reintegration_barriers.pdf
    saved as PDF format

. 
. 
. *----------------------------------------------------------------------------
> --*
. **# 15. Cross-domain correlations and diagnostic relationships
. *----------------------------------------------------------------------------
> --*
. 
. * 15.1 Correlation matrix of core and composite indices
. preserve

.     keep `all_indices'

.     corr `all_indices'
(obs=129)

             | i~spon~y idx_in~g idx_le~e idx_ad~e idx_re~e i~cord~y idx_co~g
-------------+---------------------------------------------------------------
idx_respon~y |   1.0000
idx_instit~g |   0.3754   1.0000
idx_legal_~e |   0.0071  -0.3594   1.0000
idx_adr_me~e |   0.3696  -0.0109   0.3910   1.0000
idx_referr~e |   0.3562   0.1797   0.1408   0.6214   1.0000
idx_record~y |   0.4380   0.6613  -0.1610   0.2246   0.2966   1.0000
idx_commit~g |   0.3421   0.0126   0.3982   0.6413   0.5126   0.2248   1.0000
idx_percei~y |   0.2242  -0.1043   0.3394   0.5111   0.4133   0.1372   0.5781
idx_safegu~s |   0.0767  -0.2086   0.4148   0.2553   0.1259   0.0145   0.2174
idx_reinte~s |   0.1376  -0.1480   0.4101   0.5592   0.4489   0.0528   0.4966
idx_lcc_op~y |   0.5151   0.7855  -0.1088   0.3332   0.4091   0.9240   0.4562
idx_lcc_ca~y |   0.2899  -0.1387   0.6492   0.7983   0.6456   0.1425   0.6113
idx_lcc_le~s |   0.2132  -0.1406   0.4223   0.6071   0.4893   0.1149   0.6196
idx_p1_bas~y |   0.7468   0.3461   0.3071   0.7177   0.6534   0.5922   0.6930

             | idx_pe~y idx_sa~s idx_re~s i~oper~y i~case~y idx_lc~s idx_p1~y
-------------+---------------------------------------------------------------
idx_percei~y |   1.0000
idx_safegu~s |   0.2139   1.0000
idx_reinte~s |   0.5266   0.3431   1.0000
idx_lcc_op~y |   0.2249  -0.0031   0.1318   1.0000
idx_lcc_ca~y |   0.5130   0.7019   0.6201   0.2253   1.0000
idx_lcc_le~s |   0.9075   0.3080   0.8349   0.2107   0.6385   1.0000
idx_p1_bas~y |   0.6168   0.3560   0.5620   0.7071   0.7232   0.6769   1.0000


.     matrix C = r(C)

.     putexcel set "`excel_exec'", sheet("index_correlation_matrix", replace) m
> odify

.     putexcel A1 = matrix(C), names
file C:\Users\jzava\AppData\Local\Temp\stata_worker_default_7505d64a54_74609fe5
> bb_opml03wf//phase1_baseline_executive_results.xlsx saved

.     putexcel clear

. restore

. 
. * 15.2 Pairwise correlations with mentor-readiness proxy
. tempfile readiness_corrs

. tempname rc

. postfile `rc' str80 variable str160 label long n double corr_with_readiness u
> sing `readiness_corrs', replace
(file
    C:\Users\jzava\AppData\Local\Temp\stata_worker_default_7505d64a54_74609fe
    > 5bb_opml03wf\ST_e880_00003e.tmp not found)

. 
. foreach v of local core_indices {
  2.     capture confirm numeric variable `v'
  3.     if !_rc {
  4.         quietly count if !missing(idx_p1_base_mentor_ready_proxy, `v')
  5.         local n = r(N)
  6.         if `n' > 2 {
  7.             quietly corr idx_p1_base_mentor_ready_proxy `v'
  8.             matrix R = r(C)
  9.             local rho = R[1,2]
 10.         }
 11.         else {
 12.             local rho = .
 13.         }
 14.         local vl : variable label `v'
 15.         if `"`vl'"' == "" local vl "`v'"
 16.         post `rc' (`"`v'"') (`"`vl'"') (`n') (`rho')
 17.     }
 18. }

. postclose `rc'

. 
. preserve

.     use `readiness_corrs', clear

.     gsort -corr_with_readiness

.     export excel using "`excel_exec'", sheet("readiness_correlations", replac
> e) firstrow(variables)
file C:\Users\jzava\AppData\Local\Temp\stata_worker_default_7505d64a54_74609fe5
> bb_opml03wf//phase1_baseline_executive_results.xlsx saved

. 
.     graph hbar corr_with_readiness, over(label, sort(corr_with_readiness) lab
> el(labsize(vsmall))) ///
>         bar(1, color("63 122 120")) ///
>         blabel(bar, format(%4.2f) size(vsmall)) ///
>         ytitle("Correlation with mentor-readiness proxy") ///
>         title("Which baseline domains move with mentor readiness?", size(meds
> mall)) ///
>         note("Diagnostic only: the readiness proxy is mechanically constructe
> d from several component domains.", size(vsmall))

.     graph export "`fig_dir'/fig_29_readiness_correlations.png", width(2600) r
> eplace
file C:\Users\jzava\AppData\Local\Temp\stata_worker_default_7505d64a54_74609fe5
> bb_opml03wf//phase1_baseline_figures/fig_29_readiness_correlations.png writte
> n in PNG format

.     graph export "`fig_dir'/fig_29_readiness_correlations.pdf", replace
file
    C:\Users\jzava\AppData\Local\Temp\stata_worker_default_7505d64a54_74609fe
    > 5bb_opml03wf//phase1_baseline_figures/fig_29_readiness_correlations.pdf
    saved as PDF format

. restore

. 
. * 15.3 Scatterplots for selected diagnostic relationships
. twoway ///
>     (scatter idx_p1_base_mentor_ready_proxy idx_lcc_case_handling_quality, ms
> ize(small)) ///
>     (lfit idx_p1_base_mentor_ready_proxy idx_lcc_case_handling_quality), ///
>     xtitle("Case-handling quality") ///
>     ytitle("Mentor-readiness proxy") ///
>     title("Mentor readiness and case-handling quality", size(medsmall)) ///
>     legend(off)

. graph export "`fig_dir'/fig_30_readiness_vs_case_handling.png", width(2400) r
> eplace
file C:\Users\jzava\AppData\Local\Temp\stata_worker_default_7505d64a54_74609fe5
> bb_opml03wf//phase1_baseline_figures/fig_30_readiness_vs_case_handling.png wr
> itten in PNG format

. graph export "`fig_dir'/fig_30_readiness_vs_case_handling.pdf", replace
file
    C:\Users\jzava\AppData\Local\Temp\stata_worker_default_7505d64a54_74609fe
    > 5bb_opml03wf//phase1_baseline_figures/fig_30_readiness_vs_case_handling
    > .pdf saved as PDF format

. 
. twoway ///
>     (scatter idx_p1_base_mentor_ready_proxy idx_lcc_legitimacy_and_norms, msi
> ze(small)) ///
>     (lfit idx_p1_base_mentor_ready_proxy idx_lcc_legitimacy_and_norms), ///
>     xtitle("Legitimacy and reintegration norms") ///
>     ytitle("Mentor-readiness proxy") ///
>     title("Mentor readiness and legitimacy/norms", size(medsmall)) ///
>     legend(off)

. graph export "`fig_dir'/fig_31_readiness_vs_legitimacy_norms.png", width(2400
> ) replace
file C:\Users\jzava\AppData\Local\Temp\stata_worker_default_7505d64a54_74609fe5
> bb_opml03wf//phase1_baseline_figures/fig_31_readiness_vs_legitimacy_norms.png
>  written in PNG format

. graph export "`fig_dir'/fig_31_readiness_vs_legitimacy_norms.pdf", replace
file
    C:\Users\jzava\AppData\Local\Temp\stata_worker_default_7505d64a54_74609fe
    > 5bb_opml03wf//phase1_baseline_figures/fig_31_readiness_vs_legitimacy_no
    > rms.pdf saved as PDF format

. 
. 
. *----------------------------------------------------------------------------
> --*
. **# 16. Complete all-item tabulations for internal evaluation team
. *----------------------------------------------------------------------------
> --*
. * This workbook is intentionally broader than the main report. It gives
. * Ivan/CDFU and the internal team a complete reference of item-level response
> s.
. 
. putexcel set "`excel_items'", replace sheet("README")
note: file will be replaced when the first putexcel command is issued.

. putexcel A1 = "Advancing Justice Uganda - Phase 1 baseline all-item tabulatio
> ns"
file C:\Users\jzava\AppData\Local\Temp\stata_worker_default_7505d64a54_74609fe5
> bb_opml03wf//phase1_baseline_all_item_tabulations.xlsx saved

. putexcel A3 = "Purpose"
file C:\Users\jzava\AppData\Local\Temp\stata_worker_default_7505d64a54_74609fe5
> bb_opml03wf//phase1_baseline_all_item_tabulations.xlsx saved

. putexcel B3 = "Complete internal reference workbook: numeric summaries and ca
> tegorical tabulations for SurveyCTO raw items and constructed analysis variab
> les."
file C:\Users\jzava\AppData\Local\Temp\stata_worker_default_7505d64a54_74609fe5
> bb_opml03wf//phase1_baseline_all_item_tabulations.xlsx saved

. putexcel A4 = "Caveat"
file C:\Users\jzava\AppData\Local\Temp\stata_worker_default_7505d64a54_74609fe5
> bb_opml03wf//phase1_baseline_all_item_tabulations.xlsx saved

. putexcel B4 = "String/free-text notes are summarized for missingness only, no
> t fully tabulated. Fully missing/not-fielded numeric variables are flagged in
>  numeric_field_status."
file C:\Users\jzava\AppData\Local\Temp\stata_worker_default_7505d64a54_74609fe5
> bb_opml03wf//phase1_baseline_all_item_tabulations.xlsx saved

. putexcel A5 = "Input"
file C:\Users\jzava\AppData\Local\Temp\stata_worker_default_7505d64a54_74609fe5
> bb_opml03wf//phase1_baseline_all_item_tabulations.xlsx saved

. putexcel B5 = "`analysis_data'"
file C:\Users\jzava\AppData\Local\Temp\stata_worker_default_7505d64a54_74609fe5
> bb_opml03wf//phase1_baseline_all_item_tabulations.xlsx saved

. putexcel clear

. 
. * Build broad numeric variable list: raw SurveyCTO items + key constructed va
> riables.
. local all_raw_num ""

. foreach pattern in ///
>     consent enum attend_cdfu_training rating_cdfu_training topics_trained_* /
> //
>     m0_* m1_* m2_* m3_* m4_* m5_* m6_* m7_* m8_* m9_* m10_* m11_* ///
>     respondent_* completed_secondary_or_above education_* lc_experience_* ///
>     record_literacy_score can_record_* cannot_complete_records prior_* ///
>     lcc_* *_score idx_* high_* flag_* n_* *_share_* *_cases* *_case* {
  2.         capture unab tmp : `pattern'
  3.         if !_rc local all_raw_num `all_raw_num' `tmp'
  4. }

. local all_raw_num : list uniq all_raw_num

. 
. * Keep only numeric variables for numeric summaries/tabulations
. local all_num_existing ""

. foreach v of local all_raw_num {
  2.     capture confirm numeric variable `v'
  3.     if !_rc local all_num_existing `all_num_existing' `v'
  4. }

. local all_num_existing : list uniq all_num_existing

. 
. * Numeric field-status sheet: distinguishes complete, partially observed, and
>  fully missing/not-fielded variables.
. tempfile numeric_field_status

. tempname fs

. postfile `fs' str30 module str80 variable str200 label long n_nonmissing n_mi
> ssing str40 status using `numeric_field_status', replace
(file
    C:\Users\jzava\AppData\Local\Temp\stata_worker_default_7505d64a54_74609fe
    > 5bb_opml03wf\ST_e880_00003g.tmp not found)

. quietly count

. local Ntotal_all = r(N)

. foreach v of local all_num_existing {
  2.     quietly count if !missing(`v')
  3.     local n_nonmiss = r(N)
  4.     local n_missing = `Ntotal_all' - `n_nonmiss'
  5.     local status "Complete"
  6.     if `n_nonmiss' == 0 local status "Fully missing / not fielded"
  7.     else if `n_nonmiss' < `Ntotal_all' local status "Partially observed"
  8. 
.     aju_module_of_var `v'
  9.     local module "`r(module)'"
 10.     local vlab : variable label `v'
 11.     if `"`vlab'"' == "" local vlab "`v'"
 12.     local vlab = substr(`"`vlab'"', 1, 200)
 13. 
.     post `fs' (`"`module'"') (`"`v'"') (`"`vlab'"') (`n_nonmiss') (`n_missing
> ') (`"`status'"')
 14. }

. postclose `fs'

. 
. preserve

.     use `numeric_field_status', clear

.     sort status module variable

.     export excel using "`excel_items'", sheet("numeric_field_status", replace
> ) firstrow(variables)
file C:\Users\jzava\AppData\Local\Temp\stata_worker_default_7505d64a54_74609fe5
> bb_opml03wf//phase1_baseline_all_item_tabulations.xlsx saved

. restore

. 
. aju_tab_numeric_all `all_num_existing', sheet("numeric_summary_all")
(file
    C:\Users\jzava\AppData\Local\Temp\stata_worker_default_7505d64a54_74609fe
    > 5bb_opml03wf\ST_e880_00003i.tmp not found)
file C:\Users\jzava\AppData\Local\Temp\stata_worker_default_7505d64a54_74609fe5
> bb_opml03wf//phase1_baseline_all_item_tabulations.xlsx saved

. aju_tab_categorical_all `all_num_existing', sheet("categorical_counts_all") m
> axlevels(30)
(file
    C:\Users\jzava\AppData\Local\Temp\stata_worker_default_7505d64a54_74609fe
    > 5bb_opml03wf\ST_e880_00003i.tmp not found)
file C:\Users\jzava\AppData\Local\Temp\stata_worker_default_7505d64a54_74609fe5
> bb_opml03wf//phase1_baseline_all_item_tabulations.xlsx saved

. 
. * Select-multiple / dummy-style variables: report share selected.
. local dummy_candidates ""

. foreach v of local all_num_existing {
  2.     quietly summarize `v', meanonly
  3.     if r(N) > 0 & r(min) >= 0 & r(max) <= 1 {
  4.         local dummy_candidates `dummy_candidates' `v'
  5.     }
  6. }

. local dummy_candidates : list uniq dummy_candidates

. 
. aju_mean_table `dummy_candidates', sheet("binary_share_all") ///
>     module("Binary/dummy variables and 0-1 scores") ///
>     xlsx("${AJU_ITEMS_XLSX}")
(file
    C:\Users\jzava\AppData\Local\Temp\stata_worker_default_7505d64a54_74609fe
    > 5bb_opml03wf\ST_e880_00003i.tmp not found)
(0 observations deleted)
file C:\Users\jzava\AppData\Local\Temp\stata_worker_default_7505d64a54_74609fe5
> bb_opml03wf//phase1_baseline_all_item_tabulations.xlsx saved

. 
. * String/free-text missingness and uniqueness summary
. tempfile string_summary

. tempname ss

. 
. postfile `ss' str30 module str80 variable str200 label ///
>     long n_nonmissing n_missing n_unique using `string_summary', replace
(file
    C:\Users\jzava\AppData\Local\Temp\stata_worker_default_7505d64a54_74609fe
    > 5bb_opml03wf\ST_e880_00003i.tmp not found)

. 
. ds, has(type string)
submission~y  reconcilia~s  m5_q11        m11_q12       subcounty_~y
instance_id   reconcilia~e  m5_q13        m11_q20       parish_sct~y
baseline_w~l  final_excl~n  m5_q17        instanceid    village_sc~y
baseline_s~e  m1_q10        m6_q04        key           origin_dis~y
district_s~o  m1_q14        m6_q12        m0_q05_aug~w  origin_vil~y
subcounty_~o  m2_q15        m6_q18        m0_q06_aug~w  fvl_district
parish_scto   m2_q18        m7_q03        m0_q07_aug~w  fvl_subcou~y
village_scto  m3_q04        m7_q06        submissio~xt  fvl_parish
survey_v~uid  m3_q18        m7_q14        starttime~xt  fvl_village
canonical_~t  m4_q01        m7_q15        endtime_ra~t  canoni~t_key
canonical~ty  m4_q02        m7_q16        topics_tra~d  canoni~y_key
canonical_~h  m4_q05        m8_q15        m1_q14_spe~y  canoni~h_key
canonical_~e  m4_q06        m8_q16        m2_q15_spe~y  canoni~e_key
canonica~uid  m4_q08        m9_q16        m3_q15        documented~y
superseded~y  m4_v05_q3     m9_q20        m4_v01_q3     august_suc~y
supersessi~n  m4_v06_q3     m10_q15       m4_v02_q3
training_t~s  m4_q12        m11_q10       district_s~y

. local string_vars `r(varlist)'

. 
. foreach v of local string_vars {
  2. 
.     quietly count
  3.     local Ntotal = r(N)
  4. 
.     quietly count if !missing(`v') & itrim(strtrim(`v')) != ""
  5.     local n_nonmiss = r(N)
  6.     local n_missing = `Ntotal' - `n_nonmiss'
  7. 
.     if `n_nonmiss' == 0 {
  8.         local n_unique = 0
  9.     }
 10.     else {
 11.         preserve
 12.             keep `v'
 13.             keep if !missing(`v') & itrim(strtrim(`v')) != ""
 14.             quietly duplicates drop
 15.             quietly count
 16.             local n_unique = r(N)
 17.         restore
 18.     }
 19. 
.     local module "String/free text"
 20.     if regexm("`v'","^m0_")  local module "M0 Geography/metadata"
 21.     if regexm("`v'","^m1_")  local module "M1 Respondent profile"
 22.     if regexm("`v'","^m2_")  local module "M2 Institutional setup"
 23.     if regexm("`v'","^m3_")  local module "M3 Caseload"
 24.     if regexm("`v'","^m4_")  local module "M4 Legal knowledge"
 25.     if regexm("`v'","^m5_")  local module "M5 ADR/mediation"
 26.     if regexm("`v'","^m6_")  local module "M6 Referrals"
 27.     if regexm("`v'","^m7_")  local module "M7 Records"
 28.     if regexm("`v'","^m8_")  local module "M8 Committee"
 29.     if regexm("`v'","^m9_")  local module "M9 Legitimacy"
 30.     if regexm("`v'","^m10_") local module "M10 Safeguards"
 31.     if regexm("`v'","^m11_") local module "M11 Reintegration"
 32. 
.     local vlab : variable label `v'
 33.     if `"`vlab'"' == "" local vlab "`v'"
 34.     local vlab = substr(`"`vlab'"', 1, 200)
 35. 
.     post `ss' (`"`module'"') (`"`v'"') (`"`vlab'"') ///
>         (`n_nonmiss') (`n_missing') (`n_unique')
 36. }
(0 observations deleted)
(0 observations deleted)
(0 observations deleted)
(0 observations deleted)
(0 observations deleted)
(0 observations deleted)
(0 observations deleted)
(0 observations deleted)
(0 observations deleted)
(0 observations deleted)
(0 observations deleted)
(0 observations deleted)
(0 observations deleted)
(0 observations deleted)
(0 observations deleted)
(0 observations deleted)
(0 observations deleted)
(0 observations deleted)
(0 observations deleted)
(54 observations deleted)
(38 observations deleted)
(40 observations deleted)
(15 observations deleted)
(0 observations deleted)
(0 observations deleted)
(0 observations deleted)
(0 observations deleted)
(0 observations deleted)
(0 observations deleted)
(0 observations deleted)
(19 observations deleted)
(0 observations deleted)
(0 observations deleted)
(19 observations deleted)
(0 observations deleted)
(0 observations deleted)
(10 observations deleted)
(0 observations deleted)
(17 observations deleted)
(17 observations deleted)
(0 observations deleted)
(22 observations deleted)
(1 observation deleted)
(22 observations deleted)
(0 observations deleted)
(20 observations deleted)
(20 observations deleted)
(0 observations deleted)
(0 observations deleted)
(9 observations deleted)
(0 observations deleted)
(0 observations deleted)
(95 observations deleted)
(95 observations deleted)
(95 observations deleted)
(95 observations deleted)
(95 observations deleted)
(95 observations deleted)
(98 observations deleted)
(128 observations deleted)
(128 observations deleted)
(116 observations deleted)
(0 observations deleted)
(0 observations deleted)
(0 observations deleted)
(0 observations deleted)
(0 observations deleted)
(0 observations deleted)
(0 observations deleted)
(0 observations deleted)
(17 observations deleted)
(17 observations deleted)
(17 observations deleted)
(17 observations deleted)
(0 observations deleted)
(0 observations deleted)
(0 observations deleted)
(0 observations deleted)
(121 observations deleted)
(95 observations deleted)

. 
. postclose `ss'

. 
. preserve

.     use `string_summary', clear

.     export excel using "`excel_items'", ///
>         sheet("string_missingness", replace) firstrow(variables)
file C:\Users\jzava\AppData\Local\Temp\stata_worker_default_7505d64a54_74609fe5
> bb_opml03wf//phase1_baseline_all_item_tabulations.xlsx saved

. restore

. 
. 
. *----------------------------------------------------------------------------
> --*
. **# 18. Baseline comparison: new vs previously contacted villages
. *----------------------------------------------------------------------------
> --*
. * Purpose:
. *   Compare key high-level baseline indicators between:
. *       0 = New / randomly selected villages
. *       1 = Previously contacted villages
. *
. * Grouping variable:
. *   p1_admin_previously_contacted
. *
. * Source of grouping:
. *   Administrative village list: Last_CDFU_phase == 1 OR Inherited_FHRI == 1.
. *   This is NOT based on self-reported prior training exposure.
. *
. * Interpretation:
. *   Descriptive baseline comparison only.
. *   These differences do not identify causal effects of previous exposure.
. *----------------------------------------------------------------------------
> --*
. 
. capture confirm variable p1_admin_previously_contacted

. if _rc {
.     display as error "p1_admin_previously_contacted not found."
.     display as error "Re-run the Data Preparation do-file after adding the ad
> ministrative origin dummy block."
.     exit 111
. }

. 
. capture label drop p1_admin_prev_lbl

. label define p1_admin_prev_lbl ///
>     0 "New / randomly selected" ///
>     1 "Previously contacted"

. label values p1_admin_previously_contacted p1_admin_prev_lbl

. 
. label var p1_admin_previously_contacted ///
>     "Administrative group: previously contacted village"

. 
. capture label define yesno 0 "No" 1 "Yes", replace

. 
. * Basic validation
. display as text "------------------------------------------------------------
> "
------------------------------------------------------------

. display as text "Phase 1 origin comparison: validation"
Phase 1 origin comparison: validation

. display as text "------------------------------------------------------------
> "
------------------------------------------------------------

. 
. tab p1_admin_previously_contacted, missing

  Administrative group: |
   previously contacted |
                village |      Freq.     Percent        Cum.
------------------------+-----------------------------------
New / randomly selected |        107       82.95       82.95
   Previously contacted |         22       17.05      100.00
------------------------+-----------------------------------
                  Total |        129      100.00

. tab canonical_district p1_admin_previously_contacted, row missing

+----------------+
| Key            |
|----------------|
|   frequency    |
| row percentage |
+----------------+

                      | Administrative group:
                      | previously contacted
                      |        village
   canonical_district | New / ran  Previousl |     Total
----------------------+----------------------+----------
             Bushenyi |        48          7 |        55 
                      |     87.27      12.73 |    100.00 
----------------------+----------------------+----------
             Rubirizi |        34          6 |        40 
                      |     85.00      15.00 |    100.00 
----------------------+----------------------+----------
               Sheema |        25          9 |        34 
                      |     73.53      26.47 |    100.00 
----------------------+----------------------+----------
                Total |       107         22 |       129 
                      |     82.95      17.05 |    100.00 

. 
. count if p1_admin_previously_contacted == 1
  22

. display as result "Previously contacted records: " r(N)
Previously contacted records: 22

. assert r(N) == 22

. 
. count if p1_admin_previously_contacted == 0
  107

. display as result "New/randomly selected records: " r(N)
New/randomly selected records: 107

. assert r(N) == 107

. 
. count if missing(p1_admin_previously_contacted)
  0

. display as result "Missing origin group records: " r(N)
Missing origin group records: 0

. if r(N) > 0 {
.     display as error "WARNING: Some records are missing p1_admin_previously_c
> ontacted."
. }

. 
. *-------------------------------*
. **# 18.1 README and sample sheets
. *-------------------------------*
. 
. putexcel set "`excel_origin'", replace sheet("README")
note: file will be replaced when the first putexcel command is issued.

. putexcel A1 = "Advancing Justice Uganda - Phase 1 baseline origin comparison"
file C:\Users\jzava\AppData\Local\Temp\stata_worker_default_7505d64a54_74609fe5
> bb_opml03wf//phase1_baseline_origin_comparison.xlsx saved

. putexcel A3 = "Purpose"
file C:\Users\jzava\AppData\Local\Temp\stata_worker_default_7505d64a54_74609fe5
> bb_opml03wf//phase1_baseline_origin_comparison.xlsx saved

. putexcel B3 = "Descriptive comparison of baseline indicators between new/rand
> omly selected villages and previously contacted villages."
file C:\Users\jzava\AppData\Local\Temp\stata_worker_default_7505d64a54_74609fe5
> bb_opml03wf//phase1_baseline_origin_comparison.xlsx saved

. putexcel A4 = "Grouping variable"
file C:\Users\jzava\AppData\Local\Temp\stata_worker_default_7505d64a54_74609fe5
> bb_opml03wf//phase1_baseline_origin_comparison.xlsx saved

. putexcel B4 = "p1_admin_previously_contacted"
file C:\Users\jzava\AppData\Local\Temp\stata_worker_default_7505d64a54_74609fe5
> bb_opml03wf//phase1_baseline_origin_comparison.xlsx saved

. putexcel A5 = "Definition"
file C:\Users\jzava\AppData\Local\Temp\stata_worker_default_7505d64a54_74609fe5
> bb_opml03wf//phase1_baseline_origin_comparison.xlsx saved

. putexcel B5 = "1 if admin list marks village as Last_CDFU_phase == 1 or Inher
> ited_FHRI == 1; 0 otherwise."
file C:\Users\jzava\AppData\Local\Temp\stata_worker_default_7505d64a54_74609fe5
> bb_opml03wf//phase1_baseline_origin_comparison.xlsx saved

. putexcel A6 = "Interpretation"
file C:\Users\jzava\AppData\Local\Temp\stata_worker_default_7505d64a54_74609fe5
> bb_opml03wf//phase1_baseline_origin_comparison.xlsx saved

. putexcel B6 = "Descriptive baseline association, not a causal effect of previ
> ous contact."
file C:\Users\jzava\AppData\Local\Temp\stata_worker_default_7505d64a54_74609fe5
> bb_opml03wf//phase1_baseline_origin_comparison.xlsx saved

. putexcel A7 = "Recommended use"
file C:\Users\jzava\AppData\Local\Temp\stata_worker_default_7505d64a54_74609fe5
> bb_opml03wf//phase1_baseline_origin_comparison.xlsx saved

. putexcel B7 = "Use as implementation diagnostics in the Phase 1 Final Baselin
> e Report."
file C:\Users\jzava\AppData\Local\Temp\stata_worker_default_7505d64a54_74609fe5
> bb_opml03wf//phase1_baseline_origin_comparison.xlsx saved

. putexcel clear

. 
. * Sample by group
. preserve

.     contract p1_admin_previously_contacted, freq(n)

.     egen total = total(n)

.     gen share = n / total

.     format share %9.3f

.     decode p1_admin_previously_contacted, gen(origin_group)

.     order p1_admin_previously_contacted origin_group n share

.     export excel using "`excel_origin'", sheet("sample_by_origin", replace) f
> irstrow(variables)
file C:\Users\jzava\AppData\Local\Temp\stata_worker_default_7505d64a54_74609fe5
> bb_opml03wf//phase1_baseline_origin_comparison.xlsx saved

. restore

. 
. * Sample by district and group
. preserve

.     contract canonical_district p1_admin_previously_contacted, freq(n)

.     bysort canonical_district: egen district_total = total(n)

.     gen district_share = n / district_total

.     format district_share %9.3f

.     decode p1_admin_previously_contacted, gen(origin_group)

.     order canonical_district p1_admin_previously_contacted origin_group n dis
> trict_total district_share

.     export excel using "`excel_origin'", sheet("sample_by_district_origin", r
> eplace) firstrow(variables)
file C:\Users\jzava\AppData\Local\Temp\stata_worker_default_7505d64a54_74609fe5
> bb_opml03wf//phase1_baseline_origin_comparison.xlsx saved

. restore

. 
. 
. *----------------------------------------------------------------------------
> --*
. **# 18.2 High-level variable list for final baseline comparisons
. *----------------------------------------------------------------------------
> --*
. * Short local macro names are used because Stata has strict name-length limit
> s.
. 
. local corevars ///
>     idx_lcc_operational_capacity ///
>     idx_lcc_case_handling_quality ///
>     idx_lcc_legitimacy_and_norms ///
>     idx_p1_base_mentor_ready_proxy

. 
. local domainvars ///
>     idx_respondent_capacity ///
>     idx_institutional_functioning ///
>     idx_legal_classif_knowledge ///
>     idx_adr_mediation_practice ///
>     idx_referral_practice ///
>     idx_record_quality ///
>     idx_committee_functioning ///
>     idx_perceived_legitimacy ///
>     idx_safeguards ///
>     idx_reintegration_norms

. 
. local jlosvars ///
>     prior_formal_coordination ///
>     police_coordination_score ///
>     court_coordination_score ///
>     referral_frequency_score ///
>     referral_documentation_score ///
>     referral_feedback_score ///
>     verified_referral_record_score ///
>     verified_ref_dest_score ///
>     referral_path_conf_score ///
>     referral_explain_conf_score ///
>     m6_q04_1 ///
>     m6_q04_2 ///
>     m6_q04_3 ///
>     m6_q04_4 ///
>     m6_q12_1 ///
>     m6_q12_2 ///
>     idx_referral_practice

. 
. local recsafevars ///
>     idx_record_quality ///
>     case_register_score ///
>     record_fields_score ///
>     verified_record_usability_score ///
>     n_record_challenges ///
>     m7_q15_1 ///
>     m7_q15_2 ///
>     m7_q15_3 ///
>     idx_safeguards ///
>     vulnerable_need_sh ///
>     idx_safeguard_classif_know ///
>     v05_child_q1_correct ///
>     v05_child_q2_correct ///
>     v05_child_q3_correct ///
>     v06_sgbv_q1_correct ///
>     v06_sgbv_q2_correct ///
>     v06_sgbv_q3_correct

. 
. local legreintvars ///
>     idx_perceived_legitimacy ///
>     perceived_lcc_fairness_score ///
>     perc_willing_use_lcc_score ///
>     low_bypass_score ///
>     conf_trust_when_referring ///
>     conf_fair_respect_score ///
>     bypass_due_distrust ///
>     bypass_due_bias ///
>     bypass_due_enforcement ///
>     idx_reintegration_norms ///
>     reintegration_importance_score ///
>     fair_chance_reintegration_score ///
>     low_reoffending_stigma_score ///
>     comm_accepts_ex_prisoner ///
>     recent_reintegration_issue ///
>     reint_tension_conf_score ///
>     reint_referral_conf_score

. 
. local mentorvars ///
>     high_operational_capacity ///
>     high_case_handling_quality ///
>     high_legitimacy_norms ///
>     high_mentor_readiness_proxy

. 
. local contextvars ///
>     lc_experience_years ///
>     completed_secondary_or_above ///
>     can_record_english ///
>     can_record_runyankore ///
>     prior_justice_training ///
>     prior_cdfu_fhri_training ///
>     lcc_sittings_12m ///
>     lcc_has_vacancy ///
>     lcc_women_share ///
>     caseload_3m ///
>     pending_cases ///
>     any_child_or_sgbv_case_3m ///
>     any_serious_or_sensitive_case_3m

. 
. local candvars ///
>     `corevars' ///
>     `domainvars' ///
>     `jlosvars' ///
>     `recsafevars' ///
>     `legreintvars' ///
>     `mentorvars' ///
>     `contextvars'

. 
. 
. *----------------------------------------------------------------------------
> --*
. **# 18.3 Candidate difference table
. *----------------------------------------------------------------------------
> --*
. * Produces a broad comparison table with:
. *   - N and mean in new villages
. *   - N and mean in previously contacted villages
. *   - Difference: previously contacted minus new
. *   - Two-sided p-value from a simple t-test
. *
. * P-values are descriptive diagnostics only. No causal interpretation.
. *----------------------------------------------------------------------------
> --*
. 
. tempfile origin_diffs

. tempname memhold

. 
. postfile `memhold' ///
>     str40 domain ///
>     str80 variable ///
>     str180 label ///
>     long n_new ///
>     double mean_new ///
>     long n_prev ///
>     double mean_prev ///
>     double diff_prev_minus_new ///
>     double p_value ///
>     double abs_diff ///
>     using `origin_diffs', replace
(file
    C:\Users\jzava\AppData\Local\Temp\stata_worker_default_7505d64a54_74609fe
    > 5bb_opml03wf\ST_e880_000060.tmp not found)

. 
. foreach v of local candvars {
  2. 
.     capture confirm numeric variable `v'
  3.     if !_rc {
  4. 
. local domain "Other/context"
  5. if strpos(" `corevars' ", " `v' ") > 0 local domain "Core composites"
  6. if strpos(" `domainvars' ", " `v' ") > 0 local domain "Domain indices"
  7. if strpos(" `jlosvars' ", " `v' ") > 0 local domain "JLOS/referral collabo
> ration"
  8. if strpos(" `recsafevars' ", " `v' ") > 0 local domain "Records and safegu
> ards"
  9. if strpos(" `legreintvars' ", " `v' ") > 0 local domain "Legitimacy and re
> integration"
 10. if strpos(" `mentorvars' ", " `v' ") > 0 local domain "Mentor-readiness fl
> ags"
 11. 
.         quietly count if p1_admin_previously_contacted == 0 & !missing(`v')
 12.         local n0 = r(N)
 13.         quietly summarize `v' if p1_admin_previously_contacted == 0, meano
> nly
 14.         local m0 = r(mean)
 15. 
.         quietly count if p1_admin_previously_contacted == 1 & !missing(`v')
 16.         local n1 = r(N)
 17.         quietly summarize `v' if p1_admin_previously_contacted == 1, meano
> nly
 18.         local m1 = r(mean)
 19. 
.         local diff = .
 20.         if `n0' > 0 & `n1' > 0 local diff = `m1' - `m0'
 21. 
.         local pval = .
 22.         if `n0' > 1 & `n1' > 1 {
 23.             capture quietly ttest `v', by(p1_admin_previously_contacted)
 24.             if !_rc local pval = r(p)
 25.         }
 26. 
.         local adiff = abs(`diff')
 27. 
.         local vlab : variable label `v'
 28.         if `"`vlab'"' == "" local vlab "`v'"
 29.         local vlab = substr(`"`vlab'"', 1, 180)
 30. 
.         post `memhold' ///
>             (`"`domain'"') ///
>             (`"`v'"') ///
>             (`"`vlab'"') ///
>             (`n0') ///
>             (`m0') ///
>             (`n1') ///
>             (`m1') ///
>             (`diff') ///
>             (`pval') ///
>             (`adiff')
 31.     }
 32. }

. 
. postclose `memhold'

. 
. preserve

.     use `origin_diffs', clear

. 
.     * Remove variables with no usable comparison
.     drop if missing(mean_new) & missing(mean_prev)
(0 observations deleted)

. 
.     format mean_new mean_prev diff_prev_minus_new p_value abs_diff %9.3f

. 
.     * Full diagnostic table
.     gsort domain -abs_diff

.     export excel using "`excel_origin'", sheet("final_diff_table", replace) f
> irstrow(variables)
file C:\Users\jzava\AppData\Local\Temp\stata_worker_default_7505d64a54_74609fe5
> bb_opml03wf//phase1_baseline_origin_comparison.xlsx saved

. 
.     * Ranked table across all domains
.     gsort -abs_diff

.     export excel using "`excel_origin'", sheet("ranked_abs_differences", repl
> ace) firstrow(variables)
file C:\Users\jzava\AppData\Local\Temp\stata_worker_default_7505d64a54_74609fe5
> bb_opml03wf//phase1_baseline_origin_comparison.xlsx saved

. 
.     * Parsimonious high-level comparison table for the Final Baseline Report
.     keep if inlist(domain, "Core composites", "Domain indices", "JLOS/referra
> l collaboration", ///
>         "Records and safeguards", "Legitimacy and reintegration", "Mentor-rea
> diness flags")
(13 observations deleted)

.     gsort -abs_diff

.     export excel using "`excel_origin'", sheet("report_core_comparisons", rep
> lace) firstrow(variables)
file C:\Users\jzava\AppData\Local\Temp\stata_worker_default_7505d64a54_74609fe5
> bb_opml03wf//phase1_baseline_origin_comparison.xlsx saved

. restore

. 
. 
. *----------------------------------------------------------------------------
> --*
. **# 18.4 Slide-ready Figure 1: Core composites by origin
. *----------------------------------------------------------------------------
> --*
. * Suggested slide:
. *   "Previously contacted villages start from a different baseline profile"
. *----------------------------------------------------------------------------
> --*
. 
. graph bar (mean) ///
>     idx_lcc_operational_capacity ///
>     idx_lcc_case_handling_quality ///
>     idx_lcc_legitimacy_and_norms ///
>     idx_p1_base_mentor_ready_proxy, ///
>     over(p1_admin_previously_contacted, label(labsize(small))) ///
>     blabel(bar, format(%4.2f) size(vsmall)) ///
>     ylabel(0(.2)1, labsize(small)) ///
>     ytitle("Mean score, 0-1 scale") ///
>         scheme(plotplain) ///
>     title("Core baseline composites by Phase 1 origin", size(medsmall)) ///
>     legend(order(1 "Operational capacity" ///
>                  2 "Case-handling quality" ///
>                  3 "Legitimacy & reintegration" ///
>                  4 "Mentor-readiness proxy") ///
>            rows(2) size(vsmall)) ///
>     note("Descriptive baseline comparison only; not a causal effect of previo
> us exposure.", size(vsmall))

. 
. graph export "`fig_dir'/fig_32_origin_core_composites.png", width(2600) repla
> ce
file C:\Users\jzava\AppData\Local\Temp\stata_worker_default_7505d64a54_74609fe5
> bb_opml03wf//phase1_baseline_figures/fig_32_origin_core_composites.png writte
> n in PNG format

. graph export "`fig_dir'/fig_32_origin_core_composites.pdf", replace
file
    C:\Users\jzava\AppData\Local\Temp\stata_worker_default_7505d64a54_74609fe
    > 5bb_opml03wf//phase1_baseline_figures/fig_32_origin_core_composites.pdf
    saved as PDF format

. 
. preserve

.     keep p1_admin_previously_contacted ///
>         idx_lcc_operational_capacity ///
>         idx_lcc_case_handling_quality ///
>         idx_lcc_legitimacy_and_norms ///
>         idx_p1_base_mentor_ready_proxy

. 
.     collapse (count) n=idx_p1_base_mentor_ready_proxy ///
>         (mean) idx_lcc_operational_capacity ///
>                idx_lcc_case_handling_quality ///
>                idx_lcc_legitimacy_and_norms ///
>                idx_p1_base_mentor_ready_proxy, ///
>         by(p1_admin_previously_contacted)

. 
.     decode p1_admin_previously_contacted, gen(origin_group)

.     order p1_admin_previously_contacted origin_group n

.     export excel using "`excel_origin'", sheet("fig32_core_composites", repla
> ce) firstrow(variables)
file C:\Users\jzava\AppData\Local\Temp\stata_worker_default_7505d64a54_74609fe5
> bb_opml03wf//phase1_baseline_origin_comparison.xlsx saved

. restore

. 
. 
. *----------------------------------------------------------------------------
> --*
. **# 18.5 Slide-ready Figure 2: JLOS collaboration and referral pathway
. *----------------------------------------------------------------------------
> --*
. * JLOS = Justice, Law and Order Sector.
. *
. * Suggested slide:
. *   "Pre-exposure differences are clearest in justice-sector collaboration"
. *----------------------------------------------------------------------------
> --*
. 
. graph bar (mean) ///
>     prior_formal_coordination ///
>     police_coordination_score ///
>     court_coordination_score ///
>     referral_path_conf_score ///
>     referral_explain_conf_score ///
>     referral_feedback_score ///
>     verified_referral_record_score, ///
>     over(p1_admin_previously_contacted, label(labsize(small))) ///
>     blabel(bar, format(%4.2f) size(vsmall)) ///
>     ylabel(0(.2)1, labsize(small)) ///
>     ytitle("Share / mean score") ///
>         scheme(plotplain) ///
>     title("JLOS collaboration and referral pathway by Phase 1 origin", size(m
> edsmall)) ///
>     legend(order(1 "Prior formal coordination" ///
>                  2 "Police coordination" ///
>                  3 "Court/formal justice coordination" ///
>                  4 "Confidence: where to refer" ///
>                  5 "Confidence: explain referral" ///
>                  6 "Feedback after referral" ///
>                  7 "Referral cases recorded") ///
>            rows(3) size(vsmall)) ///
>     note("JLOS = Justice, Law and Order Sector. Descriptive baseline comparis
> on only.", size(vsmall))

. 
. graph export "`fig_dir'/fig_33_origin_jlos_collaboration.png", width(2800) re
> place
file C:\Users\jzava\AppData\Local\Temp\stata_worker_default_7505d64a54_74609fe5
> bb_opml03wf//phase1_baseline_figures/fig_33_origin_jlos_collaboration.png wri
> tten in PNG format

. graph export "`fig_dir'/fig_33_origin_jlos_collaboration.pdf", replace
file
    C:\Users\jzava\AppData\Local\Temp\stata_worker_default_7505d64a54_74609fe
    > 5bb_opml03wf//phase1_baseline_figures/fig_33_origin_jlos_collaboration.
    > pdf saved as PDF format

. 
. preserve

.     keep p1_admin_previously_contacted ///
>         prior_formal_coordination ///
>         police_coordination_score ///
>         court_coordination_score ///
>         referral_path_conf_score ///
>         referral_explain_conf_score ///
>         referral_feedback_score ///
>         verified_referral_record_score

. 
.     collapse (count) n=prior_formal_coordination ///
>         (mean) prior_formal_coordination ///
>                police_coordination_score ///
>                court_coordination_score ///
>                referral_path_conf_score ///
>                referral_explain_conf_score ///
>                referral_feedback_score ///
>                verified_referral_record_score, ///
>         by(p1_admin_previously_contacted)

. 
.     decode p1_admin_previously_contacted, gen(origin_group)

.     order p1_admin_previously_contacted origin_group n

.     export excel using "`excel_origin'", sheet("fig33_jlos_collaboration", re
> place) firstrow(variables)
file C:\Users\jzava\AppData\Local\Temp\stata_worker_default_7505d64a54_74609fe5
> bb_opml03wf//phase1_baseline_origin_comparison.xlsx saved

. restore

. 
. 
. *----------------------------------------------------------------------------
> --*
. **# 18.6 Slide-ready Figure 3: Priority implementation gaps by origin
. *----------------------------------------------------------------------------
> --*
. * For 0-1 positive indices, the implementation gap is defined as:
. *   gap = 1 - mean(index)
. *
. * Suggested slide:
. *   "Both groups still need practical support, but gaps differ by origin"
. *----------------------------------------------------------------------------
> --*
. 
. capture drop gap_perceived_legitimacy

. capture drop gap_record_quality

. capture drop gap_reintegration_norms

. capture drop gap_referral_practice

. capture drop gap_safeguards

. capture drop gap_case_handling

. 
. gen double gap_perceived_legitimacy = 1 - idx_perceived_legitimacy ///
>     if !missing(idx_perceived_legitimacy)

. gen double gap_record_quality = 1 - idx_record_quality ///
>     if !missing(idx_record_quality)

. gen double gap_reintegration_norms = 1 - idx_reintegration_norms ///
>     if !missing(idx_reintegration_norms)

. gen double gap_referral_practice = 1 - idx_referral_practice ///
>     if !missing(idx_referral_practice)

. gen double gap_safeguards = 1 - idx_safeguards ///
>     if !missing(idx_safeguards)

. gen double gap_case_handling = 1 - idx_lcc_case_handling_quality ///
>     if !missing(idx_lcc_case_handling_quality)

. 
. label var gap_perceived_legitimacy "Legitimacy gap"

. label var gap_record_quality "Record-quality gap"

. label var gap_reintegration_norms "Reintegration-norms gap"

. label var gap_referral_practice "Referral-practice gap"

. label var gap_safeguards "Safeguards gap"

. label var gap_case_handling "Case-handling quality gap"

. 
. graph bar (mean) ///
>     gap_perceived_legitimacy ///
>     gap_record_quality ///
>     gap_reintegration_norms ///
>     gap_referral_practice ///
>     gap_safeguards ///
>     gap_case_handling, ///
>     over(p1_admin_previously_contacted, label(labsize(small))) ///
>     blabel(bar, format(%4.2f) size(vsmall)) ///
>     ylabel(0(.2)1, labsize(small)) ///
>     ytitle("Gap to full score, 1 - index mean") ///
>         scheme(plotplain) ///
>     title("Priority implementation gaps by Phase 1 origin", size(medsmall)) /
> //
>     legend(order(1 "Legitimacy" ///
>                  2 "Records" ///
>                  3 "Reintegration" ///
>                  4 "Referrals" ///
>                  5 "Safeguards" ///
>                  6 "Case handling") ///
>            rows(2) size(vsmall)) ///
>     note("Higher values indicate larger baseline gaps. Descriptive comparison
>  only.", size(vsmall))

. 
. graph export "`fig_dir'/fig_34_origin_priority_gaps.png", width(2800) replace
file C:\Users\jzava\AppData\Local\Temp\stata_worker_default_7505d64a54_74609fe5
> bb_opml03wf//phase1_baseline_figures/fig_34_origin_priority_gaps.png written 
> in PNG format

. graph export "`fig_dir'/fig_34_origin_priority_gaps.pdf", replace
file
    C:\Users\jzava\AppData\Local\Temp\stata_worker_default_7505d64a54_74609fe
    > 5bb_opml03wf//phase1_baseline_figures/fig_34_origin_priority_gaps.pdf
    saved as PDF format

. 
. preserve

.     keep p1_admin_previously_contacted ///
>         gap_perceived_legitimacy ///
>         gap_record_quality ///
>         gap_reintegration_norms ///
>         gap_referral_practice ///
>         gap_safeguards ///
>         gap_case_handling

. 
.     collapse (count) n=gap_case_handling ///
>         (mean) gap_perceived_legitimacy ///
>                gap_record_quality ///
>                gap_reintegration_norms ///
>                gap_referral_practice ///
>                gap_safeguards ///
>                gap_case_handling, ///
>         by(p1_admin_previously_contacted)

. 
.     decode p1_admin_previously_contacted, gen(origin_group)

.     order p1_admin_previously_contacted origin_group n

.     export excel using "`excel_origin'", sheet("fig34_priority_gaps", replace
> ) firstrow(variables)
file C:\Users\jzava\AppData\Local\Temp\stata_worker_default_7505d64a54_74609fe5
> bb_opml03wf//phase1_baseline_origin_comparison.xlsx saved

. restore

. 
. 
. *----------------------------------------------------------------------------
> --*
. **# 18.7 Slide-ready Figure 4: High-capacity / mentor-readiness flags by orig
> in
. *----------------------------------------------------------------------------
> --*
. * Suggested slide:
. *   "Prior contact does not automatically imply mentor readiness"
. *----------------------------------------------------------------------------
> --*
. 
. graph bar (mean) ///
>     high_operational_capacity ///
>     high_case_handling_quality ///
>     high_legitimacy_norms ///
>     high_mentor_readiness_proxy, ///
>     over(p1_admin_previously_contacted, label(labsize(small))) ///
>     blabel(bar, format(%4.2f) size(vsmall)) ///
>     ylabel(0(.2)1, labsize(small)) ///
>     ytitle("Share of chairpersons") ///
>         scheme(plotplain) ///
>     title("High-capacity and mentor-readiness flags by Phase 1 origin", size(
> medsmall)) ///
>     legend(order(1 "High operational capacity" ///
>                  2 "High case-handling quality" ///
>                  3 "High legitimacy/norms" ///
>                  4 "High mentor-readiness proxy") ///
>            rows(2) size(vsmall)) ///
>     note("High = score >= 0.75. Mentor-readiness proxy is diagnostic, not fin
> al eligibility.", size(vsmall))

. 
. graph export "`fig_dir'/fig_35_origin_high_readiness_flags.png", width(2600) 
> replace
file C:\Users\jzava\AppData\Local\Temp\stata_worker_default_7505d64a54_74609fe5
> bb_opml03wf//phase1_baseline_figures/fig_35_origin_high_readiness_flags.png w
> ritten in PNG format

. graph export "`fig_dir'/fig_35_origin_high_readiness_flags.pdf", replace
file
    C:\Users\jzava\AppData\Local\Temp\stata_worker_default_7505d64a54_74609fe
    > 5bb_opml03wf//phase1_baseline_figures/fig_35_origin_high_readiness_flag
    > s.pdf saved as PDF format

. 
. preserve

.     keep p1_admin_previously_contacted ///
>         high_operational_capacity ///
>         high_case_handling_quality ///
>         high_legitimacy_norms ///
>         high_mentor_readiness_proxy

. 
.     collapse (count) n=high_mentor_readiness_proxy ///
>         (mean) high_operational_capacity ///
>                high_case_handling_quality ///
>                high_legitimacy_norms ///
>                high_mentor_readiness_proxy, ///
>         by(p1_admin_previously_contacted)

. 
.     decode p1_admin_previously_contacted, gen(origin_group)

.     order p1_admin_previously_contacted origin_group n

.     export excel using "`excel_origin'", sheet("fig35_high_readiness_flags", 
> replace) firstrow(variables)
file C:\Users\jzava\AppData\Local\Temp\stata_worker_default_7505d64a54_74609fe5
> bb_opml03wf//phase1_baseline_origin_comparison.xlsx saved

. restore

. 
. 
. *----------------------------------------------------------------------------
> --*
. **# 18.8 Optional additional diagnostic: district-adjusted descriptive regres
> sions
. *----------------------------------------------------------------------------
> --*
. * These are not causal models. They simply check whether origin differences r
> emain
. * after absorbing district-level average differences.
. *----------------------------------------------------------------------------
> --*
. 
. tempfile origin_regressions

. tempname regpost

. 
. postfile `regpost' ///
>     str80 outcome ///
>     str160 label ///
>     long n ///
>     double coef_prev_contacted ///
>     double se ///
>     double p_value ///
>     double mean_new ///
>     double mean_prev ///
>     using `origin_regressions', replace
(file
    C:\Users\jzava\AppData\Local\Temp\stata_worker_default_7505d64a54_74609fe
    > 5bb_opml03wf\ST_e880_000066.tmp not found)

. 
. local regression_outcomes ///
>     idx_lcc_operational_capacity ///
>     idx_lcc_case_handling_quality ///
>     idx_lcc_legitimacy_and_norms ///
>     idx_p1_base_mentor_ready_proxy ///
>     idx_record_quality ///
>     idx_referral_practice ///
>     idx_safeguards

. 
. foreach y of local regression_outcomes {
  2.     capture confirm numeric variable `y'
  3.     if !_rc {
  4.         quietly count if !missing(`y', p1_admin_previously_contacted, cano
> nical_district)
  5.         local n = r(N)
  6. 
.         quietly summarize `y' if p1_admin_previously_contacted == 0, meanonly
  7.         local mean0 = r(mean)
  8. 
.         quietly summarize `y' if p1_admin_previously_contacted == 1, meanonly
  9.         local mean1 = r(mean)
 10. 
.         local b = .
 11.         local se = .
 12.         local p = .
 13. 
.         if `n' > 5 {
 14.             capture quietly regress `y' i.p1_admin_previously_contacted i.
> district_id, vce(robust)
 15.             if !_rc {
 16.                 local b = _b[1.p1_admin_previously_contacted]
 17.                 local se = _se[1.p1_admin_previously_contacted]
 18.                 local p = 2 * ttail(e(df_r), abs(`b' / `se'))
 19.             }
 20.         }
 21. 
.         local ylab : variable label `y'
 22.         if `"`ylab'"' == "" local ylab "`y'"
 23.         local ylab = substr(`"`ylab'"', 1, 160)
 24. 
.         post `regpost' ///
>             (`"`y'"') ///
>             (`"`ylab'"') ///
>             (`n') ///
>             (`b') ///
>             (`se') ///
>             (`p') ///
>             (`mean0') ///
>             (`mean1')
 25.     }
 26. }

. 
. postclose `regpost'

. 
. preserve

.     use `origin_regressions', clear

.     gen raw_diff_prev_minus_new = mean_prev - mean_new

.     gen ci_low = coef_prev_contacted - invttail(n-4, .025)*se

.     gen ci_high = coef_prev_contacted + invttail(n-4, .025)*se

.     gen model_note = "Cross-sectional baseline associations; not causal estim
> ates."

.     format coef_prev_contacted se p_value mean_new mean_prev raw_diff_prev_mi
> nus_new %9.3f

.     order outcome label n mean_new mean_prev raw_diff_prev_minus_new coef_pre
> v_contacted se ci_low ci_high p_value model_note

.     export excel using "`excel_origin'", sheet("district_adjusted_diagnostics
> ", replace) firstrow(variables)
file C:\Users\jzava\AppData\Local\Temp\stata_worker_default_7505d64a54_74609fe5
> bb_opml03wf//phase1_baseline_origin_comparison.xlsx saved

.     putexcel set "`excel_reg'", replace sheet("README")
note: file will be replaced when the first putexcel command is issued.

.     putexcel A1 = "Phase 1 final baseline association models"
file C:\Users\jzava\AppData\Local\Temp\stata_worker_default_7505d64a54_74609fe5
> bb_opml03wf//phase1_baseline_regression_results.xlsx saved

.     putexcel A3 = "Interpretation"
file C:\Users\jzava\AppData\Local\Temp\stata_worker_default_7505d64a54_74609fe5
> bb_opml03wf//phase1_baseline_regression_results.xlsx saved

.     putexcel B3 = "Cross-sectional baseline associations; not causal estimate
> s."
file C:\Users\jzava\AppData\Local\Temp\stata_worker_default_7505d64a54_74609fe5
> bb_opml03wf//phase1_baseline_regression_results.xlsx saved

.     putexcel A4 = "Origin specification"
file C:\Users\jzava\AppData\Local\Temp\stata_worker_default_7505d64a54_74609fe5
> bb_opml03wf//phase1_baseline_regression_results.xlsx saved

.     putexcel B4 = "Previously contacted versus new/randomly selected, canonic
> al district fixed effects, heteroskedasticity-robust standard errors."
file C:\Users\jzava\AppData\Local\Temp\stata_worker_default_7505d64a54_74609fe5
> bb_opml03wf//phase1_baseline_regression_results.xlsx saved

.     putexcel A5 = "Multivariable specification"
file C:\Users\jzava\AppData\Local\Temp\stata_worker_default_7505d64a54_74609fe5
> bb_opml03wf//phase1_baseline_regression_results.xlsx saved

.     putexcel B5 = "One common parsimonious specification using pre-existing c
> hairperson characteristics and canonical district fixed effects."
file C:\Users\jzava\AppData\Local\Temp\stata_worker_default_7505d64a54_74609fe5
> bb_opml03wf//phase1_baseline_regression_results.xlsx saved

.     putexcel clear

.     export excel using "`excel_reg'", sheet("origin_adjusted", replace) first
> row(variables)
file C:\Users\jzava\AppData\Local\Temp\stata_worker_default_7505d64a54_74609fe5
> bb_opml03wf//phase1_baseline_regression_results.xlsx saved

. 
.     encode label, gen(outcome_id)

.     twoway ///
>         (rcap ci_low ci_high outcome_id, horizontal lcolor("32 87 129") lwidt
> h(medthick)) ///
>         (scatter outcome_id coef_prev_contacted, msymbol(D) msize(medsmall) m
> color("211 118 35")), ///
>         xline(0, lcolor(gs8) lpattern(dash)) ///
>         ylabel(1(1)7, valuelabel angle(0) labsize(small)) ///
>         xlabel(-.30(.10).30, format(%4.2f) grid) ///
>         xtitle("Adjusted difference: previously contacted minus new/random") 
> ///
>         ytitle("") legend(off) ///
>         title("Adjusted administrative-origin associations", size(medsmall)) 
> ///
>         note("Canonical district fixed effects with robust standard errors." 
> ///
>              "Cross-sectional baseline associations; not causal estimates.", 
> size(vsmall))

.     graph export "`fig_dir'/fig_42_adjusted_origin_coefficients.png", width(3
> 000) replace
file C:\Users\jzava\AppData\Local\Temp\stata_worker_default_7505d64a54_74609fe5
> bb_opml03wf//phase1_baseline_figures/fig_42_adjusted_origin_coefficients.png 
> written in PNG format

.     graph export "`fig_dir'/fig_42_adjusted_origin_coefficients.pdf", replace
file
    C:\Users\jzava\AppData\Local\Temp\stata_worker_default_7505d64a54_74609fe
    > 5bb_opml03wf//phase1_baseline_figures/fig_42_adjusted_origin_coefficien
    > ts.pdf saved as PDF format

. restore

. 
. * One parsimonious diagnostic specification applied consistently across main 
> domains.
. tempfile multivar_results

. tempname mr

. postfile `mr' str80 outcome str160 outcome_label str50 predictor str120 predi
> ctor_label ///
>     long n double coefficient se p_value r2 using `multivar_results', replace
(file
    C:\Users\jzava\AppData\Local\Temp\stata_worker_default_7505d64a54_74609fe
    > 5bb_opml03wf\ST_e880_000068.tmp not found)

. 
. local diagnostic_outcomes ///
>     idx_legal_classif_knowledge ///
>     idx_adr_mediation_practice ///
>     idx_record_quality ///
>     idx_committee_functioning ///
>     idx_perceived_legitimacy ///
>     idx_safeguards ///
>     idx_reintegration_norms

. 
. foreach y of local diagnostic_outcomes {
  2.     quietly regress `y' respondent_female education_score lc_experience_ye
> ars ///
>         prior_justice_training prior_formal_coordination ///
>         i.p1_admin_previously_contacted i.district_id, vce(robust)
  3.     local yl : variable label `y'
  4.     local model_n = e(N)
  5.     local model_r2 = e(r2)
  6.     foreach x in respondent_female education_score lc_experience_years pri
> or_justice_training prior_formal_coordination {
  7.         local xl : variable label `x'
  8.         local p = 2*ttail(e(df_r), abs(_b[`x']/_se[`x']))
  9.         post `mr' ("`y'") (`"`yl'"') ("`x'") (`"`xl'"') (`model_n') ///
>             (_b[`x']) (_se[`x']) (`p') (`model_r2')
 10.     }
 11.     local p = 2*ttail(e(df_r), abs(_b[1.p1_admin_previously_contacted]/_se
> [1.p1_admin_previously_contacted]))
 12.     post `mr' ("`y'") (`"`yl'"') ("p1_admin_previously_contacted") ///
>         ("Previously contacted village") (`model_n') ///
>         (_b[1.p1_admin_previously_contacted]) (_se[1.p1_admin_previously_cont
> acted]) (`p') (`model_r2')
 13. }

. postclose `mr'

. 
. preserve

.     use `multivar_results', clear

.     gen model_note = "Cross-sectional baseline associations; not causal estim
> ates."

.     format coefficient se p_value r2 %9.3f

.     export excel using "`excel_reg'", sheet("multivariable_diagnostics", repl
> ace) firstrow(variables)
file C:\Users\jzava\AppData\Local\Temp\stata_worker_default_7505d64a54_74609fe5
> bb_opml03wf//phase1_baseline_regression_results.xlsx saved

. restore

. 
. 
. *----------------------------------------------------------------------------
> --*
. **# 18.9 Console summary for final report
. *----------------------------------------------------------------------------
> --*
. 
. display as text "------------------------------------------------------------
> "
------------------------------------------------------------

. display as text "Origin comparison outputs created:"
Origin comparison outputs created:

. display as text "Excel workbook:"
Excel workbook:

. display as result "`excel_origin'"
C:\Users\jzava\AppData\Local\Temp\stata_worker_default_7505d64a54_74609fe5bb_op
> ml03wf//phase1_baseline_origin_comparison.xlsx

. display as text "Figures:"
Figures:

. display as result "`fig_dir'/fig_32_origin_core_composites.png"
C:\Users\jzava\AppData\Local\Temp\stata_worker_default_7505d64a54_74609fe5bb_op
> ml03wf//phase1_baseline_figures/fig_32_origin_core_composites.png

. display as result "`fig_dir'/fig_33_origin_jlos_collaboration.png"
C:\Users\jzava\AppData\Local\Temp\stata_worker_default_7505d64a54_74609fe5bb_op
> ml03wf//phase1_baseline_figures/fig_33_origin_jlos_collaboration.png

. display as result "`fig_dir'/fig_34_origin_priority_gaps.png"
C:\Users\jzava\AppData\Local\Temp\stata_worker_default_7505d64a54_74609fe5bb_op
> ml03wf//phase1_baseline_figures/fig_34_origin_priority_gaps.png

. display as result "`fig_dir'/fig_35_origin_high_readiness_flags.png"
C:\Users\jzava\AppData\Local\Temp\stata_worker_default_7505d64a54_74609fe5bb_op
> ml03wf//phase1_baseline_figures/fig_35_origin_high_readiness_flags.png

. display as text "------------------------------------------------------------
> "
------------------------------------------------------------

. 
. display as text "Interpretation: Descriptive baseline association, not a caus
> al effect of previous contact."
Interpretation: Descriptive baseline association, not a causal effect of previo
> us contact.

. display as text "------------------------------------------------------------
> "
------------------------------------------------------------

. 
. 
. 
. *----------------------------------------------------------------------------
> --*
. **# 19. Annex analysis: expanded JLOS collaboration and referral pathways
. *----------------------------------------------------------------------------
> --*
. * Purpose:
. *   Produce report-ready figures expanding the analysis of collaboration with
. *   JLOS actors for the full Phase 1 baseline sample.
. *
. * JLOS:
. *   Justice, Law and Order Sector. In this analysis, this mainly refers to
. *   formal justice and protection actors such as police, courts, probation /
. *   child protection, and related justice-sector authorities.
. *
. * Interpretation:
. *   Descriptive baseline analysis only.
. *----------------------------------------------------------------------------
> --*
. 
. *-------------------------------*
. **# 19.1 Clean labels
. *-------------------------------*
. 
. capture label var m4_q02_referral_scope_score "Knows which cases require refe
> rral"

. capture label var prior_formal_coordination "Prior coordination with JLOS act
> ors"

. capture label var police_coordination_score "Coordination with police"

. capture label var court_coordination_score "Coordination with courts/formal j
> ustice"

. capture label var referral_frequency_score "Referral regularity"

. capture label var referral_documentation_score "Referral documentation"

. capture label var referral_feedback_score "Feedback after referral"

. capture label var referral_path_conf_score "Confidence knowing where to refer
> "

. capture label var referral_explain_conf_score "Confidence explaining referral
> "

. capture label var verified_referral_record_score "Verified referred cases are
>  recorded"

. capture label var verified_ref_dest_score "Verified referral destination reco
> rded"

. capture label var idx_referral_practice "Referral practice index"

. 
. capture label var m6_q04_1 "Outside LCC mandate"

. capture label var m6_q04_2 "Serious violence/threat to life"

. capture label var m6_q04_3 "Sexual violence or SGBV"

. capture label var m6_q04_4 "Child protection concern"

. capture label var m6_q04_5 "Parties refused local mediation"

. capture label var m6_q04_6 "Local agreement not followed"

. capture label var m6_q04_7 "Facts/evidence too complex"

. capture label var m6_q04_8 "LCC lacked quorum/capacity"

. 
. capture label var m6_q12_1 "Authority too far away"

. capture label var m6_q12_2 "Transport cost/lack of transport"

. capture label var m6_q12_3 "Parties do not want referral"

. capture label var m6_q12_4 "Fear costs/delay/consequences"

. capture label var m6_q12_5 "Receiving authority slow"

. capture label var m6_q12_6 "Unclear receiving authority"

. capture label var m6_q12_7 "Lack referral-procedure knowledge"

. capture label var m6_q12_8 "Lack forms/documentation tools"

. capture label var m6_q12_9 "Pressure to keep case local"

. capture label var m6_q12_10 "Fear retaliation/worse conflict"

. capture label var m6_q12_11 "No major referral barriers"

. 
. *-------------------------------*
. **# 19.2 README
. *-------------------------------*
. 
. putexcel set "`excel_jlos'", replace sheet("README")
note: file will be replaced when the first putexcel command is issued.

. putexcel A1 = "Advancing Justice Uganda - Phase 1 baseline expanded JLOS anal
> ysis"
file C:\Users\jzava\AppData\Local\Temp\stata_worker_default_7505d64a54_74609fe5
> bb_opml03wf//phase1_baseline_jlos_expanded_analysis.xlsx saved

. putexcel A3 = "Purpose"
file C:\Users\jzava\AppData\Local\Temp\stata_worker_default_7505d64a54_74609fe5
> bb_opml03wf//phase1_baseline_jlos_expanded_analysis.xlsx saved

. putexcel B3 = "Expanded descriptive analysis of LC chairperson collaboration 
> with JLOS actors and referral pathways."
file C:\Users\jzava\AppData\Local\Temp\stata_worker_default_7505d64a54_74609fe5
> bb_opml03wf//phase1_baseline_jlos_expanded_analysis.xlsx saved

. putexcel A4 = "Sample"
file C:\Users\jzava\AppData\Local\Temp\stata_worker_default_7505d64a54_74609fe5
> bb_opml03wf//phase1_baseline_jlos_expanded_analysis.xlsx saved

. putexcel B4 = "Full Phase 1 baseline analysis sample."
file C:\Users\jzava\AppData\Local\Temp\stata_worker_default_7505d64a54_74609fe5
> bb_opml03wf//phase1_baseline_jlos_expanded_analysis.xlsx saved

. putexcel A5 = "JLOS definition"
file C:\Users\jzava\AppData\Local\Temp\stata_worker_default_7505d64a54_74609fe5
> bb_opml03wf//phase1_baseline_jlos_expanded_analysis.xlsx saved

. putexcel B5 = "Justice, Law and Order Sector: police, courts, probation/child
>  protection, and related justice-sector authorities."
file C:\Users\jzava\AppData\Local\Temp\stata_worker_default_7505d64a54_74609fe5
> bb_opml03wf//phase1_baseline_jlos_expanded_analysis.xlsx saved

. putexcel A6 = "Interpretation"
file C:\Users\jzava\AppData\Local\Temp\stata_worker_default_7505d64a54_74609fe5
> bb_opml03wf//phase1_baseline_jlos_expanded_analysis.xlsx saved

. putexcel B6 = "Descriptive baseline analysis only. These figures do not estim
> ate program impact."
file C:\Users\jzava\AppData\Local\Temp\stata_worker_default_7505d64a54_74609fe5
> bb_opml03wf//phase1_baseline_jlos_expanded_analysis.xlsx saved

. putexcel clear

. 
. *----------------------------------------------------------------------------
> --*
. **# 19.3 Figure 36: JLOS collaboration and referral practice snapshot
. *----------------------------------------------------------------------------
> --*
. * Recommended slide:
. *   "Collaboration with JLOS actors is already widespread, but referral closu
> re is weaker"
. *----------------------------------------------------------------------------
> --*
. 
. preserve

.     tempfile jlos_snapshot

.     tempname mem

. 
.     postfile `mem' byte order str70 indicator long n double value using `jlos
> _snapshot', replace
(file
    C:\Users\jzava\AppData\Local\Temp\stata_worker_default_7505d64a54_74609fe
    > 5bb_opml03wf\ST_e880_00006b.tmp not found)

. 
.     local v1  prior_formal_coordination

.     local l1  "Prior formal coordination"

.     local v2  m4_q02_referral_scope_score

.     local l2  "Knows cases requiring referral"

.     local v3  police_coordination_score

.     local l3  "Coordination with police"

.     local v4  court_coordination_score

.     local l4  "Coordination with courts"

.     local v5  referral_frequency_score

.     local l5  "Referral regularity"

.     local v6  referral_path_conf_score

.     local l6  "Knows where to refer"

.     local v7  referral_explain_conf_score

.     local l7  "Can explain referral"

.     local v8  referral_documentation_score

.     local l8  "Referral documentation"

.     local v9  referral_feedback_score

.     local l9  "Feedback after referral"

. 
.     forvalues i = 1/9 {
  2.         local v "`v`i''"
  3.         local lab "`l`i''"
  4. 
.         quietly summarize `v' if !missing(`v'), meanonly
  5.         local n = r(N)
  6.         local val = 100 * r(mean)
  7. 
.         post `mem' (`i') (`"`lab'"') (`n') (`val')
  8.     }

. 
.     postclose `mem'

. 
.     use `jlos_snapshot', clear

.     format value %9.1f

. 
.     gen item_id = order

.     label define jlos_snap_lbl ///
>         1 "Prior formal coordination" ///
>         2 "Knows cases requiring referral" ///
>         3 "Coordination with police" ///
>         4 "Coordination with courts" ///
>         5 "Referral regularity" ///
>         6 "Knows where to refer" ///
>         7 "Can explain referral" ///
>         8 "Referral documentation" ///
>         9 "Feedback after referral", replace

.     label values item_id jlos_snap_lbl

. 
.     export excel using "`excel_jlos'", sheet("fig36_jlos_snapshot", replace) 
> firstrow(variables)
file C:\Users\jzava\AppData\Local\Temp\stata_worker_default_7505d64a54_74609fe5
> bb_opml03wf//phase1_baseline_jlos_expanded_analysis.xlsx saved

. 
. graph hbar (asis) value, ///
>     bar(1, color("32 87 129")) ///
>     over(item_id, label(labsize(vsmall))) ///
>     blabel(bar, format(%4.1f) size(vsmall)) ///
>     ylabel(0(20)100, labsize(small)) ///
>     ytitle("") ///
>         scheme(plotplain) ///
>     title("JLOS collaboration and referral practice", size(medsmall)) ///
>     subtitle("Full Phase 1 baseline sample", size(small)) ///
>     note("Values are percentages or 0-1 scores converted to 0-100. JLOS = Jus
> tice, Law and Order Sector.", size(vsmall))

. 
. graph export "`fig_dir'/fig_36_jlos_snapshot.png", width(2800) replace
file C:\Users\jzava\AppData\Local\Temp\stata_worker_default_7505d64a54_74609fe5
> bb_opml03wf//phase1_baseline_figures/fig_36_jlos_snapshot.png written in PNG 
> format

. graph export "`fig_dir'/fig_36_jlos_snapshot.pdf", replace
file
    C:\Users\jzava\AppData\Local\Temp\stata_worker_default_7505d64a54_74609fe
    > 5bb_opml03wf//phase1_baseline_figures/fig_36_jlos_snapshot.pdf saved as
    PDF format

. restore

. 
. *----------------------------------------------------------------------------
> --*
. **# 19.4 Figure 37: Why chairpersons refer cases onward
. *----------------------------------------------------------------------------
> --*
. * Recommended slide:
. *   "Referral triggers broadly align with mandate and protection risks"
. *----------------------------------------------------------------------------
> --*
. 
. preserve

.     tempfile jlos_reasons

.     tempname mem

. 
.     postfile `mem' byte order str70 reason long n double value using `jlos_re
> asons', replace
(file
    C:\Users\jzava\AppData\Local\Temp\stata_worker_default_7505d64a54_74609fe
    > 5bb_opml03wf\ST_e880_00006d.tmp not found)

. 
.     local v1  m6_q04_1

.     local l1  "Outside LCC mandate"

.     local v2  m6_q04_2

.     local l2  "Serious violence/threat to life"

.     local v3  m6_q04_3

.     local l3  "Sexual violence or SGBV"

.     local v4  m6_q04_4

.     local l4  "Child protection concern"

.     local v5  m6_q04_5

.     local l5  "Parties refused local mediation"

.     local v6  m6_q04_6

.     local l6  "Local agreement not followed"

.     local v7  m6_q04_7

.     local l7  "Facts/evidence too complex"

.     local v8  m6_q04_8

.     local l8  "LCC lacked quorum/capacity"

. 
.     forvalues i = 1/8 {
  2.         local v "`v`i''"
  3.         local lab "`l`i''"
  4. 
.         quietly summarize `v' if !missing(`v'), meanonly
  5.         local n = r(N)
  6.         local val = 100 * r(mean)
  7. 
.         post `mem' (`i') (`"`lab'"') (`n') (`val')
  8.     }

. 
.     postclose `mem'

. 
.     use `jlos_reasons', clear

.     format value %9.1f

. 
.     gen item_id = order

.     label define jlos_reason_lbl ///
>         1 "Outside LCC mandate" ///
>         2 "Serious violence/threat" ///
>         3 "Sexual violence/SGBV" ///
>         4 "Child protection" ///
>         5 "Parties refused mediation" ///
>         6 "Agreement not followed" ///
>         7 "Facts too complex" ///
>         8 "LCC lacked capacity", replace

.     label values item_id jlos_reason_lbl

. 
.     export excel using "`excel_jlos'", sheet("fig37_referral_reasons", replac
> e) firstrow(variables)
file C:\Users\jzava\AppData\Local\Temp\stata_worker_default_7505d64a54_74609fe5
> bb_opml03wf//phase1_baseline_jlos_expanded_analysis.xlsx saved

. 
. graph hbar (asis) value, ///
>     bar(1, color("32 87 129")) ///
>     over(item_id, sort(value) descending label(labsize(vsmall))) ///
>     blabel(bar, format(%4.1f) size(vsmall)) ///
>     ylabel(0(20)100, labsize(small)) ///
>     ytitle("") ///
>         scheme(plotplain) ///
>     title("Reasons for referring cases onward", size(medsmall)) ///
>     subtitle("Share of chairpersons selecting each reason", size(small)) ///
>     note("Multiple responses allowed. Full Phase 1 baseline sample.", size(vs
> mall))

. 
. graph export "`fig_dir'/fig_37_jlos_referral_reasons.png", width(2800) replac
> e
file C:\Users\jzava\AppData\Local\Temp\stata_worker_default_7505d64a54_74609fe5
> bb_opml03wf//phase1_baseline_figures/fig_37_jlos_referral_reasons.png written
>  in PNG format

. graph export "`fig_dir'/fig_37_jlos_referral_reasons.pdf", replace
file
    C:\Users\jzava\AppData\Local\Temp\stata_worker_default_7505d64a54_74609fe
    > 5bb_opml03wf//phase1_baseline_figures/fig_37_jlos_referral_reasons.pdf
    saved as PDF format

. restore

. 
. *----------------------------------------------------------------------------
> --*
. **# 19.5 Figure 38: Barriers to referral
. *----------------------------------------------------------------------------
> --*
. * Recommended slide:
. *   "Referral is constrained by distance, transport, and party resistance"
. *----------------------------------------------------------------------------
> --*
. 
. preserve

.     tempfile jlos_barriers

.     tempname mem

. 
.     postfile `mem' byte order str75 barrier long n double value using `jlos_b
> arriers', replace
(file
    C:\Users\jzava\AppData\Local\Temp\stata_worker_default_7505d64a54_74609fe
    > 5bb_opml03wf\ST_e880_00006f.tmp not found)

. 
.     local v1  m6_q12_1

.     local l1  "Authority too far away"

.     local v2  m6_q12_2

.     local l2  "Transport cost/lack of transport"

.     local v3  m6_q12_3

.     local l3  "Parties do not want referral"

.     local v4  m6_q12_4

.     local l4  "Fear costs/delay/consequences"

.     local v5  m6_q12_8

.     local l5  "Lack forms/documentation tools"

.     local v6  m6_q12_10

.     local l6  "Fear retaliation/worse conflict"

.     local v7  m6_q12_5

.     local l7  "Receiving authority slow"

.     local v8  m6_q12_7

.     local l8  "Lack referral-procedure knowledge"

.     local v9  m6_q12_6

.     local l9  "Unclear receiving authority"

.     local v10 m6_q12_9

.     local l10 "Pressure to keep case local"

.     local v11 m6_q12_11

.     local l11 "No major referral barriers"

. 
.     forvalues i = 1/11 {
  2.         local v "`v`i''"
  3.         local lab "`l`i''"
  4. 
.         quietly summarize `v' if !missing(`v'), meanonly
  5.         local n = r(N)
  6.         local val = 100 * r(mean)
  7. 
.         post `mem' (`i') (`"`lab'"') (`n') (`val')
  8.     }

. 
.     postclose `mem'

. 
.     use `jlos_barriers', clear

.     format value %9.1f

. 
.     gen item_id = order

.     label define jlos_barrier_lbl ///
>         1 "Authority too far away" ///
>         2 "Transport cost/lack transport" ///
>         3 "Parties do not want referral" ///
>         4 "Fear costs/delay/consequences" ///
>         5 "Lack forms/documentation tools" ///
>         6 "Fear retaliation/worse conflict" ///
>         7 "Receiving authority slow" ///
>         8 "Lack referral-procedure knowledge" ///
>         9 "Unclear receiving authority" ///
>         10 "Pressure to keep case local" ///
>         11 "No major referral barriers", replace

.     label values item_id jlos_barrier_lbl

. 
.     export excel using "`excel_jlos'", sheet("fig38_referral_barriers", repla
> ce) firstrow(variables)
file C:\Users\jzava\AppData\Local\Temp\stata_worker_default_7505d64a54_74609fe5
> bb_opml03wf//phase1_baseline_jlos_expanded_analysis.xlsx saved

. 
. graph hbar (asis) value, ///
>     bar(1, color("211 118 35")) ///
>     over(item_id, sort(value) descending label(labsize(vsmall))) ///
>     blabel(bar, format(%4.1f) size(vsmall)) ///
>     ylabel(0(20)100, labsize(small)) ///
>     ytitle("") ///
>         scheme(plotplain) ///
>     title("Reported barriers to referral", size(medsmall)) ///
>     subtitle("Share of chairpersons selecting each barrier", size(small)) ///
>     note("Multiple responses allowed. Full Phase 1 baseline sample.", size(vs
> mall))

. 
. graph export "`fig_dir'/fig_38_jlos_referral_barriers.png", width(2800) repla
> ce
file C:\Users\jzava\AppData\Local\Temp\stata_worker_default_7505d64a54_74609fe5
> bb_opml03wf//phase1_baseline_figures/fig_38_jlos_referral_barriers.png writte
> n in PNG format

. graph export "`fig_dir'/fig_38_jlos_referral_barriers.pdf", replace
file
    C:\Users\jzava\AppData\Local\Temp\stata_worker_default_7505d64a54_74609fe
    > 5bb_opml03wf//phase1_baseline_figures/fig_38_jlos_referral_barriers.pdf
    saved as PDF format

. restore

. 
. *----------------------------------------------------------------------------
> --*
. **# 19.6 Figure 39: Referral pathway bottleneck
. *----------------------------------------------------------------------------
> --*
. * Recommended slide:
. *   "The referral loop narrows after initial coordination"
. *----------------------------------------------------------------------------
> --*
. 
. capture drop jlos_coordination_avg

. capture drop jlos_pathway_conf_avg

. capture drop jlos_closure_avg

. capture drop jlos_verified_record_avg

. 
. egen jlos_coordination_avg = rowmean(police_coordination_score court_coordina
> tion_score)
(3 missing values generated)

. label var jlos_coordination_avg "Average police/court coordination score"

. 
. egen jlos_pathway_conf_avg = rowmean(referral_path_conf_score referral_explai
> n_conf_score)

. label var jlos_pathway_conf_avg "Average confidence in referral pathway"

. 
. egen jlos_closure_avg = rowmean(referral_documentation_score referral_feedbac
> k_score)
(3 missing values generated)

. label var jlos_closure_avg "Average documentation/feedback closure score"

. 
. egen jlos_verified_record_avg = rowmean(verified_referral_record_score verifi
> ed_ref_dest_score)
(45 missing values generated)

. label var jlos_verified_record_avg "Average verified referral-record score"

. 
. preserve

.     tempfile jlos_pathway

.     tempname mem

. 
.     postfile `mem' byte order str70 stage long n double value using `jlos_pat
> hway', replace
(file
    C:\Users\jzava\AppData\Local\Temp\stata_worker_default_7505d64a54_74609fe
    > 5bb_opml03wf\ST_e880_00006h.tmp not found)

. 
.     local v1  prior_formal_coordination

.     local l1  "Prior formal coordination"

.     local v2  m4_q02_referral_scope_score

.     local l2  "Knows cases requiring referral"

.     local v3  jlos_coordination_avg

.     local l3  "Police/court coordination"

.     local v4  referral_frequency_score

.     local l4  "Referral regularity"

.     local v5  jlos_pathway_conf_avg

.     local l5  "Knows/explains referral pathway"

.     local v6  jlos_closure_avg

.     local l6  "Documentation and feedback"

.     local v7  jlos_verified_record_avg

.     local l7  "Verified referral record"

. 
.     forvalues i = 1/7 {
  2.         local v "`v`i''"
  3.         local lab "`l`i''"
  4. 
.         quietly summarize `v' if !missing(`v'), meanonly
  5.         local n = r(N)
  6.         local val = 100 * r(mean)
  7. 
.         post `mem' (`i') (`"`lab'"') (`n') (`val')
  8.     }

. 
.     postclose `mem'

. 
.     use `jlos_pathway', clear

.     format value %9.1f

. 
.     gen item_id = order

.     label define jlos_path_lbl ///
>         1 "Prior formal coordination" ///
>         2 "Knows cases requiring referral" ///
>         3 "Police/court coordination" ///
>         4 "Referral regularity" ///
>         5 "Knows/explains pathway" ///
>         6 "Documentation and feedback" ///
>         7 "Verified referral record", replace

.     label values item_id jlos_path_lbl

. 
.     export excel using "`excel_jlos'", sheet("fig39_referral_loop", replace) 
> firstrow(variables)
file C:\Users\jzava\AppData\Local\Temp\stata_worker_default_7505d64a54_74609fe5
> bb_opml03wf//phase1_baseline_jlos_expanded_analysis.xlsx saved

. 
. graph hbar (asis) value, ///
>     bar(1, color("32 87 129")) ///
>     over(item_id, label(labsize(vsmall))) ///
>     blabel(bar, format(%4.1f) size(vsmall)) ///
>     ylabel(0(20)100, labsize(small)) ///
>     ytitle("") ///
>         scheme(plotplain) ///
>     title("Referral pathway: strong entry, weaker closure", size(medsmall)) /
> //
>     subtitle("Referral loop indicators, 0-100 scale", size(small)) ///
>     note("Documentation/feedback combines referral documentation and feedback
>  after referral.", size(vsmall))

. 
. graph export "`fig_dir'/fig_39_jlos_referral_loop.png", width(2800) replace
file C:\Users\jzava\AppData\Local\Temp\stata_worker_default_7505d64a54_74609fe5
> bb_opml03wf//phase1_baseline_figures/fig_39_jlos_referral_loop.png written in
>  PNG format

. graph export "`fig_dir'/fig_39_jlos_referral_loop.pdf", replace
file
    C:\Users\jzava\AppData\Local\Temp\stata_worker_default_7505d64a54_74609fe
    > 5bb_opml03wf//phase1_baseline_figures/fig_39_jlos_referral_loop.pdf
    saved as PDF format

. restore

. 
. *----------------------------------------------------------------------------
> --*
. **# 19.7 Optional diagnostic table: JLOS indicators by district
. *----------------------------------------------------------------------------
> --*
. 
. preserve

.     keep canonical_district ///
>         prior_formal_coordination ///
>         m4_q02_referral_scope_score ///
>         police_coordination_score ///
>         court_coordination_score ///
>         referral_path_conf_score ///
>         referral_explain_conf_score ///
>         referral_documentation_score ///
>         referral_feedback_score ///
>         verified_referral_record_score ///
>         verified_ref_dest_score ///
>         idx_referral_practice ///
>         n_referral_reasons ///
>         n_referral_barriers ///
>         no_major_referral_barriers

. 
.     collapse ///
>         (count) n=idx_referral_practice ///
>         (mean) prior_formal_coordination ///
>                m4_q02_referral_scope_score ///
>                police_coordination_score ///
>                court_coordination_score ///
>                referral_path_conf_score ///
>                referral_explain_conf_score ///
>                referral_documentation_score ///
>                referral_feedback_score ///
>                verified_referral_record_score ///
>                verified_ref_dest_score ///
>                idx_referral_practice ///
>                n_referral_reasons ///
>                n_referral_barriers ///
>                no_major_referral_barriers, ///
>         by(canonical_district)

. 
.     export excel using "`excel_jlos'", sheet("district_jlos_diagnostic", repl
> ace) firstrow(variables)
file C:\Users\jzava\AppData\Local\Temp\stata_worker_default_7505d64a54_74609fe5
> bb_opml03wf//phase1_baseline_jlos_expanded_analysis.xlsx saved

. restore

. 
. *----------------------------------------------------------------------------
> --*
. **# 19.8 Console summary
. *----------------------------------------------------------------------------
> --*
. 
. display as text "------------------------------------------------------------
> "
------------------------------------------------------------

. display as text "Expanded JLOS collaboration outputs created:"
Expanded JLOS collaboration outputs created:

. display as result "`excel_jlos'"
C:\Users\jzava\AppData\Local\Temp\stata_worker_default_7505d64a54_74609fe5bb_op
> ml03wf//phase1_baseline_jlos_expanded_analysis.xlsx

. display as result "`fig_dir'/fig_36_jlos_snapshot.png"
C:\Users\jzava\AppData\Local\Temp\stata_worker_default_7505d64a54_74609fe5bb_op
> ml03wf//phase1_baseline_figures/fig_36_jlos_snapshot.png

. display as result "`fig_dir'/fig_37_jlos_referral_reasons.png"
C:\Users\jzava\AppData\Local\Temp\stata_worker_default_7505d64a54_74609fe5bb_op
> ml03wf//phase1_baseline_figures/fig_37_jlos_referral_reasons.png

. display as result "`fig_dir'/fig_38_jlos_referral_barriers.png"
C:\Users\jzava\AppData\Local\Temp\stata_worker_default_7505d64a54_74609fe5bb_op
> ml03wf//phase1_baseline_figures/fig_38_jlos_referral_barriers.png

. display as result "`fig_dir'/fig_39_jlos_referral_loop.png"
C:\Users\jzava\AppData\Local\Temp\stata_worker_default_7505d64a54_74609fe5bb_op
> ml03wf//phase1_baseline_figures/fig_39_jlos_referral_loop.png

. display as text "Recommended placement: referrals and JLOS coordination secti
> on of the Final Baseline Report."
Recommended placement: referrals and JLOS coordination section of the Final Bas
> eline Report.

. display as text "------------------------------------------------------------
> "
------------------------------------------------------------

. 
. *----------------------------------------------------------------------------
> --*
. **# 20. Cross-cutting report-ready implementation figures
. *----------------------------------------------------------------------------
> --*
. 
. * Build the records/committee figure from a compact posting table to retain l
> abels.
. tempfile operations_figure

. tempname of

. postfile `of' str80 measure double mean using `operations_figure', replace
(file
    C:\Users\jzava\AppData\Local\Temp\stata_worker_default_7505d64a54_74609fe
    > 5bb_opml03wf\ST_e880_00006j.tmp not found)

. foreach v in case_register_score verified_record_usability_score idx_record_q
> uality active_member_part_score women_participation_score idx_committee_funct
> ioning {
  2.     quietly summarize `v', meanonly
  3.     local vl : variable label `v'
  4.     post `of' (`"`vl'"') (r(mean))
  5. }

. postclose `of'

. preserve

.     use `operations_figure', clear

.     graph hbar mean, over(measure, sort(mean) descending label(labsize(small)
> )) ///
>         bar(1, color("32 87 129")) blabel(bar, format(%4.2f) size(small)) ///
>         yscale(range(0 1)) ylabel(0(.2)1, format(%3.1f) grid) ///
>         ytitle("Mean baseline score (0-1)") ///
>         title("Records and committee operational capacity", size(medsmall)) /
> //
>         note("Verified measures reflect enumerator-observed records or partic
> ipation where available.", size(vsmall))

.     graph export "`fig_dir'/fig_40_records_committee_constraints.png", width(
> 3000) replace
file C:\Users\jzava\AppData\Local\Temp\stata_worker_default_7505d64a54_74609fe5
> bb_opml03wf//phase1_baseline_figures/fig_40_records_committee_constraints.png
>  written in PNG format

.     graph export "`fig_dir'/fig_40_records_committee_constraints.pdf", replac
> e
file
    C:\Users\jzava\AppData\Local\Temp\stata_worker_default_7505d64a54_74609fe
    > 5bb_opml03wf//phase1_baseline_figures/fig_40_records_committee_constrai
    > nts.pdf saved as PDF format

. restore

. 
. tempfile norms_figure

. tempname nf

. postfile `nf' str80 measure double mean using `norms_figure', replace
(file
    C:\Users\jzava\AppData\Local\Temp\stata_worker_default_7505d64a54_74609fe
    > 5bb_opml03wf\ST_e880_00006l.tmp not found)

. foreach v in idx_perceived_legitimacy idx_safeguards idx_reintegration_norms 
> {
  2.     quietly summarize `v', meanonly
  3.     local vl : variable label `v'
  4.     post `nf' (`"`vl'"') (r(mean))
  5. }

. postclose `nf'

. preserve

.     use `norms_figure', clear

.     graph hbar mean, over(measure, sort(mean) descending label(labsize(small)
> )) ///
>         bar(1, color("63 122 120")) blabel(bar, format(%4.2f) size(small)) //
> /
>         yscale(range(0 1)) ylabel(0(.2)1, format(%3.1f) grid) ///
>         ytitle("Mean baseline score (0-1)") ///
>         title("Legitimacy, safeguards, and reintegration", size(medsmall)) //
> /
>         note("Chairperson-reported baseline measures; higher scores indicate 
> stronger practice or norms.", size(vsmall))

.     graph export "`fig_dir'/fig_41_legitimacy_safeguards_reintegration.png", 
> width(2800) replace
file C:\Users\jzava\AppData\Local\Temp\stata_worker_default_7505d64a54_74609fe5
> bb_opml03wf//phase1_baseline_figures/fig_41_legitimacy_safeguards_reintegrati
> on.png written in PNG format

.     graph export "`fig_dir'/fig_41_legitimacy_safeguards_reintegration.pdf", 
> replace
file
    C:\Users\jzava\AppData\Local\Temp\stata_worker_default_7505d64a54_74609fe
    > 5bb_opml03wf//phase1_baseline_figures/fig_41_legitimacy_safeguards_rein
    > tegration.pdf saved as PDF format

. restore

. 
. * Explicit shortlist for the narrative report.
. putexcel set "`excel_exec'", sheet("report_ready_figures", replace) modify

. putexcel A1 = "Figure file" B1 = "Purpose"
file C:\Users\jzava\AppData\Local\Temp\stata_worker_default_7505d64a54_74609fe5
> bb_opml03wf//phase1_baseline_executive_results.xlsx saved

. putexcel A2 = "fig_02_core_indices_overall" B2 = "Headline baseline domain da
> shboard"
file C:\Users\jzava\AppData\Local\Temp\stata_worker_default_7505d64a54_74609fe5
> bb_opml03wf//phase1_baseline_executive_results.xlsx saved

. putexcel A3 = "fig_04_priority_gaps" B3 = "Ranked implementation gaps"
file C:\Users\jzava\AppData\Local\Temp\stata_worker_default_7505d64a54_74609fe5
> bb_opml03wf//phase1_baseline_executive_results.xlsx saved

. putexcel A4 = "fig_13_vignette_performance" B4 = "Ordinary versus child/SGBV 
> vignette performance"
file C:\Users\jzava\AppData\Local\Temp\stata_worker_default_7505d64a54_74609fe5
> bb_opml03wf//phase1_baseline_executive_results.xlsx saved

. putexcel A5 = "fig_14_adr_mediation / fig_15_adr_barriers" B5 = "ADR practice
>  and constraints"
file C:\Users\jzava\AppData\Local\Temp\stata_worker_default_7505d64a54_74609fe5
> bb_opml03wf//phase1_baseline_executive_results.xlsx saved

. putexcel A6 = "fig_39_jlos_referral_loop" B6 = "JLOS/referral pathway"
file C:\Users\jzava\AppData\Local\Temp\stata_worker_default_7505d64a54_74609fe5
> bb_opml03wf//phase1_baseline_executive_results.xlsx saved

. putexcel A7 = "fig_40_records_committee_constraints" B7 = "Records and commit
> tee operational constraints"
file C:\Users\jzava\AppData\Local\Temp\stata_worker_default_7505d64a54_74609fe5
> bb_opml03wf//phase1_baseline_executive_results.xlsx saved

. putexcel A8 = "fig_41_legitimacy_safeguards_reintegration" B8 = "Legitimacy, 
> safeguards, and reintegration summary"
file C:\Users\jzava\AppData\Local\Temp\stata_worker_default_7505d64a54_74609fe5
> bb_opml03wf//phase1_baseline_executive_results.xlsx saved

. putexcel A9 = "fig_42_adjusted_origin_coefficients" B9 = "Adjusted administra
> tive-origin association"
file C:\Users\jzava\AppData\Local\Temp\stata_worker_default_7505d64a54_74609fe5
> bb_opml03wf//phase1_baseline_executive_results.xlsx saved

. putexcel clear

. 
. *----------------------------------------------------------------------------
> --*
. **# 21. Legatum Final Baseline Report indicator table
. *----------------------------------------------------------------------------
> --*
. * Classification follows the revised Scope of Work. Missing values below are
. * deliberate: administrative, prison, cost, intervention-effect, and future
. * community outcomes cannot be measured from this LC chairperson survey.
. 
. tempfile indicator_table

. tempname ip

. postfile `ip' str140 indicator str1 classification str80 analysis_variable //
> /
>     str200 definition double baseline_value long n str40 unit ///
>     str100 relevant_disaggregation str244 measurement_note str24 measure_type
>  ///
>     using `indicator_table', replace
(file
    C:\Users\jzava\AppData\Local\Temp\stata_worker_default_7505d64a54_74609fe
    > 5bb_opml03wf\ST_e880_00006n.tmp not found)

. 
. foreach v in idx_legal_classif_knowledge idx_adr_mediation_practice idx_refer
> ral_practice ///
>     idx_record_quality idx_institutional_functioning idx_perceived_legitimacy
>  ///
>     idx_safeguards idx_reintegration_norms {
  2.     local indicator ""
  3.     local class "A"
  4.     local def "Mean standardized baseline domain score constructed from th
> e Phase 1 LC survey."
  5.     local note "Direct structured LC survey benchmark."
  6.     local type "Direct measure"
  7.     if "`v'" == "idx_legal_classif_knowledge" local indicator "LC knowledg
> e and case triage"
  8.     if "`v'" == "idx_adr_mediation_practice" local indicator "ADR and medi
> ation practice"
  9.     if "`v'" == "idx_referral_practice" local indicator "Referral quality 
> and coordination"
 10.     if "`v'" == "idx_record_quality" local indicator "Record keeping and c
> ase management"
 11.     if "`v'" == "idx_institutional_functioning" local indicator "Instituti
> onal functioning"
 12.     if "`v'" == "idx_perceived_legitimacy" {
 13.         local indicator "Perceived legitimacy and procedural fairness"
 14.         local class "B"
 15.         local note "LC chairperson perception; not a direct community-conf
> idence measure."
 16.         local type "Survey proxy"
 17.     }
 18.     if "`v'" == "idx_safeguards" {
 19.         local indicator "Safeguards and sensitive-case handling"
 20.         local class "B"
 21.         local note "Knowledge/vignette/practice benchmark; not an administ
> rative case-flow outcome."
 22.         local type "Survey proxy"
 23.     }
 24.     if "`v'" == "idx_reintegration_norms" {
 25.         local indicator "Reintegration conditions and norms"
 26.         local class "B"
 27.         local note "Chairperson-reported norms and conditions; not a surve
> y of former prisoners or communities."
 28.         local type "Survey proxy"
 29.     }
 30.     quietly summarize `v'
 31.     post `ip' (`"`indicator'"') ("`class'") ("`v'") (`"`def'"') ///
>         (r(mean)) (r(N)) ("Mean score (0-1)") ///
>         ("Canonical district; administrative origin") (`"`note'"') ("`type'")
 32. }

. 
. post `ip' ("0.0.1 Reduction in petty cases entering the formal-justice system
> ") ("C") ("") ///
>     ("Administrative count/share of petty cases entering the formal system") 
> (.) (.) ("Percent change") ///
>     ("Administrative geography and case type") ("Requires comparable police/c
> ourt administrative case-flow data.") ("Not measurable")

. post `ip' ("0.0.2 Reduction in the number of remandees") ("C") ("") ///
>     ("Administrative remand population outcome") (.) (.) ("Count/percent chan
> ge") ///
>     ("Prison/court characteristics") ("Requires prison and court administrati
> ve data.") ("Not measurable")

. post `ip' ("Cost-effectiveness / cost per case resolved") ("C") ("") ///
>     ("Program costs relative to verified resolved cases") (.) (.) ("Currency 
> per case") ///
>     ("Program arm and implementation unit") ("Requires program cost data and 
> verified administrative outcomes.") ("Not measurable")

. post `ip' ("1.1.1 Increase in petty cases resolved through ADR") ("C") ("") /
> //
>     ("Administrative volume/share of eligible cases resolved through ADR") (.
> ) (.) ("Percent change") ///
>     ("Case type; district; implementation period") ("Survey practice is a ben
> chmark only; the indicator requires verified case-flow data.") ("Not measurab
> le")

. post `ip' ("1.1.2 Increase in cases referred to LCCs for ADR") ("C") ("") ///
>     ("Administrative referrals into LCC ADR") (.) (.) ("Percent change") ///
>     ("Referring authority; district") ("Requires administrative referral reco
> rds.") ("Not measurable")

. post `ip' ("2.1 Reduction in time spent on remand") ("C") ("") ///
>     ("Duration on remand") (.) (.) ("Days/percent change") ///
>     ("Case and prisoner characteristics") ("Requires prison/court administrat
> ive longitudinal data.") ("Not measurable")

. post `ip' ("2.2 Legal-aid beneficiaries receiving a hearing within 60 days") 
> ("C") ("") ///
>     ("Share of supported cases heard within 60 days") (.) (.) ("Percent") ///
>     ("Case and beneficiary characteristics") ("Requires legal-aid and court a
> dministrative data.") ("Not measurable")

. post `ip' ("3.1.5 Prisoners generating income through acquired skills") ("C")
>  ("") ///
>     ("Income-generating activity among supported prisoners/former prisoners")
>  (.) (.) ("Percent/count") ///
>     ("Participant characteristics") ("Requires beneficiary follow-up and prog
> ram monitoring data.") ("Not measurable")

. post `ip' ("4.1.1 Improvements adopted by JLOS institutions") ("C") ("") ///
>     ("Institutional reforms attributable to advocacy") (.) (.) ("Count/qualit
> ative verification") ///
>     ("Institution and reform type") ("Requires institutional documentation an
> d follow-up verification.") ("Not measurable")

. post `ip' ("4.1.2 Reduction in case backlog") ("C") ("") ///
>     ("Administrative case backlog") (.) (.) ("Count/percent change") ///
>     ("Court; case type; period") ("Requires court administrative data.") ("No
> t measurable")

. postclose `ip'

. 
. putexcel set "`excel_ind'", replace sheet("README")
note: file will be replaced when the first putexcel command is issued.

. putexcel A1 = "Legatum Phase 1 Final Baseline indicator table"
file C:\Users\jzava\AppData\Local\Temp\stata_worker_default_7505d64a54_74609fe5
> bb_opml03wf//phase1_baseline_indicator_table.xlsx saved

. putexcel A3 = "Classification A" B3 = "Directly measurable from the Phase 1 b
> aseline survey"
file C:\Users\jzava\AppData\Local\Temp\stata_worker_default_7505d64a54_74609fe5
> bb_opml03wf//phase1_baseline_indicator_table.xlsx saved

. putexcel A4 = "Classification B" B4 = "Survey proxy or benchmark only"
file C:\Users\jzava\AppData\Local\Temp\stata_worker_default_7505d64a54_74609fe5
> bb_opml03wf//phase1_baseline_indicator_table.xlsx saved

. putexcel A5 = "Classification C" B5 = "Not measurable from the Phase 1 LC sur
> vey; administrative or follow-up data required"
file C:\Users\jzava\AppData\Local\Temp\stata_worker_default_7505d64a54_74609fe5
> bb_opml03wf//phase1_baseline_indicator_table.xlsx saved

. putexcel A6 = "Interpretation" B6 = "No value is imputed for indicators outsi
> de the measurement scope of this survey."
file C:\Users\jzava\AppData\Local\Temp\stata_worker_default_7505d64a54_74609fe5
> bb_opml03wf//phase1_baseline_indicator_table.xlsx saved

. putexcel clear

. preserve

.     use `indicator_table', clear

.     format baseline_value %9.3f

.     export excel using "`excel_ind'", sheet("indicator_table", replace) first
> row(variables)
file C:\Users\jzava\AppData\Local\Temp\stata_worker_default_7505d64a54_74609fe5
> bb_opml03wf//phase1_baseline_indicator_table.xlsx saved

. restore

. 
. *----------------------------------------------------------------------------
> --*
. **# 22. Final validation and close
. *----------------------------------------------------------------------------
> --*
. 
. assert _N == 129

. isid canonical_village_uid

. assert analysis_sample == 1

. assert consent == 1

. local index_counter = 0

. foreach v of local all_indices {
  2.     assert inrange(`v', 0, 1) if !missing(`v')
  3.     quietly summarize `v', meanonly
  4.     local ++index_counter
  5.     assert r(N) == `index_n`index_counter''
  6.     assert abs(r(sum) - `index_sum`index_counter'') < 1e-10
  7. }

. 
. copy "`excel_exec'" "`excel_exec_final'", replace
(file C:/Users/jzava/Documents/GitHub/Advancing-Justice-Uganda-LC/2
    Output/Phase1_Baseline_Executive/tables/phase1_baseline_executive_results
    > .xlsx not found)

. copy "`excel_items'" "`excel_items_final'", replace
(file C:/Users/jzava/Documents/GitHub/Advancing-Justice-Uganda-LC/2
    Output/Phase1_Baseline_Executive/tables/phase1_baseline_all_item_tabulati
    > ons.xlsx not found)

. copy "`excel_origin'" "`excel_origin_final'", replace
(file C:/Users/jzava/Documents/GitHub/Advancing-Justice-Uganda-LC/2
    Output/Phase1_Baseline_Executive/tables/phase1_baseline_origin_comparison
    > .xlsx not found)

. copy "`excel_reg'" "`excel_reg_final'", replace
(file C:/Users/jzava/Documents/GitHub/Advancing-Justice-Uganda-LC/2
    Output/Phase1_Baseline_Executive/tables/phase1_baseline_regression_result
    > s.xlsx not found)

. copy "`excel_ind'" "`excel_ind_final'", replace
(file C:/Users/jzava/Documents/GitHub/Advancing-Justice-Uganda-LC/2
    Output/Phase1_Baseline_Executive/tables/phase1_baseline_indicator_table.x
    > lsx not found)

. copy "`excel_jlos'" "`excel_jlos_final'", replace
(file C:/Users/jzava/Documents/GitHub/Advancing-Justice-Uganda-LC/2
    Output/Phase1_Baseline_Executive/tables/phase1_baseline_jlos_expanded_ana
    > lysis.xlsx not found)

. 
. local png_files : dir "`fig_dir'" files "*.png"

. foreach f of local png_files {
  2.     copy "`fig_dir'/`f'" "`fig_dir_final'/`f'", replace
  3. }

. local pdf_files : dir "`fig_dir'" files "*.pdf"

. foreach f of local pdf_files {
  2.     copy "`fig_dir'/`f'" "`fig_dir_final'/`f'", replace
  3. }

. 
. foreach f in "`excel_exec_final'" "`excel_items_final'" "`excel_origin_final'
> " "`excel_reg_final'" "`excel_ind_final'" "`excel_jlos_final'" {
  2.     confirm file `"`f'"'
  3. }

. foreach f in fig_02_core_indices_overall fig_04_priority_gaps fig_13_vignette
> _performance ///
>     fig_14_adr_mediation fig_15_adr_barriers fig_39_jlos_referral_loop ///
>     fig_40_records_committee_constraints fig_41_legitimacy_safeguards_reinteg
> ration ///
>     fig_42_adjusted_origin_coefficients {
  2.     confirm file "`fig_dir_final'/`f'.png"
  3.     confirm file "`fig_dir_final'/`f'.pdf"
  4. }

. 
. display as result "Final Phase 1 baseline analysis complete: N=" _N
Final Phase 1 baseline analysis complete: N=129

. display as result "Main workbook: `excel_exec_final'"
Main workbook: C:/Users/jzava/Documents/GitHub/Advancing-Justice-Uganda-LC/2 Ou
> tput/Phase1_Baseline_Executive/tables/phase1_baseline_executive_results.xlsx

. display as result "Supplementary workbook: `excel_items_final'"
Supplementary workbook: C:/Users/jzava/Documents/GitHub/Advancing-Justice-Ugand
> a-LC/2 Output/Phase1_Baseline_Executive/tables/phase1_baseline_all_item_tabul
> ations.xlsx

. display as result "Origin comparison workbook: `excel_origin_final'"
Origin comparison workbook: C:/Users/jzava/Documents/GitHub/Advancing-Justice-U
> ganda-LC/2 Output/Phase1_Baseline_Executive/tables/phase1_baseline_origin_com
> parison.xlsx

. display as result "Regression workbook: `excel_reg_final'"
Regression workbook: C:/Users/jzava/Documents/GitHub/Advancing-Justice-Uganda-L
> C/2 Output/Phase1_Baseline_Executive/tables/phase1_baseline_regression_result
> s.xlsx

. display as result "Indicator workbook: `excel_ind_final'"
Indicator workbook: C:/Users/jzava/Documents/GitHub/Advancing-Justice-Uganda-LC
> /2 Output/Phase1_Baseline_Executive/tables/phase1_baseline_indicator_table.xl
> sx

. display as result "Figures folder: `fig_dir_final'"
Figures folder: C:/Users/jzava/Documents/GitHub/Advancing-Justice-Uganda-LC/2 O
> utput/Phase1_Baseline_Executive/figures

. display as result "Log file: `log_dir'/phase1_baseline_executive_analysis.log
> "
Log file: C:/Users/jzava/Documents/GitHub/Advancing-Justice-Uganda-LC/2 Output/
> Phase1_Baseline_Executive/logs/phase1_baseline_executive_analysis.log

. 
. log close
      name:  <unnamed>
       log:  C:/Users/jzava/Documents/GitHub/Advancing-Justice-Uganda-LC/2 Outp
> ut/Phase1_Baseline_Executive/logs/phase1_baseline_executive_analysis.log
  log type:  text
 closed on:   5 Sep 2026, 21:02:07
-------------------------------------------------------------------------------
-------------------------------------------------------------------------------
      name:  <unnamed>
       log:  C:/Users/jzava/Documents/GitHub/Advancing-Justice-Uganda-LC/2 Outp
> ut/Phase1_Baseline_Executive/logs/phase1_baseline_executive_analysis.log
  log type:  text
 opened on:   5 Sep 2026, 21:03:28

. assert _N == 129

. isid canonical_village_uid

. sort canonical_village_uid

. cf canonical_village_uid m5_q14 m5_q16 m5_q14_score m5_q16_score idx_* using 
> "${input_dir}/3 Coded/phase1_baseline_analysis.dta", all
canonical_vill~d: match
          m5_q14: match
          m5_q16: match
    m5_q14_score: match
    m5_q16_score: match
idx_respondent~y: match
idx_institutio~g: match
idx_legal_clas~e: match
idx_adr_mediat~e: match
idx_referral_p~e: match
idx_record_qua~y: match
idx_committee_~g: match
idx_perceived_~y: match
  idx_safeguards: match
idx_reintegrat~s: match
idx_lcc_operat~y: match
idx_lcc_case_h~y: match
idx_lcc_legiti~s: match
idx_p1_base_me~y: match
idx_vignette_c~n: match
idx_safeguard_~w: match

. display "Label-only validation: every raw item, score and idx_* value matches
>  the unchanged locked input."
Label-only validation: every raw item, score and idx_* value matches the unchan
> ged locked input.

. log close
      name:  <unnamed>
       log:  C:/Users/jzava/Documents/GitHub/Advancing-Justice-Uganda-LC/2 Outp
> ut/Phase1_Baseline_Executive/logs/phase1_baseline_executive_analysis.log
  log type:  text
 closed on:   5 Sep 2026, 21:03:28
-------------------------------------------------------------------------------
