n,mean_minutes,median_minutes,p10_minutes,p90_minutes,max_minutes,n_under_20,n_over_120
133,51.20714285714286,44.56666666666667,23.33333333333333,75.7,461.7333333333333,7,3
