-------------------------------------------------------------------------------
      name:  <unnamed>
       log:  C:/Users/jzava/Documents/GitHub/Advancing-Justice-Uganda-LC/2 Outp
> ut/Phase1_Baseline_Selected100_Observed/logs/phase1_baseline_executive_analys
> is.log
  log type:  text
 opened on:   2 Oct 2026, 14:25:27

. 
. set scheme plotplain

. graph set window fontface "Arial"
not available in non-GUI version

. 
. use "`analysis_data'", clear
(Final de-identified Phase 1 baseline analytical cohort)

. 
. keep if analysis_sample == 1
(0 observations deleted)

. 
. * Validate the derived amended cohort; do not freeze superseded sample counts
> .
. assert _N > 0

. local full_n = _N

. assert analysis_sample == 1

. assert consent == 1

. isid survey_record_id

. isid submission_key

. isid canonical_village_uid

. assert inlist(canonical_district, "Bushenyi", "Rubirizi", "Sheema")

. assert inlist(baseline_wave, 1, 2)

. quietly count if baseline_wave == 2

. assert r(N) == 34

. assert inlist(p1_admin_origin, 0, 1, 2)

. assert p1_admin_previously_contacted == inlist(p1_admin_origin, 1, 2)

. quietly count if p1_admin_previously_contacted == 1

. local legacy_n = r(N)

. assert !missing(canonical_district, canonical_subcounty, canonical_parish, ca
> nonical_village)

. 
. * Encode district for regressions/tables where needed
. capture drop district_id

. encode canonical_district, gen(district_id)

. label var district_id "Canonical district numeric ID"

. 
. * Helpful global file paths for helper programs
. global AJU_EXEC_XLSX "`excel_exec'"

. global AJU_ITEMS_XLSX "`excel_items'"

. global AJU_FIG_DIR   "`fig_dir'"

. 
. * Core variable lists
. local core_indices ///
>     idx_respondent_capacity ///
>     idx_institutional_functioning ///
>     idx_legal_classif_knowledge ///
>     idx_adr_mediation_practice ///
>     idx_referral_practice ///
>     idx_record_quality ///
>     idx_committee_functioning ///
>     idx_perceived_legitimacy ///
>     idx_safeguards ///
>     idx_reintegration_norms

. 
. local composite_indices ///
>     idx_lcc_operational_capacity ///
>     idx_lcc_case_handling_quality ///
>     idx_lcc_legitimacy_and_norms ///
>     idx_p1_base_mentor_ready_proxy

. 
. local all_indices `core_indices' `composite_indices'

. 
. local high_flags ///
>     high_operational_capacity ///
>     high_case_handling_quality ///
>     high_legitimacy_norms ///
>     high_mentor_readiness_proxy

. 
. * Add compact labels for the most important indices
. label var idx_respondent_capacity          "Respondent capacity"

. label var idx_institutional_functioning   "Institutional functioning"

. label var idx_legal_classif_knowledge     "Legal/classification knowledge"

. label var idx_adr_mediation_practice      "ADR/mediation practice"

. label var idx_referral_practice           "Referral practice"

. label var idx_record_quality              "Record quality"

. label var idx_committee_functioning       "Committee functioning"

. label var idx_perceived_legitimacy        "Perceived legitimacy"

. label var idx_safeguards                  "Safeguards/referral knowledge"

. label var idx_reintegration_norms         "Reintegration norms"

. label var idx_lcc_operational_capacity    "Operational capacity"

. label var idx_lcc_case_handling_quality   "Case-handling quality"

. label var idx_lcc_legitimacy_and_norms    "Legitimacy and reintegration"

. label var idx_p1_base_mentor_ready_proxy  "Baseline mentor-readiness proxy"

. 
. *----------------------------------------------------------------------------
> --*
. **# 0.2 Presentation labels and output hygiene
. *----------------------------------------------------------------------------
> --*
. * These labels affect output readability only. They do not change values or s
> coring.
. 
. capture confirm numeric variable enum

. if !_rc {
.     local enum_vallab : value label enum
.     if "`enum_vallab'" != "" {
.         capture label define `enum_vallab' 11 "Enumerator 11 - name pending",
>  modify
.     }
. }

. 
. capture label var flag_caseload_30d_gt_3m "30-day caseload exceeds reported 3
> -month caseload"

. capture label var flag_pending_gt_3m "Pending/unresolved cases exceed reporte
> d 3-month caseload"

. capture label var flag_direct_gt_3m "Directly brought cases exceed reported 3
> -month caseload"

. capture label var flag_referred_to_lcc_gt_3m "Cases referred to LCC exceed re
> ported 3-month caseload"

. capture label var flag_referred_onward_gt_3m "Cases referred onward exceed re
> ported 3-month caseload"

. capture label var lcc_vacancies_count "Number of vacant LCC/LC committee posi
> tions"

. capture label var any_serious_or_sensitive_case_3m "Reported child-related or
>  SGBV case in past 3 months"

. 
. capture label var m3_q04_1  "Land or boundary disputes"

. capture label var m3_q04_2  "Family or marital disputes"

. capture label var m3_q04_3  "Debt, loan, or money disputes"

. capture label var m3_q04_4  "Neighbor insults, threats, or verbal conflicts"

. capture label var m3_q04_5  "Minor assault or physical fights"

. capture label var m3_q04_6  "Property damage or theft matters"

. capture label var m3_q04_7  "Child-related cases"

. capture label var m3_q04_8  "Sexual violence or SGBV cases"

. capture label var m3_q04_9  "Alcohol, disorderly conduct, or public disturban
> ce"

. capture label var m3_q04_10 "Reintegration/former prisoner conflicts"

. 
. capture label var v01_boundary_q1_correct "Boundary vignette: correct classif
> ication"

. capture label var v01_boundary_q2_correct "Boundary vignette: correct action/
> referral"

. capture label var v01_boundary_q3_correct "Boundary vignette: appropriate act
> or involvement/notification"

. capture label var v02_family_q1_correct "Family dispute vignette: correct cla
> ssification"

. capture label var v02_family_q2_correct "Family dispute vignette: correct act
> ion/referral"

. capture label var v02_family_q3_correct "Family dispute vignette: appropriate
>  actor involvement/notification"

. capture label var v05_child_q1_correct "Child-related vignette: correct class
> ification"

. capture label var v05_child_q2_correct "Child-related vignette: correct actio
> n/referral"

. capture label var v05_child_q3_correct "Child-related vignette: appropriate a
> ctor involvement/notification"

. capture label var v06_sgbv_q1_correct "SGBV vignette: correct classification"

. capture label var v06_sgbv_q2_correct "SGBV vignette: correct action/referral
> "

. capture label var v06_sgbv_q3_correct "SGBV vignette: appropriate actor invol
> vement/notification"

. 
. capture label var m5_q01_score "Reported frequency of trying ADR before escal
> ation"

. capture label var m5_q02_score "Reported frequency of hearing both sides"

. capture label var m5_q03_score "Reported frequency of allowing uninterrupted 
> explanations"

. capture label var m5_q06_score "ADR practice score: recording agreements"

. capture label var m5_q07_score "ADR practice score: follow-up after mediation
> "

. capture label var adr_confidence_score "Confidence mediating ordinary local d
> isputes"

. capture label var deescalation_confidence_score "Confidence de-escalating ten
> se disputes"

. capture label var m5_q14_score "Reported frequency of compliance with mediate
> d agreements"

. capture label var m5_q16_score "Perceived prevention of escalation to police 
> or courts"

. 
. capture label var m5_q11_1 "Parties refuse to attend or participate"

. capture label var m5_q11_2 "Parties do not trust the LCC"

. capture label var m5_q11_3 "Conflict too intense or parties too angry"

. capture label var m5_q11_4 "Power imbalance between parties"

. capture label var m5_q11_5 "Case outside LCC mandate"

. capture label var m5_q11_6 "LCC members need more training"

. capture label var m5_q11_7 "Lack of records, forms, or materials"

. capture label var m5_q11_8 "Weak cooperation from formal authorities"

. capture label var m5_q11_9 "Fear of retaliation or community pressure"

. capture label var m5_q11_10 "No major ADR barriers"

. 
. capture label var m5_q13_1 "Mediation between parties"

. capture label var m5_q13_2 "Community dialogue"

. capture label var m5_q13_3 "Reconciliation meeting"

. capture label var m5_q13_4 "Negotiated written agreement"

. capture label var m5_q13_5 "Advice or warning to parties"

. capture label var m5_q13_6 "Referral to another authority"

. capture label var m5_q13_7 "Committee hearing and decision"

. capture label var m5_q13_8 "Restitution or compensation agreement"

. 
. capture label var referral_frequency_score "Referral practice score: frequenc
> y/regularity"

. capture label var referral_documentation_score "Referral practice score: docu
> mentation"

. capture label var referral_feedback_score "Referral practice score: receiving
>  feedback"

. capture label var police_coordination_score "Perceived ease of coordinating w
> ith police"

. capture label var court_coordination_score "Perceived ease of coordinating wi
> th court/formal justice actors"

. capture label var referral_path_conf_score "Confidence knowing where to refer
>  cases"

. capture label var referral_explain_conf_score "Confidence explaining referral
> s to community members"

. capture label var women_perspective_mechanism "Reported mechanism to consider
>  women's perspectives in case handling"

. 
. capture label var m6_q04_1 "Referral reason: outside LCC mandate"

. capture label var m6_q04_2 "Referral reason: serious violence/threat to life"

. capture label var m6_q04_3 "Referral reason: sexual violence or SGBV"

. capture label var m6_q04_4 "Referral reason: child protection concern"

. capture label var m6_q04_5 "Referral reason: parties refused local mediation"

. capture label var m6_q04_6 "Referral reason: local agreement not followed"

. capture label var m6_q04_7 "Referral reason: facts or evidence too complex"

. capture label var m6_q04_8 "Referral reason: LCC lacked quorum/capacity"

. 
. capture label var m6_q12_1 "Referral barrier: authority too far away"

. capture label var m6_q12_2 "Referral barrier: transport cost/lack of transpor
> t"

. capture label var m6_q12_3 "Referral barrier: parties do not want referral"

. capture label var m6_q12_4 "Referral barrier: fear costs, delay, or consequen
> ces"

. capture label var m6_q12_5 "Referral barrier: receiving authority slow"

. capture label var m6_q12_6 "Referral barrier: unclear receiving authority"

. capture label var m6_q12_7 "Referral barrier: lack referral-procedure knowled
> ge"

. capture label var m6_q12_8 "Referral barrier: lack forms/documentation tools"

. capture label var m6_q12_9 "Referral barrier: pressure to keep case local"

. capture label var m6_q12_10 "Referral barrier: fear retaliation/worse conflic
> t"

. capture label var m6_q12_11 "No major referral barriers"

. 
. capture label var m7_q15_1 "Record challenge: no registers/books/forms/paper"

. capture label var m7_q15_2 "Record challenge: no pens/basic stationery"

. capture label var m7_q15_3 "Record challenge: need training on case records"

. capture label var m7_q15_4 "Record challenge: limited time for records"

. capture label var m7_q15_5 "Record challenge: difficulty writing required lan
> guage"

. capture label var m7_q15_6 "Record challenge: record holder often unavailable
> "

. capture label var m7_q15_7 "Record challenge: records lost/damaged/insecure"

. capture label var m7_q15_8 "Record challenge: hard to record sensitive cases"

. capture label var m7_q15_9 "No major record-keeping challenges"

. 
. capture label var m8_q15_1 "Committee challenge: members often absent"

. capture label var m8_q15_2 "Committee challenge: members lack time"

. capture label var m8_q15_3 "Committee challenge: members need training"

. capture label var m8_q15_4 "Committee challenge: one member dominates"

. capture label var m8_q15_5 "Committee challenge: women/junior members less ac
> tive"

. capture label var m8_q15_6 "Committee challenge: quorum difficult"

. capture label var m8_q15_7 "Committee challenge: disagreements delay decision
> s"

. capture label var m8_q15_8 "Committee challenge: no meeting place/materials/r
> ecords"

. capture label var m8_q15_9 "Committee challenge: community prefers one leader
> "

. capture label var m8_q15_10 "No major committee challenges"

. 
. capture label var m11_q10_1 "Reintegration support: family/community acceptan
> ce"

. capture label var m11_q10_2 "Reintegration support: livelihood or income"

. capture label var m11_q10_3 "Reintegration support: psychosocial/emotional su
> pport"

. capture label var m11_q10_4 "Reintegration support: family/community mediatio
> n"

. capture label var m11_q10_5 "Reintegration support: LC/community leaders"

. capture label var m11_q10_6 "Reintegration support: religious/clan/cultural l
> eaders"

. capture label var m11_q10_7 "Reintegration support: legal/administrative supp
> ort"

. capture label var m11_q10_8 "Reintegration support: skills training/education
> "

. capture label var m11_q10_9 "No support needed/manage alone"

. 
. capture label var m11_q12_1 "Reintegration barrier: fear of reoffending"

. capture label var m11_q12_2 "Reintegration barrier: fear of violence/conflict
> "

. capture label var m11_q12_3 "Reintegration barrier: shame or stigma"

. capture label var m11_q12_4 "Reintegration barrier: lack of trust"

. capture label var m11_q12_5 "Reintegration barrier: victims/families not reco
> nciled"

. capture label var m11_q12_6 "Reintegration barrier: lack livelihood/work"

. capture label var m11_q12_7 "Reintegration barrier: weak support structures"

. capture label var m11_q12_8 "Reintegration barrier: people do not know how to
>  support"

. capture label var m11_q12_9 "Community usually willing to accept"

. 
. * Original randomized-list membership is defined once in Data Preparation,
. * independently of administrative "new" status. The 100-row frame contains
. * explicit missing survey responses; only observed interviews enter analysis.
. tempfile frame_observed full_cohort primary_cohort index_snapshot

. preserve

. use "${input_dir}/3 Coded/phase1_baseline_selected100_frame.dta", clear
(Original selected-100 frame; 93 interviews, 7 without responses)

. assert _N == 100

. local frame_n = _N

. isid selected100_frame_uid

. isid canonical_village_uid

. assert inlist(selected100_survey_observed, 0, 1)

. assert analysis_sample == selected100_survey_observed

. assert missing(submission_key) & missing(consent) if selected100_survey_obser
> ved == 0

. quietly count if selected100_survey_observed == 1

. local frame_observed_n = r(N)

. keep if selected100_survey_observed == 1
(7 observations deleted)

. keep selected100_frame_uid

. save `frame_observed'
file
    C:\Users\jzava\AppData\Local\Temp\stata_worker_default_7505d64a54_74609fe
    > 5bb_p9v2kmuv\ST_9a18_000040.tmp saved as .dta format

. restore

. merge m:1 selected100_frame_uid using `frame_observed', ///
>     keep(master match) gen(__frame_match)

    Result                      Number of obs
    -----------------------------------------
    Not matched                            37
        from master                        37  (__frame_match==1)
        from using                          0  (__frame_match==2)

    Matched                                93  (__frame_match==3)
    -----------------------------------------

. assert _N == `full_n'

. assert (__frame_match == 3) == selected_fvl100_observed

. assert selected_fvl100_observed == 0 if p1_admin_previously_contacted == 1

. assert p1_admin_origin == 0 if selected_fvl100_observed == 1

. drop __frame_match

. save `full_cohort'
file
    C:\Users\jzava\AppData\Local\Temp\stata_worker_default_7505d64a54_74609fe
    > 5bb_p9v2kmuv\ST_9a18_000041.tmp saved as .dta format

. 
. keep if selected_fvl100_observed == 1
(37 observations deleted)

. local primary_n = _N

. local unobserved_n = `frame_n' - `primary_n'

. assert `primary_n' == `frame_observed_n'

. assert `primary_n' > 0 & `primary_n' <= `frame_n'

. isid canonical_village_uid

. isid selected100_frame_uid

. display as result "Selected-list frame: `frame_n'; observed analytical LCs: `
> primary_n'; unobserved: `unobserved_n'."
Selected-list frame: 100; observed analytical LCs: 93; unobserved: 7.

. tab canonical_district, missing

                     canonical_district |      Freq.     Percent        Cum.
----------------------------------------+-----------------------------------
                               Bushenyi |         41       44.09       44.09
                               Rubirizi |         28       30.11       74.19
                                 Sheema |         24       25.81      100.00
----------------------------------------+-----------------------------------
                                  Total |         93      100.00

. tab baseline_wave, missing

      Baseline collection wave |      Freq.     Percent        Cum.
-------------------------------+-----------------------------------
    Original May/June baseline |         68       73.12       73.12
August 2026 mop-up/re-baseline |         25       26.88      100.00
-------------------------------+-----------------------------------
                         Total |         93      100.00

. preserve

. keep submission_key `all_indices'

. sort submission_key

. save `index_snapshot'
file
    C:\Users\jzava\AppData\Local\Temp\stata_worker_default_7505d64a54_74609fe
    > 5bb_p9v2kmuv\ST_9a18_000043.tmp saved as .dta format

. restore

. 
. * Preserve the primary-cohort index values across descriptive analyses.
. local index_counter = 0

. foreach v of local all_indices {
  2.     assert inrange(`v', 0, 1) if !missing(`v')
  3.     quietly summarize `v', meanonly
  4.     local ++index_counter
  5.     local index_n`index_counter' = r(N)
  6.     local index_sum`index_counter' = r(sum)
  7. }

. 
. 
. *----------------------------------------------------------------------------
> --*
. **# 0.3 Helper programs
. *----------------------------------------------------------------------------
> --*
. 
. capture program drop aju_mean_table

. program define aju_mean_table
  1.     syntax anything, SHEET(string) MODULE(string) [XLSX(string) GRAPH(stri
> ng) GRAPHVARS(string) TITLE(string) GAP]
  2. 
.     tempfile out
  3.     tempname memhold
  4.     postfile `memhold' str80 module str80 variable str160 label ///
>         long n double mean sd min p25 p50 p75 max gap using `out', replace
  5. 
.     local clean_module "`module'"
  6.     local rawvars `anything'
  7.     local sample_n = _N
  8. 
.     foreach v of local rawvars {
  9.         capture confirm numeric variable `v'
 10.         if !_rc {
 11.             quietly count if !missing(`v')
 12.             local n = r(N)
 13.             local vlab : variable label `v'
 14.             if `"`vlab'"' == "" local vlab "`v'"
 15.             local vlab = substr(`"`vlab'"', 1, 160)
 16. 
.             if `n' > 0 {
 17.                 quietly summarize `v', detail
 18.                 local mean = r(mean)
 19.                 local sd   = r(sd)
 20.                 local min  = r(min)
 21.                 local p25  = r(p25)
 22.                 local p50  = r(p50)
 23.                 local p75  = r(p75)
 24.                 local max  = r(max)
 25.                 local gapval = .
 26.                 if "`gap'" != "" & `mean' >= 0 & `mean' <= 1 local gapval 
> = 1 - `mean'
 27.             }
 28.             else {
 29.                 local mean   = .
 30.                 local sd     = .
 31.                 local min    = .
 32.                 local p25    = .
 33.                 local p50    = .
 34.                 local p75    = .
 35.                 local max    = .
 36.                 local gapval = .
 37.             }
 38. 
.             post `memhold' (`"`clean_module'"') (`"`v'"') (`"`vlab'"') ///
>                 (`n') (`mean') (`sd') (`min') (`p25') (`p50') (`p75') (`max')
>  (`gapval')
 39.         }
 40.     }
 41.     postclose `memhold'
 42. 
.     local outxlsx "${AJU_EXEC_XLSX}"
 43.     if `"`xlsx'"' != "" local outxlsx `"`xlsx'"'
 44. 
.     preserve
 45.         use `out', clear
 46.         drop if n == 0
 47.         order module variable label n mean sd min p25 p50 p75 max gap
 48.         if "`gap'" == "" drop gap
 49.         export excel using `"`outxlsx'"', sheet("`sheet'", replace) firstr
> ow(variables)
 50. 
.         if `"`graph'"' != "" {
 51.             * Counts/years remain in the workbook, not on a common score a
> xis.
.             local plotvars `rawvars'
 52.             if `"`graphvars'"' != "" local plotvars `graphvars'
 53.             gen byte __show = 0
 54.             foreach v of local plotvars {
 55.                 replace __show = 1 if variable == "`v'"
 56.             }
 57.             keep if __show == 1
 58.             assert min >= 0 & max <= 1 if n > 0
 59.             replace label = label + " (n=" + strtrim(string(n, "%9.0f")) +
>  ")"
 60.             quietly count if !missing(mean)
 61.             if r(N) > 0 {
 62.                 local graphname = strtoname("`graph'")
 63.                 local graphname = substr("`graphname'", 1, 32)
 64.                 local graphtitle `"`title'"'
 65.                 if `"`graphtitle'"' == "" local graphtitle "`sheet'"
 66. 
.                 * Native multiline category labels; keep full text in Excel.
.                 gsort -mean label
 67.                 gen __id = _n
 68.                 local category_labels ""
 69.                 forvalues i = 1/`=_N' {
 70.                     local text = label[`i']
 71.                     local line ""
 72.                     local lines ""
 73.                     local words : word count `text'
 74.                     forvalues j = 1/`words' {
 75.                         local word : word `j' of `text'
 76.                         if strlen(`"`line' `word'"') > 34 & `"`line'"' != 
> "" {
 77.                             local lines `"`lines' "`line'" "'
 78.                             local line `"`word'"'
 79.                         }
 80.                         else local line = strtrim(`"`line' `word'"')
 81.                     }
 82.                     local lines `"`lines' "`line'" "'
 83.                     local category_labels `"`category_labels' `i' `"`lines
> '"' "'
 84.                 }
 85.                 local graphheight = max(5, min(11, _N*.38 + 2.4))
 86.                 local category_size = max(1.25, min(2.4, 23/_N))
 87.                 graph hbar mean if !missing(mean), ///
>                     over(__id, relabel(`category_labels') label(labsize(`cate
> gory_size'))) ///
>                     bar(1, color("32 87 129")) ///
>                     blabel(bar, format(%4.2f) size(vsmall)) ///
>                     yscale(range(0 1)) ylabel(0(.2)1, format(%3.1f) grid) ///
>                     ytitle("Mean score / share (0-1)") ///
>                     xsize(12) ysize(`graphheight') graphregion(margin(l=27 r=
> 3)) ///
>                     title(`"`graphtitle'"', size(medsmall) span) ///
>                     note("Observed selected-list interviews: N=`sample_n'; it
> em N shown." ///
>                          "Scores and shares differ; evidence types are detail
> ed in Excel.", size(vsmall) span) ///
>                     name(`graphname', replace)
 88. 
.                 graph export "${AJU_FIG_DIR}/`graph'.png", replace width(2400
> )
 89.                 graph export "${AJU_FIG_DIR}/`graph'.pdf", replace
 90.             }
 91.         }
 92.     restore
 93. end

. 
. capture program drop aju_tab_numeric_all

. program define aju_tab_numeric_all
  1.     syntax anything, SHEET(string)
  2. 
.     tempfile out
  3.     tempname memhold
  4.     postfile `memhold' str30 module str80 variable str200 label ///
>         long n n_missing double mean sd min p25 p50 p75 max using `out', repl
> ace
  5. 
.     local rawvars `anything'
  6.     foreach v of local rawvars {
  7.         capture confirm numeric variable `v'
  8.         if !_rc {
  9.             quietly count
 10.             local Ntotal = r(N)
 11.             quietly count if !missing(`v')
 12.             local n = r(N)
 13.             local nmiss = `Ntotal' - `n'
 14. 
.             local module "Other"
 15.             if regexm("`v'","^m0_") local module "M0 Geography/metadata"
 16.             if regexm("`v'","^m1_") local module "M1 Respondent profile"
 17.             if regexm("`v'","^m2_") local module "M2 Institutional setup"
 18.             if regexm("`v'","^m3_") local module "M3 Caseload"
 19.             if regexm("`v'","^m4_") local module "M4 Legal knowledge"
 20.             if regexm("`v'","^m5_") local module "M5 ADR/mediation"
 21.             if regexm("`v'","^m6_") local module "M6 Referrals"
 22.             if regexm("`v'","^m7_") local module "M7 Records"
 23.             if regexm("`v'","^m8_") local module "M8 Committee"
 24.             if regexm("`v'","^m9_") local module "M9 Legitimacy"
 25.             if regexm("`v'","^m10_") local module "M10 Safeguards"
 26.             if regexm("`v'","^m11_") local module "M11 Reintegration"
 27.             if regexm("`v'","^idx_") local module "Indices"
 28.             if regexm("`v'","^flag_") local module "QA flags"
 29. 
.             local vlab : variable label `v'
 30.             if `"`vlab'"' == "" local vlab "`v'"
 31.             local vlab = substr(`"`vlab'"', 1, 200)
 32. 
.             if `n' > 0 {
 33.                 quietly summarize `v', detail
 34.                 post `memhold' (`"`module'"') (`"`v'"') (`"`vlab'"') ///
>                     (`n') (`nmiss') (r(mean)) (r(sd)) (r(min)) (r(p25)) (r(p5
> 0)) (r(p75)) (r(max))
 35.             }
 36.             else {
 37.                 post `memhold' (`"`module'"') (`"`v'"') (`"`vlab'"') ///
>                     (`n') (`nmiss') (.) (.) (.) (.) (.) (.) (.)
 38.             }
 39.         }
 40.     }
 41.     postclose `memhold'
 42. 
.     preserve
 43.         use `out', clear
 44.         sort module variable
 45.         export excel using "${AJU_ITEMS_XLSX}", sheet("`sheet'", replace) 
> firstrow(variables)
 46.     restore
 47. end

. 
. capture program drop aju_tab_categorical_all

. program define aju_tab_categorical_all
  1.     syntax anything, SHEET(string) [MAXLEVELS(integer 25)]
  2. 
.     tempfile out
  3.     tempname memhold
  4.     postfile `memhold' str30 module str80 variable str200 label ///
>         str40 value str200 value_label long n double percent using `out', rep
> lace
  5. 
.     local rawvars `anything'
  6.     foreach v of local rawvars {
  7.         capture confirm numeric variable `v'
  8.         if !_rc {
  9.             quietly levelsof `v' if !missing(`v'), local(levels)
 10.             local k : word count `levels'
 11. 
.             if `k' > 0 & `k' <= `maxlevels' {
 12.                 quietly count if !missing(`v')
 13.                 local denom = r(N)
 14. 
.                 local module "Other"
 15.                 if regexm("`v'","^m0_") local module "M0 Geography/metadat
> a"
 16.                 if regexm("`v'","^m1_") local module "M1 Respondent profil
> e"
 17.                 if regexm("`v'","^m2_") local module "M2 Institutional set
> up"
 18.                 if regexm("`v'","^m3_") local module "M3 Caseload"
 19.                 if regexm("`v'","^m4_") local module "M4 Legal knowledge"
 20.                 if regexm("`v'","^m5_") local module "M5 ADR/mediation"
 21.                 if regexm("`v'","^m6_") local module "M6 Referrals"
 22.                 if regexm("`v'","^m7_") local module "M7 Records"
 23.                 if regexm("`v'","^m8_") local module "M8 Committee"
 24.                 if regexm("`v'","^m9_") local module "M9 Legitimacy"
 25.                 if regexm("`v'","^m10_") local module "M10 Safeguards"
 26.                 if regexm("`v'","^m11_") local module "M11 Reintegration"
 27.                 if regexm("`v'","^idx_") local module "Indices"
 28.                 if regexm("`v'","^flag_") local module "QA flags"
 29. 
.                 local vlab : variable label `v'
 30.                 if `"`vlab'"' == "" local vlab "`v'"
 31.                 local vlab = substr(`"`vlab'"', 1, 200)
 32. 
.                 local vallab : value label `v'
 33. 
.                 foreach lev of local levels {
 34.                     quietly count if `v' == `lev'
 35.                     local n = r(N)
 36.                     local pct = 100 * `n' / `denom'
 37. 
.                     local levlabel "`lev'"
 38.                     if `"`vallab'"' != "" {
 39.                         capture local levlabel : label `vallab' `lev'
 40.                         if _rc local levlabel "`lev'"
 41.                     }
 42.                     local levlabel = substr(`"`levlabel'"', 1, 200)
 43. 
.                     post `memhold' (`"`module'"') (`"`v'"') (`"`vlab'"') ///
>                         (`"`lev'"') (`"`levlabel'"') (`n') (`pct')
 44.                 }
 45.             }
 46.         }
 47.     }
 48.     postclose `memhold'
 49. 
.     preserve
 50.         use `out', clear
 51.         sort module variable value
 52.         export excel using "${AJU_ITEMS_XLSX}", sheet("`sheet'", replace) 
> firstrow(variables)
 53.     restore
 54. end

. 
. capture program drop aju_module_of_var

. program define aju_module_of_var, rclass
  1.     args v
  2.     local module "Other"
  3.     if regexm("`v'","^m0_") local module "M0 Geography/metadata"
  4.     if regexm("`v'","^m1_") local module "M1 Respondent profile"
  5.     if regexm("`v'","^m2_") local module "M2 Institutional setup"
  6.     if regexm("`v'","^m3_") local module "M3 Caseload"
  7.     if regexm("`v'","^m4_") local module "M4 Legal knowledge"
  8.     if regexm("`v'","^m5_") local module "M5 ADR/mediation"
  9.     if regexm("`v'","^m6_") local module "M6 Referrals"
 10.     if regexm("`v'","^m7_") local module "M7 Records"
 11.     if regexm("`v'","^m8_") local module "M8 Committee"
 12.     if regexm("`v'","^m9_") local module "M9 Legitimacy"
 13.     if regexm("`v'","^m10_") local module "M10 Safeguards"
 14.     if regexm("`v'","^m11_") local module "M11 Reintegration"
 15.     if regexm("`v'","^idx_") local module "Indices"
 16.     if regexm("`v'","^flag_") local module "QA flags"
 17.     return local module "`module'"
 18. end

. 
. *----------------------------------------------------------------------------
> --*
. **# 1. README and analysis metadata
. *----------------------------------------------------------------------------
> --*
. 
. putexcel set "`excel_exec'", replace sheet("README")
note: file will be replaced when the first putexcel command is issued.

. putexcel A1 = "Advancing Justice Uganda - Final Phase 1 Baseline Analysis"
file C:\Users\jzava\AppData\Local\Temp\stata_worker_default_7505d64a54_74609fe5
> bb_p9v2kmuv//phase1_baseline_executive_results.xlsx saved

. putexcel A3 = "Purpose"
file C:\Users\jzava\AppData\Local\Temp\stata_worker_default_7505d64a54_74609fe5
> bb_p9v2kmuv//phase1_baseline_executive_results.xlsx saved

. putexcel B3 = "Implementation-focused descriptive evidence for the Phase 1 Fi
> nal Baseline Report."
file C:\Users\jzava\AppData\Local\Temp\stata_worker_default_7505d64a54_74609fe5
> bb_p9v2kmuv//phase1_baseline_executive_results.xlsx saved

. putexcel A4 = "Input dataset"
file C:\Users\jzava\AppData\Local\Temp\stata_worker_default_7505d64a54_74609fe5
> bb_p9v2kmuv//phase1_baseline_executive_results.xlsx saved

. putexcel B4 = "`analysis_data'"
file C:\Users\jzava\AppData\Local\Temp\stata_worker_default_7505d64a54_74609fe5
> bb_p9v2kmuv//phase1_baseline_executive_results.xlsx saved

. putexcel A5 = "Analysis sample"
file C:\Users\jzava\AppData\Local\Temp\stata_worker_default_7505d64a54_74609fe5
> bb_p9v2kmuv//phase1_baseline_executive_results.xlsx saved

. putexcel B5 = "Primary report: `primary_n' observed interviews from the `fram
> e_n' selected Final Village List LCs; `unobserved_n' selected units have no m
> atched final survey."
file C:\Users\jzava\AppData\Local\Temp\stata_worker_default_7505d64a54_74609fe5
> bb_p9v2kmuv//phase1_baseline_executive_results.xlsx saved

. putexcel A6 = "Causal status"
file C:\Users\jzava\AppData\Local\Temp\stata_worker_default_7505d64a54_74609fe5
> bb_p9v2kmuv//phase1_baseline_executive_results.xlsx saved

. putexcel B6 = "Descriptive baseline analysis only. Associations are cross-sec
> tional and are not treatment effects."
file C:\Users\jzava\AppData\Local\Temp\stata_worker_default_7505d64a54_74609fe5
> bb_p9v2kmuv//phase1_baseline_executive_results.xlsx saved

. putexcel A7 = "Mentor-readiness note"
file C:\Users\jzava\AppData\Local\Temp\stata_worker_default_7505d64a54_74609fe5
> bb_p9v2kmuv//phase1_baseline_executive_results.xlsx saved

. putexcel B7 = "The baseline mentor-readiness proxy is diagnostic only; final 
> mentor eligibility will use Phase 1 training assessments."
file C:\Users\jzava\AppData\Local\Temp\stata_worker_default_7505d64a54_74609fe5
> bb_p9v2kmuv//phase1_baseline_executive_results.xlsx saved

. putexcel A8 = "Generated outputs"
file C:\Users\jzava\AppData\Local\Temp\stata_worker_default_7505d64a54_74609fe5
> bb_p9v2kmuv//phase1_baseline_executive_results.xlsx saved

. putexcel B8 = "Main results, supplementary items, origin comparisons, baselin
> e associations, indicator table, figures, and analysis log."
file C:\Users\jzava\AppData\Local\Temp\stata_worker_default_7505d64a54_74609fe5
> bb_p9v2kmuv//phase1_baseline_executive_results.xlsx saved

. putexcel A9 = "Output note"
file C:\Users\jzava\AppData\Local\Temp\stata_worker_default_7505d64a54_74609fe5
> bb_p9v2kmuv//phase1_baseline_executive_results.xlsx saved

. putexcel B9 = "Fully missing variables are excluded from executive tables/gra
> phs and listed in the all-item workbook field-status sheet."
file C:\Users\jzava\AppData\Local\Temp\stata_worker_default_7505d64a54_74609fe5
> bb_p9v2kmuv//phase1_baseline_executive_results.xlsx saved

. 
. quietly count

. local N = r(N)

. putexcel A10 = "N records"
file C:\Users\jzava\AppData\Local\Temp\stata_worker_default_7505d64a54_74609fe5
> bb_p9v2kmuv//phase1_baseline_executive_results.xlsx saved

. putexcel B10 = `N'
file C:\Users\jzava\AppData\Local\Temp\stata_worker_default_7505d64a54_74609fe5
> bb_p9v2kmuv//phase1_baseline_executive_results.xlsx saved

. 
. quietly summarize interview_date, meanonly

. 
. local first_interview = string(r(min), "%tdDDmonCCYY")

. local last_interview  = string(r(max), "%tdDDmonCCYY")

. 
. putexcel A11 = "First interview date"
file C:\Users\jzava\AppData\Local\Temp\stata_worker_default_7505d64a54_74609fe5
> bb_p9v2kmuv//phase1_baseline_executive_results.xlsx saved

. putexcel B11 = "`first_interview'"
file C:\Users\jzava\AppData\Local\Temp\stata_worker_default_7505d64a54_74609fe5
> bb_p9v2kmuv//phase1_baseline_executive_results.xlsx saved

. 
. putexcel A12 = "Last interview date"
file C:\Users\jzava\AppData\Local\Temp\stata_worker_default_7505d64a54_74609fe5
> bb_p9v2kmuv//phase1_baseline_executive_results.xlsx saved

. putexcel B12 = "`last_interview'"
file C:\Users\jzava\AppData\Local\Temp\stata_worker_default_7505d64a54_74609fe5
> bb_p9v2kmuv//phase1_baseline_executive_results.xlsx saved

. putexcel clear

. 
. * 1.1 Report-ready sample table
. tempfile sample_report

. tempname sr

. postfile `sr' str40 section str80 measure str24 statistic double value long d
> enominator using `sample_report', replace
(file
    C:\Users\jzava\AppData\Local\Temp\stata_worker_default_7505d64a54_74609fe
    > 5bb_p9v2kmuv\ST_9a18_000046.tmp not found)

. post `sr' ("Selected list frame") ("Original selected LCs") ("Count") (`frame
> _n') (`frame_n')

. post `sr' ("Selected list frame") ("Observed selected LCs") ("Count") (`prima
> ry_n') (`frame_n')

. post `sr' ("Selected list frame") ("No matched final survey") ("Count") (`uno
> bserved_n') (`frame_n')

. post `sr' ("Final sample") ("Unique canonical LCs") ("Count") (`primary_n') (
> `primary_n')

. foreach d in Bushenyi Rubirizi Sheema {
  2.     quietly count if canonical_district == "`d'"
  3.     post `sr' ("District") ("`d'") ("Count") (r(N)) (`primary_n')
  4.     post `sr' ("District") ("`d'") ("Percent") (100*r(N)/`primary_n') (`pr
> imary_n')
  5. }

. quietly count if baseline_wave == 1

. post `sr' ("Baseline wave") ("Original May/June baseline") ("Count") (r(N)) (
> `primary_n')

. quietly count if baseline_wave == 2

. post `sr' ("Baseline wave") ("August 2026 corrective") ("Count") (r(N)) (`pri
> mary_n')

. foreach o in 0 1 2 {
  2.     quietly count if p1_admin_origin == `o'
  3.     local olab : label p1_admin_origin_lbl `o'
  4.     post `sr' ("Administrative origin") ("`olab'") ("Count") (r(N)) (`prim
> ary_n')
  5. }

. foreach v in respondent_female completed_secondary_or_above education_score l
> c_experience_years prior_justice_training prior_formal_coordination prior_cdf
> u_fhri_training {
  2.     quietly summarize `v'
  3.     local vl : variable label `v'
  4.     if `"`vl'"' == "" local vl "`v'"
  5.     post `sr' ("Chairperson profile") (`"`vl'"') ("Mean/share") (r(mean)) 
> (r(N))
  6. }

. postclose `sr'

. preserve

.     use `sample_report', clear

.     format value %9.3f

.     export excel using "`excel_exec'", sheet("sample_report", replace) firstr
> ow(variables)
file C:\Users\jzava\AppData\Local\Temp\stata_worker_default_7505d64a54_74609fe5
> bb_p9v2kmuv//phase1_baseline_executive_results.xlsx saved

. restore

. 
. *----------------------------------------------------------------------------
> --*
. **# 2. Sample, fieldwork, and data-quality profile
. *----------------------------------------------------------------------------
> --*
. 
. * 2.1 District, wave, and administrative-origin distribution
. preserve

.     contract canonical_district

.     rename _freq n_records

.     gen percent = 100 * n_records / _N

.     quietly summarize n_records, meanonly

.     replace percent = 100 * n_records / r(sum)
(3 real changes made)

.     export excel using "`excel_exec'", sheet("sample_district", replace) firs
> trow(variables)
file C:\Users\jzava\AppData\Local\Temp\stata_worker_default_7505d64a54_74609fe5
> bb_p9v2kmuv//phase1_baseline_executive_results.xlsx saved

. 
.     graph bar n_records, over(canonical_district, label(angle(0))) ///
>         bar(1, color("32 87 129")) ///
>         blabel(bar, format(%9.0f)) ///
>         ytitle("Number of interviews") ///
>         title("Observed selected-list baseline LCs by district", size(medsmal
> l)) ///
>         note("N=`primary_n' interviewed LCs from the original `frame_n'-unit 
> Final Village List frame.", size(vsmall))

.     graph export "`fig_dir'/fig_01_sample_by_district.png", width(2400) repla
> ce
file C:\Users\jzava\AppData\Local\Temp\stata_worker_default_7505d64a54_74609fe5
> bb_p9v2kmuv//phase1_baseline_figures/fig_01_sample_by_district.png written in
>  PNG format

.     graph export "`fig_dir'/fig_01_sample_by_district.pdf", replace
file
    C:\Users\jzava\AppData\Local\Temp\stata_worker_default_7505d64a54_74609fe
    > 5bb_p9v2kmuv//phase1_baseline_figures/fig_01_sample_by_district.pdf
    saved as PDF format

. restore

. 
. preserve

.     contract baseline_wave

.     rename _freq n_records

.     egen total = total(n_records)

.     gen percent = 100*n_records/total

.     export excel using "`excel_exec'", sheet("sample_wave", replace) firstrow
> (variables)
file C:\Users\jzava\AppData\Local\Temp\stata_worker_default_7505d64a54_74609fe5
> bb_p9v2kmuv//phase1_baseline_executive_results.xlsx saved

. restore

. 
. preserve

.     contract p1_admin_origin

.     rename _freq n_records

.     egen total = total(n_records)

.     gen percent = 100*n_records/total

.     export excel using "`excel_exec'", sheet("sample_origin", replace) firstr
> ow(variables)
file C:\Users\jzava\AppData\Local\Temp\stata_worker_default_7505d64a54_74609fe5
> bb_p9v2kmuv//phase1_baseline_executive_results.xlsx saved

. restore

. 
. * 2.2 Enumerator distribution
. preserve

.     contract enum

.     rename _freq n_records

.     quietly summarize n_records, meanonly

.     gen percent = 100 * n_records / r(sum)

.     export excel using "`excel_exec'", sheet("sample_enumerator", replace) fi
> rstrow(variables)
file C:\Users\jzava\AppData\Local\Temp\stata_worker_default_7505d64a54_74609fe5
> bb_p9v2kmuv//phase1_baseline_executive_results.xlsx saved

. restore

. 
. * 2.3 Fieldwork duration summary
. preserve

.     keep duration_min interview_date canonical_district

.     collapse (count) n=duration_min ///
>         (mean) mean=duration_min ///
>         (sd) sd=duration_min ///
>         (p25) p25=duration_min ///
>         (p50) median=duration_min ///
>         (p75) p75=duration_min ///
>         (min) min=duration_min ///
>         (max) max=duration_min

.     export excel using "`excel_exec'", sheet("fieldwork_duration", replace) f
> irstrow(variables)
file C:\Users\jzava\AppData\Local\Temp\stata_worker_default_7505d64a54_74609fe5
> bb_p9v2kmuv//phase1_baseline_executive_results.xlsx saved

. restore

. 
. preserve

.     keep canonical_district duration_min

.     collapse (count) n=duration_min ///
>         (mean) mean=duration_min ///
>         (p50) median=duration_min ///
>         (min) min=duration_min ///
>         (max) max=duration_min, by(canonical_district)

.     export excel using "`excel_exec'", sheet("duration_by_district", replace)
>  firstrow(variables)
file C:\Users\jzava\AppData\Local\Temp\stata_worker_default_7505d64a54_74609fe5
> bb_p9v2kmuv//phase1_baseline_executive_results.xlsx saved

. restore

. 
. * 2.4 QA flags
. local qa_flags ///
>     flag_duplicate_submission_key ///
>     flag_duplicate_scto_village ///
>     flag_duration_short ///
>     flag_duration_long ///
>     flag_date_outside_fieldwork ///
>     flag_caseload_30d_gt_3m ///
>     flag_pending_gt_3m ///
>     flag_direct_gt_3m ///
>     flag_referred_to_lcc_gt_3m ///
>     flag_referred_onward_gt_3m ///
>     flag_any_data_quality_issue

. 
. aju_mean_table `qa_flags', sheet("qa_flags") module("Data quality flags") ///
>     graph("fig_13_data_quality_flags") ///
>     title("Automated data-quality flags")
(file
    C:\Users\jzava\AppData\Local\Temp\stata_worker_default_7505d64a54_74609fe
    > 5bb_p9v2kmuv\ST_9a18_00004e.tmp not found)
(2 observations deleted)
file C:\Users\jzava\AppData\Local\Temp\stata_worker_default_7505d64a54_74609fe5
> bb_p9v2kmuv//phase1_baseline_executive_results.xlsx saved
(1 real change made)
(1 real change made)
(1 real change made)
(1 real change made)
(1 real change made)
(1 real change made)
(1 real change made)
(1 real change made)
(0 real changes made)
(0 real changes made)
(1 real change made)
(0 observations deleted)
(9 real changes made)
file C:\Users\jzava\AppData\Local\Temp\stata_worker_default_7505d64a54_74609fe5
> bb_p9v2kmuv//phase1_baseline_figures/fig_13_data_quality_flags.png written in
>  PNG format
file
    C:\Users\jzava\AppData\Local\Temp\stata_worker_default_7505d64a54_74609fe
    > 5bb_p9v2kmuv//phase1_baseline_figures/fig_13_data_quality_flags.pdf
    saved as PDF format

. 
. * 2.5 Duplicate SurveyCTO village records for follow-up
. preserve

.     keep if flag_duplicate_scto_village > 0
(83 observations deleted)

.     keep survey_record_id submission_key interview_date enum canonical_distri
> ct canonical_subcounty canonical_parish canonical_village ///
>         duration_min

.     sort canonical_district canonical_subcounty canonical_parish canonical_vi
> llage interview_date

.     export excel using "`excel_exec'", sheet("duplicate_villages", replace) f
> irstrow(variables)
file C:\Users\jzava\AppData\Local\Temp\stata_worker_default_7505d64a54_74609fe5
> bb_p9v2kmuv//phase1_baseline_executive_results.xlsx saved

. restore

. 
. 
. *----------------------------------------------------------------------------
> --*
. **# 3. Executive index dashboard and mentor-readiness profile
. *----------------------------------------------------------------------------
> --*
. 
. * 3.1 Overall index summary and graph
. aju_mean_table `all_indices', sheet("index_summary") module("Core and composi
> te indices") ///
>     graph("fig_02_core_indices_overall") ///
>     title("Average baseline scores across core domains") gap
(file
    C:\Users\jzava\AppData\Local\Temp\stata_worker_default_7505d64a54_74609fe
    > 5bb_p9v2kmuv\ST_9a18_00004f.tmp not found)
(0 observations deleted)
file C:\Users\jzava\AppData\Local\Temp\stata_worker_default_7505d64a54_74609fe5
> bb_p9v2kmuv//phase1_baseline_executive_results.xlsx saved
(1 real change made)
(1 real change made)
(1 real change made)
(1 real change made)
(1 real change made)
(1 real change made)
(1 real change made)
(1 real change made)
(1 real change made)
(1 real change made)
(1 real change made)
(1 real change made)
(1 real change made)
(1 real change made)
(0 observations deleted)
(14 real changes made)
file C:\Users\jzava\AppData\Local\Temp\stata_worker_default_7505d64a54_74609fe5
> bb_p9v2kmuv//phase1_baseline_figures/fig_02_core_indices_overall.png written 
> in PNG format
file
    C:\Users\jzava\AppData\Local\Temp\stata_worker_default_7505d64a54_74609fe
    > 5bb_p9v2kmuv//phase1_baseline_figures/fig_02_core_indices_overall.pdf
    saved as PDF format

. 
. * Polished report-ready domain dashboard on the common 0-1 scale.
. preserve

.     keep `core_indices'

.     gen obs_id = _n

.     reshape long idx_, i(obs_id) j(index_name) string
(j = adr_mediation_practice committee_functioning institutional_functioning leg
> al_classif_knowledge perceived_legitimacy record_quality referral_practice re
> integration_norms respondent_capacity safeguards)

Data                               Wide   ->   Long
-----------------------------------------------------------------------------
Number of observations               93   ->   930         
Number of variables                  11   ->   3           
j variable (10 values)                    ->   index_name
xij variables:
idx_adr_mediation_practice idx_committee_functioning ... idx_safeguards->idx_
-----------------------------------------------------------------------------

.     rename idx_ score

.     gen domain = index_name

.     replace domain = "Respondent capacity" if domain == "respondent_capacity"
(93 real changes made)

.     replace domain = "Institutional functioning" if domain == "institutional_
> functioning"
(93 real changes made)

.     replace domain = "Legal/classification knowledge" if domain == "legal_cla
> ssif_knowledge"
variable domain was str25 now str30
(93 real changes made)

.     replace domain = "ADR/mediation practice" if domain == "adr_mediation_pra
> ctice"
(93 real changes made)

.     replace domain = "Referral practice" if domain == "referral_practice"
(93 real changes made)

.     replace domain = "Record quality" if domain == "record_quality"
(93 real changes made)

.     replace domain = "Committee functioning" if domain == "committee_function
> ing"
(93 real changes made)

.     replace domain = "Perceived legitimacy" if domain == "perceived_legitimac
> y"
(93 real changes made)

.     replace domain = "Safeguards" if domain == "safeguards"
(93 real changes made)

.     replace domain = "Reintegration norms" if domain == "reintegration_norms"
(93 real changes made)

.     collapse (mean) mean=score, by(domain)

.     graph hbar mean, over(domain, sort(mean) descending label(labsize(small))
> ) ///
>         bar(1, color("32 87 129")) blabel(bar, format(%4.2f) size(small)) ///
>         yscale(range(0 1)) ylabel(0(.2)1, format(%3.1f) grid) ///
>         ytitle("Mean baseline score (0-1)") ///
>         title("Phase 1 baseline domain dashboard", size(medsmall)) ///
>         note("N=`primary_n' selected-list LCs. Higher scores indicate stronge
> r baseline capacity or practice.", size(vsmall))

.     graph export "`fig_dir'/fig_02_core_indices_overall.png", width(2800) rep
> lace
file C:\Users\jzava\AppData\Local\Temp\stata_worker_default_7505d64a54_74609fe5
> bb_p9v2kmuv//phase1_baseline_figures/fig_02_core_indices_overall.png written 
> in PNG format

.     graph export "`fig_dir'/fig_02_core_indices_overall.pdf", replace
file
    C:\Users\jzava\AppData\Local\Temp\stata_worker_default_7505d64a54_74609fe
    > 5bb_p9v2kmuv//phase1_baseline_figures/fig_02_core_indices_overall.pdf
    saved as PDF format

. restore

. 
. * 3.2 Index means by district
. preserve

.     keep survey_record_id canonical_district `all_indices'

.     reshape long idx_, i(survey_record_id) j(index_name) string
(j = adr_mediation_practice committee_functioning institutional_functioning lcc
> _case_handling_quality lcc_legitimacy_and_norms lcc_operational_capacity lega
> l_classif_knowledge p1_base_mentor_ready_proxy perceived_legitimacy record_qu
> ality referral_practice reintegration_norms respondent_capacity safeguards)

Data                               Wide   ->   Long
-----------------------------------------------------------------------------
Number of observations               93   ->   1,302       
Number of variables                  16   ->   4           
j variable (14 values)                    ->   index_name
xij variables:
idx_adr_mediation_practice idx_committee_functioning ... idx_safeguards->idx_
-----------------------------------------------------------------------------

.     rename idx_ index_value

. 
.     gen domain = index_name

.     replace domain = "Respondent capacity" if domain == "respondent_capacity"
(93 real changes made)

.     replace domain = "Institutional functioning" if domain == "institutional_
> functioning"
(93 real changes made)

.     replace domain = "Legal/classification knowledge" if domain == "legal_cla
> ssif_knowledge"
variable domain was str26 now str30
(93 real changes made)

.     replace domain = "ADR/mediation practice" if domain == "adr_mediation_pra
> ctice"
(93 real changes made)

.     replace domain = "Referral practice" if domain == "referral_practice"
(93 real changes made)

.     replace domain = "Record quality" if domain == "record_quality"
(93 real changes made)

.     replace domain = "Committee functioning" if domain == "committee_function
> ing"
(93 real changes made)

.     replace domain = "Perceived legitimacy" if domain == "perceived_legitimac
> y"
(93 real changes made)

.     replace domain = "Safeguards/referral knowledge" if domain == "safeguards
> "
(93 real changes made)

.     replace domain = "Reintegration norms" if domain == "reintegration_norms"
(93 real changes made)

.     replace domain = "Operational capacity" if domain == "lcc_operational_cap
> acity"
(93 real changes made)

.     replace domain = "Case-handling quality" if domain == "lcc_case_handling_
> quality"
(93 real changes made)

.     replace domain = "Legitimacy and reintegration" if domain == "lcc_legitim
> acy_and_norms"
(93 real changes made)

.     replace domain = "Mentor-readiness proxy" if domain == "p1_base_mentor_re
> ady_proxy"
(93 real changes made)

. 
.     collapse (count) n=index_value (mean) mean=index_value (sd) sd=index_valu
> e, by(canonical_district domain)

.     export excel using "`excel_exec'", sheet("index_by_district", replace) fi
> rstrow(variables)
file C:\Users\jzava\AppData\Local\Temp\stata_worker_default_7505d64a54_74609fe5
> bb_p9v2kmuv//phase1_baseline_executive_results.xlsx saved

. 
.     keep if inlist(domain,"Operational capacity","Case-handling quality","Leg
> itimacy and reintegration","Mentor-readiness proxy")
(30 observations deleted)

.     graph bar mean, over(domain, label(angle(35) labsize(vsmall))) over(canon
> ical_district) ///
>         bar(1, color("32 87 129")) ///
>         yscale(range(0 1)) ylabel(0(.2)1, format(%3.1f) grid) ///
>         ytitle("Mean score, 0-1") ///
>         title("Composite baseline domains by district", size(medsmall)) ///
>         note("Observed selected-list LCs; descriptive district comparison onl
> y.", size(vsmall)) ///
>         legend(off)

.     graph export "`fig_dir'/fig_03_composite_indices_by_district.png", width(
> 2800) replace
file C:\Users\jzava\AppData\Local\Temp\stata_worker_default_7505d64a54_74609fe5
> bb_p9v2kmuv//phase1_baseline_figures/fig_03_composite_indices_by_district.png
>  written in PNG format

.     graph export "`fig_dir'/fig_03_composite_indices_by_district.pdf", replac
> e
file
    C:\Users\jzava\AppData\Local\Temp\stata_worker_default_7505d64a54_74609fe
    > 5bb_p9v2kmuv//phase1_baseline_figures/fig_03_composite_indices_by_distr
    > ict.pdf saved as PDF format

. restore

. 
. * 3.3 Priority gaps: highest gaps indicate domains requiring most training at
> tention
. preserve

.     keep `core_indices'

.     gen obs_id = _n

.     reshape long idx_, i(obs_id) j(index_name) string
(j = adr_mediation_practice committee_functioning institutional_functioning leg
> al_classif_knowledge perceived_legitimacy record_quality referral_practice re
> integration_norms respondent_capacity safeguards)

Data                               Wide   ->   Long
-----------------------------------------------------------------------------
Number of observations               93   ->   930         
Number of variables                  11   ->   3           
j variable (10 values)                    ->   index_name
xij variables:
idx_adr_mediation_practice idx_committee_functioning ... idx_safeguards->idx_
-----------------------------------------------------------------------------

.     rename idx_ index_value

. 
.     gen domain = index_name

.     replace domain = "Respondent capacity" if domain == "respondent_capacity"
(93 real changes made)

.     replace domain = "Institutional functioning" if domain == "institutional_
> functioning"
(93 real changes made)

.     replace domain = "Legal/classification knowledge" if domain == "legal_cla
> ssif_knowledge"
variable domain was str25 now str30
(93 real changes made)

.     replace domain = "ADR/mediation practice" if domain == "adr_mediation_pra
> ctice"
(93 real changes made)

.     replace domain = "Referral practice" if domain == "referral_practice"
(93 real changes made)

.     replace domain = "Record quality" if domain == "record_quality"
(93 real changes made)

.     replace domain = "Committee functioning" if domain == "committee_function
> ing"
(93 real changes made)

.     replace domain = "Perceived legitimacy" if domain == "perceived_legitimac
> y"
(93 real changes made)

.     replace domain = "Safeguards/referral knowledge" if domain == "safeguards
> "
(93 real changes made)

.     replace domain = "Reintegration norms" if domain == "reintegration_norms"
(93 real changes made)

. 
.     collapse (count) n=index_value (mean) mean=index_value (sd) sd=index_valu
> e, by(domain)

.     gen gap_to_full_score = 1 - mean

.     gsort -gap_to_full_score

.     export excel using "`excel_exec'", sheet("priority_gaps", replace) firstr
> ow(variables)
file C:\Users\jzava\AppData\Local\Temp\stata_worker_default_7505d64a54_74609fe5
> bb_p9v2kmuv//phase1_baseline_executive_results.xlsx saved

. 
.     graph hbar gap_to_full_score, over(domain, sort(gap_to_full_score) descen
> ding label(labsize(small))) ///
>         bar(1, color("211 118 35")) blabel(bar, format(%4.2f) size(small)) //
> /
>         yscale(range(0 1)) ylabel(0(.2)1, format(%3.1f) grid) ///
>         ytitle("Gap to full score (1 - mean)") ///
>         title("Priority implementation gaps at baseline", size(medsmall)) ///
>         note("Larger gaps identify areas with greater baseline room for train
> ing and implementation support.", size(vsmall))

.     graph export "`fig_dir'/fig_04_priority_gaps.png", width(2600) replace
file C:\Users\jzava\AppData\Local\Temp\stata_worker_default_7505d64a54_74609fe5
> bb_p9v2kmuv//phase1_baseline_figures/fig_04_priority_gaps.png written in PNG 
> format

.     graph export "`fig_dir'/fig_04_priority_gaps.pdf", replace
file
    C:\Users\jzava\AppData\Local\Temp\stata_worker_default_7505d64a54_74609fe
    > 5bb_p9v2kmuv//phase1_baseline_figures/fig_04_priority_gaps.pdf saved as
    PDF format

. restore

. 
. * 3.4 Mentor-readiness distribution
. histogram idx_p1_base_mentor_ready_proxy, percent width(.05) start(0) ///
>     xline(.75, lpattern(dash)) ///
>     xtitle("Baseline mentor-readiness proxy, 0-1") ///
>     ytitle("Percent of LC chairpersons") ///
>     title("Distribution of baseline mentor-readiness proxy", size(medsmall)) 
> ///
>     note("The 0.75 line is a descriptive flag, not a final mentor eligibility
>  rule.", size(vsmall))
(bin=17, start=0, width=.05)

. graph export "`fig_dir'/fig_05_mentor_readiness_distribution.png", width(2600
> ) replace
file C:\Users\jzava\AppData\Local\Temp\stata_worker_default_7505d64a54_74609fe5
> bb_p9v2kmuv//phase1_baseline_figures/fig_05_mentor_readiness_distribution.png
>  written in PNG format

. graph export "`fig_dir'/fig_05_mentor_readiness_distribution.pdf", replace
file
    C:\Users\jzava\AppData\Local\Temp\stata_worker_default_7505d64a54_74609fe
    > 5bb_p9v2kmuv//phase1_baseline_figures/fig_05_mentor_readiness_distribut
    > ion.pdf saved as PDF format

. 
. * 3.5 High-capacity flags
. aju_mean_table `high_flags', sheet("high_capacity_flags") module("High-capaci
> ty descriptive flags") ///
>     graph("fig_06_high_capacity_flags") ///
>     title("Share of chairpersons above high-capacity thresholds")
(file
    C:\Users\jzava\AppData\Local\Temp\stata_worker_default_7505d64a54_74609fe
    > 5bb_p9v2kmuv\ST_9a18_00004i.tmp not found)
(0 observations deleted)
file C:\Users\jzava\AppData\Local\Temp\stata_worker_default_7505d64a54_74609fe5
> bb_p9v2kmuv//phase1_baseline_executive_results.xlsx saved
(1 real change made)
(1 real change made)
(1 real change made)
(1 real change made)
(0 observations deleted)
(4 real changes made)
file C:\Users\jzava\AppData\Local\Temp\stata_worker_default_7505d64a54_74609fe5
> bb_p9v2kmuv//phase1_baseline_figures/fig_06_high_capacity_flags.png written i
> n PNG format
file
    C:\Users\jzava\AppData\Local\Temp\stata_worker_default_7505d64a54_74609fe
    > 5bb_p9v2kmuv//phase1_baseline_figures/fig_06_high_capacity_flags.pdf
    saved as PDF format

. 
. * 3.6 Readiness quartiles and domain profiles
. capture drop readiness_quartile

. xtile readiness_quartile = idx_p1_base_mentor_ready_proxy, nq(4)

. label define readiness_q 1 "Q1 lowest readiness" 2 "Q2" 3 "Q3" 4 "Q4 highest 
> readiness", replace

. label values readiness_quartile readiness_q

. label var readiness_quartile "Quartile of baseline mentor-readiness proxy"

. 
. preserve

.     keep readiness_quartile `all_indices' `high_flags'

.     collapse (count) n=idx_p1_base_mentor_ready_proxy ///
>         (mean) `all_indices' `high_flags', by(readiness_quartile)

.     export excel using "`excel_exec'", sheet("readiness_quartiles", replace) 
> firstrow(variables)
file C:\Users\jzava\AppData\Local\Temp\stata_worker_default_7505d64a54_74609fe5
> bb_p9v2kmuv//phase1_baseline_executive_results.xlsx saved

. restore

. 
. * 3.7 Descriptive district differences in main indices
. tempfile district_tests

. tempname dt

. postfile `dt' str80 outcome str160 label double p_value using `district_tests
> ', replace
(file
    C:\Users\jzava\AppData\Local\Temp\stata_worker_default_7505d64a54_74609fe
    > 5bb_p9v2kmuv\ST_9a18_00004j.tmp not found)

. foreach v of local all_indices {
  2.     capture confirm numeric variable `v'
  3.     if !_rc {
  4.         quietly regress `v' i.district_id
  5.         quietly testparm i.district_id
  6.         local vl : variable label `v'
  7.         if `"`vl'"' == "" local vl "`v'"
  8.         post `dt' (`"`v'"') (`"`vl'"') (r(p))
  9.     }
 10. }

. postclose `dt'

. preserve

.     use `district_tests', clear

.     export excel using "`excel_exec'", sheet("district_diff_tests", replace) 
> firstrow(variables)
file C:\Users\jzava\AppData\Local\Temp\stata_worker_default_7505d64a54_74609fe5
> bb_p9v2kmuv//phase1_baseline_executive_results.xlsx saved

. restore

. 
. 
. *----------------------------------------------------------------------------
> --*
. **# 4. Chairperson profile and pre-training exposure
. *----------------------------------------------------------------------------
> --*
. 
. local chair_profile ///
>     respondent_female ///
>     completed_secondary_or_above ///
>     education_score ///
>     lc_experience_years ///
>     lc_experience_score ///
>     record_literacy_score ///
>     can_record_english ///
>     can_record_runyankore ///
>     cannot_complete_records ///
>     prior_justice_training ///
>     prior_formal_coordination ///
>     prior_cdfu_fhri_training ///
>     n_prior_training_topics ///
>     case_experience_score ///
>     handled_child_or_sgbv_case ///
>     weekly_lc_time_score ///
>     idx_respondent_capacity

. 
. aju_mean_table `chair_profile', sheet("chair_profile") module("LC chairperson
>  profile") graphvars("respondent_female completed_secondary_or_above educatio
> n_score lc_experience_score record_literacy_score can_record_english can_reco
> rd_runyankore cannot_complete_records prior_justice_training prior_formal_coo
> rdination prior_cdfu_fhri_training case_experience_score handled_child_or_sgb
> v_case weekly_lc_time_score idx_respondent_capacity") ///
>     graph("fig_07_chairperson_profile") ///
>     title("Chairperson profile: capacity and prior exposure")
(file
    C:\Users\jzava\AppData\Local\Temp\stata_worker_default_7505d64a54_74609fe
    > 5bb_p9v2kmuv\ST_9a18_00004l.tmp not found)
(0 observations deleted)
file C:\Users\jzava\AppData\Local\Temp\stata_worker_default_7505d64a54_74609fe5
> bb_p9v2kmuv//phase1_baseline_executive_results.xlsx saved
(1 real change made)
(1 real change made)
(1 real change made)
(1 real change made)
(1 real change made)
(1 real change made)
(1 real change made)
(1 real change made)
(1 real change made)
(1 real change made)
(1 real change made)
(1 real change made)
(1 real change made)
(1 real change made)
(1 real change made)
(2 observations deleted)
(15 real changes made)
file C:\Users\jzava\AppData\Local\Temp\stata_worker_default_7505d64a54_74609fe5
> bb_p9v2kmuv//phase1_baseline_figures/fig_07_chairperson_profile.png written i
> n PNG format
file
    C:\Users\jzava\AppData\Local\Temp\stata_worker_default_7505d64a54_74609fe
    > 5bb_p9v2kmuv//phase1_baseline_figures/fig_07_chairperson_profile.pdf
    saved as PDF format

. 
. preserve

.     keep canonical_district `chair_profile'

.     collapse (count) n=idx_respondent_capacity (mean) `chair_profile', by(can
> onical_district)

.     export excel using "`excel_exec'", sheet("chair_profile_district", replac
> e) firstrow(variables)
file C:\Users\jzava\AppData\Local\Temp\stata_worker_default_7505d64a54_74609fe5
> bb_p9v2kmuv//phase1_baseline_executive_results.xlsx saved

. restore

. 
. 
. *----------------------------------------------------------------------------
> --*
. **# 5. Institutional functioning and operational readiness
. *----------------------------------------------------------------------------
> --*
. 
. local institutional_vars ///
>     lcc_members_total ///
>     lcc_women_members ///
>     lcc_women_share ///
>     lcc_has_woman_member ///
>     lcc_has_vacancy ///
>     lcc_vacancies_count ///
>     lcc_sittings_12m ///
>     meeting_frequency_score ///
>     quorum_score ///
>     fixed_place_score ///
>     inst_record_exist_score ///
>     inst_record_uptodate_score ///
>     materials_score ///
>     n_materials_missing ///
>     record_seen_score_m2 ///
>     recent_entries_uptodate_score_m2 ///
>     idx_institutional_functioning

. 
. aju_mean_table `institutional_vars', sheet("institutional_function") module("
> Institutional functioning") graphvars("lcc_women_share lcc_has_woman_member l
> cc_has_vacancy meeting_frequency_score quorum_score fixed_place_score inst_re
> cord_exist_score inst_record_uptodate_score materials_score record_seen_score
> _m2 recent_entries_uptodate_score_m2 idx_institutional_functioning") ///
>     graph("fig_08_institutional_functioning") ///
>     title("Institutional functioning and operational readiness")
(file
    C:\Users\jzava\AppData\Local\Temp\stata_worker_default_7505d64a54_74609fe
    > 5bb_p9v2kmuv\ST_9a18_00004m.tmp not found)
(1 observation deleted)
file C:\Users\jzava\AppData\Local\Temp\stata_worker_default_7505d64a54_74609fe5
> bb_p9v2kmuv//phase1_baseline_executive_results.xlsx saved
(1 real change made)
(1 real change made)
(1 real change made)
(1 real change made)
(1 real change made)
(1 real change made)
(1 real change made)
(1 real change made)
(1 real change made)
(1 real change made)
(1 real change made)
(1 real change made)
(4 observations deleted)
(12 real changes made)
file C:\Users\jzava\AppData\Local\Temp\stata_worker_default_7505d64a54_74609fe5
> bb_p9v2kmuv//phase1_baseline_figures/fig_08_institutional_functioning.png wri
> tten in PNG format
file
    C:\Users\jzava\AppData\Local\Temp\stata_worker_default_7505d64a54_74609fe
    > 5bb_p9v2kmuv//phase1_baseline_figures/fig_08_institutional_functioning.
    > pdf saved as PDF format

. 
. preserve

.     keep canonical_district `institutional_vars'

.     collapse (count) n=idx_institutional_functioning (mean) `institutional_va
> rs', by(canonical_district)

.     export excel using "`excel_exec'", sheet("institutional_by_district", rep
> lace) firstrow(variables)
file C:\Users\jzava\AppData\Local\Temp\stata_worker_default_7505d64a54_74609fe5
> bb_p9v2kmuv//phase1_baseline_executive_results.xlsx saved

. restore

. 
. 
. *----------------------------------------------------------------------------
> --*
. **# 6. Caseload and dispute profile
. *----------------------------------------------------------------------------
> --*
. 
. local caseload_vars ///
>     caseload_30d ///
>     caseload_3m ///
>     pending_cases ///
>     pending_share_3m ///
>     directly_brought_cases_3m ///
>     directly_brought_share_3m ///
>     n_case_types_received_3m ///
>     any_child_or_sgbv_case_3m ///
>     any_reintegration_case_3m ///
>     any_serious_or_sensitive_case_3m ///
>     petty_case_share_score ///
>     caseload_accuracy_score

. 
. aju_mean_table `caseload_vars', sheet("caseload_summary") module("Caseload an
> d dispute profile") graphvars("pending_share_3m directly_brought_share_3m any
> _child_or_sgbv_case_3m any_reintegration_case_3m petty_case_share_score casel
> oad_accuracy_score") ///
>     graph("fig_09_caseload_selected") ///
>     title("Caseload and sensitive-case exposure")
(file
    C:\Users\jzava\AppData\Local\Temp\stata_worker_default_7505d64a54_74609fe
    > 5bb_p9v2kmuv\ST_9a18_00004n.tmp not found)
(0 observations deleted)
file C:\Users\jzava\AppData\Local\Temp\stata_worker_default_7505d64a54_74609fe5
> bb_p9v2kmuv//phase1_baseline_executive_results.xlsx saved
(1 real change made)
(1 real change made)
(1 real change made)
(1 real change made)
(1 real change made)
(1 real change made)
(6 observations deleted)
(6 real changes made)
file C:\Users\jzava\AppData\Local\Temp\stata_worker_default_7505d64a54_74609fe5
> bb_p9v2kmuv//phase1_baseline_figures/fig_09_caseload_selected.png written in 
> PNG format
file
    C:\Users\jzava\AppData\Local\Temp\stata_worker_default_7505d64a54_74609fe
    > 5bb_p9v2kmuv//phase1_baseline_figures/fig_09_caseload_selected.pdf
    saved as PDF format

. 
. preserve

.     keep canonical_district `caseload_vars'

.     collapse (count) n=caseload_3m (mean) `caseload_vars' ///
>         (p50) median_caseload_3m=caseload_3m, by(canonical_district)

.     export excel using "`excel_exec'", sheet("caseload_by_district", replace)
>  firstrow(variables)
file C:\Users\jzava\AppData\Local\Temp\stata_worker_default_7505d64a54_74609fe5
> bb_p9v2kmuv//phase1_baseline_executive_results.xlsx saved

. restore

. 
. histogram caseload_3m if !missing(caseload_3m), frequency discrete ///
>     xtitle("Cases received in past 3 months") ///
>     ytitle("Number of LC chairpersons") ///
>     title("Distribution of 3-month LCC caseload", size(medsmall))
(start=0, width=1)

. graph export "`fig_dir'/fig_10_caseload_3m_distribution.png", width(2600) rep
> lace
file C:\Users\jzava\AppData\Local\Temp\stata_worker_default_7505d64a54_74609fe5
> bb_p9v2kmuv//phase1_baseline_figures/fig_10_caseload_3m_distribution.png writ
> ten in PNG format

. graph export "`fig_dir'/fig_10_caseload_3m_distribution.pdf", replace
file
    C:\Users\jzava\AppData\Local\Temp\stata_worker_default_7505d64a54_74609fe
    > 5bb_p9v2kmuv//phase1_baseline_figures/fig_10_caseload_3m_distribution.p
    > df saved as PDF format

. 
. histogram caseload_3m if !missing(caseload_3m) & caseload_3m <= 15, frequency
>  discrete ///
>     xtitle("Cases received in past 3 months") ///
>     ytitle("Number of LC chairpersons") ///
>     title("Distribution of 3-month LCC caseload: 0-15 cases", size(medsmall))
>  ///
>     note("Display restricted to 0-15 cases; see the full distribution for all
>  observed values.", size(vsmall))
(start=0, width=1)

. graph export "`fig_dir'/fig_10b_caseload_3m_zoom.png", width(2600) replace
file C:\Users\jzava\AppData\Local\Temp\stata_worker_default_7505d64a54_74609fe5
> bb_p9v2kmuv//phase1_baseline_figures/fig_10b_caseload_3m_zoom.png written in 
> PNG format

. graph export "`fig_dir'/fig_10b_caseload_3m_zoom.pdf", replace
file
    C:\Users\jzava\AppData\Local\Temp\stata_worker_default_7505d64a54_74609fe
    > 5bb_p9v2kmuv//phase1_baseline_figures/fig_10b_caseload_3m_zoom.pdf
    saved as PDF format

. 
. preserve

.     keep if !missing(caseload_3m) & caseload_3m > 15
(93 observations deleted)

.     if _N > 0 {
.         keep survey_record_id submission_key interview_date enum canonical_di
> strict canonical_subcounty canonical_parish canonical_village ///
>             duration_min caseload_30d caseload_3m pending_cases flag_pending_
> gt_3m flag_any_data_quality_issue
.         gsort -caseload_3m canonical_district canonical_subcounty canonical_p
> arish canonical_village
.         export excel using "`excel_exec'", sheet("caseload_outliers", replace
> ) firstrow(variables)
.     }

.     else {
.         putexcel set "`excel_exec'", sheet("caseload_outliers", replace) modi
> fy
.         putexcel A1 = "No observations exceeded 15 cases in the prior three m
> onths."
file C:\Users\jzava\AppData\Local\Temp\stata_worker_default_7505d64a54_74609fe5
> bb_p9v2kmuv//phase1_baseline_executive_results.xlsx saved
.         putexcel clear
.     }

. restore

. 
. local case_type_vars ///
>     m3_q04_1 m3_q04_2 m3_q04_3 m3_q04_4 m3_q04_5 ///
>     m3_q04_6 m3_q04_7 m3_q04_8 m3_q04_9 m3_q04_10

. 
. aju_mean_table `case_type_vars', sheet("case_types_3m") module("Case types re
> ceived in past 3 months") ///
>     graph("fig_11_case_types_3m") ///
>     title("Types of cases received in past 3 months")
(file
    C:\Users\jzava\AppData\Local\Temp\stata_worker_default_7505d64a54_74609fe
    > 5bb_p9v2kmuv\ST_9a18_00004p.tmp not found)
(0 observations deleted)
file C:\Users\jzava\AppData\Local\Temp\stata_worker_default_7505d64a54_74609fe5
> bb_p9v2kmuv//phase1_baseline_executive_results.xlsx saved
(1 real change made)
(1 real change made)
(1 real change made)
(1 real change made)
(1 real change made)
(1 real change made)
(1 real change made)
(1 real change made)
(1 real change made)
(1 real change made)
(0 observations deleted)
(10 real changes made)
file C:\Users\jzava\AppData\Local\Temp\stata_worker_default_7505d64a54_74609fe5
> bb_p9v2kmuv//phase1_baseline_figures/fig_11_case_types_3m.png written in PNG 
> format
file
    C:\Users\jzava\AppData\Local\Temp\stata_worker_default_7505d64a54_74609fe
    > 5bb_p9v2kmuv//phase1_baseline_figures/fig_11_case_types_3m.pdf saved as
    PDF format

. 
. 
. *----------------------------------------------------------------------------
> --*
. **# 7. Legal mandate, classification, and vignette performance
. *----------------------------------------------------------------------------
> --*
. 
. local legal_vars ///
>     m4_q01_local_scope_score ///
>     m4_q02_referral_scope_score ///
>     m4_q04_correct_refer ///
>     m4_q05_documentation_score ///
>     m4_q06_procedure_score ///
>     m4_q07_correct_adr_scope ///
>     m4_q08_authority_score ///
>     classification_confidence_score ///
>     idx_vignette_classification ///
>     idx_safeguard_classif_know ///
>     idx_legal_classif_knowledge

. 
. aju_mean_table `legal_vars', sheet("legal_knowledge") module("Legal mandate a
> nd classification knowledge") ///
>     graph("fig_12_legal_knowledge") ///
>     title("Legal mandate, referral, and procedural knowledge")
(file
    C:\Users\jzava\AppData\Local\Temp\stata_worker_default_7505d64a54_74609fe
    > 5bb_p9v2kmuv\ST_9a18_00004p.tmp not found)
(0 observations deleted)
file C:\Users\jzava\AppData\Local\Temp\stata_worker_default_7505d64a54_74609fe5
> bb_p9v2kmuv//phase1_baseline_executive_results.xlsx saved
(1 real change made)
(1 real change made)
(1 real change made)
(1 real change made)
(1 real change made)
(1 real change made)
(1 real change made)
(1 real change made)
(1 real change made)
(1 real change made)
(1 real change made)
(0 observations deleted)
(11 real changes made)
file C:\Users\jzava\AppData\Local\Temp\stata_worker_default_7505d64a54_74609fe5
> bb_p9v2kmuv//phase1_baseline_figures/fig_12_legal_knowledge.png written in PN
> G format
file
    C:\Users\jzava\AppData\Local\Temp\stata_worker_default_7505d64a54_74609fe
    > 5bb_p9v2kmuv//phase1_baseline_figures/fig_12_legal_knowledge.pdf saved
    as PDF format

. 
. local vignette_vars ///
>     v01_boundary_q1_correct ///
>     v01_boundary_q2_correct ///
>     v01_boundary_q3_correct ///
>     v02_family_q1_correct ///
>     v02_family_q2_correct ///
>     v02_family_q3_correct ///
>     v05_child_q1_correct ///
>     v05_child_q2_correct ///
>     v05_child_q3_correct ///
>     v06_sgbv_q1_correct ///
>     v06_sgbv_q2_correct ///
>     v06_sgbv_q3_correct

. 
. aju_mean_table `vignette_vars', sheet("vignette_performance") module("Case-vi
> gnette performance") ///
>     graph("fig_13_vignette_performance") ///
>     title("Performance on case-classification vignettes")
(file
    C:\Users\jzava\AppData\Local\Temp\stata_worker_default_7505d64a54_74609fe
    > 5bb_p9v2kmuv\ST_9a18_00004p.tmp not found)
(0 observations deleted)
file C:\Users\jzava\AppData\Local\Temp\stata_worker_default_7505d64a54_74609fe5
> bb_p9v2kmuv//phase1_baseline_executive_results.xlsx saved
(1 real change made)
(1 real change made)
(1 real change made)
(1 real change made)
(1 real change made)
(1 real change made)
(1 real change made)
(1 real change made)
(1 real change made)
(1 real change made)
(1 real change made)
(1 real change made)
(0 observations deleted)
(12 real changes made)
file C:\Users\jzava\AppData\Local\Temp\stata_worker_default_7505d64a54_74609fe5
> bb_p9v2kmuv//phase1_baseline_figures/fig_13_vignette_performance.png written 
> in PNG format
file
    C:\Users\jzava\AppData\Local\Temp\stata_worker_default_7505d64a54_74609fe
    > 5bb_p9v2kmuv//phase1_baseline_figures/fig_13_vignette_performance.pdf
    saved as PDF format

. 
. * Report-ready scenario summary highlights child-protection and SGBV weakness
> es.
. preserve

.     egen vignette_boundary = rowmean(v01_boundary_q1_correct v01_boundary_q2_
> correct v01_boundary_q3_correct)

.     egen vignette_family   = rowmean(v02_family_q1_correct v02_family_q2_corr
> ect v02_family_q3_correct)

.     egen vignette_child    = rowmean(v05_child_q1_correct v05_child_q2_correc
> t v05_child_q3_correct)

.     egen vignette_sgbv     = rowmean(v06_sgbv_q1_correct v06_sgbv_q2_correct 
> v06_sgbv_q3_correct)

.     keep vignette_*

.     collapse (mean) vignette_*

.     gen id = 1

.     reshape long vignette_, i(id) j(scenario) string
(j = boundary child family sgbv)

Data                               Wide   ->   Long
-----------------------------------------------------------------------------
Number of observations                1   ->   4           
Number of variables                   5   ->   3           
j variable (4 values)                     ->   scenario
xij variables:
vignette_boundary vignette_child ... vignette_sgbv->vignette_
-----------------------------------------------------------------------------

.     rename vignette_ mean

.     replace scenario = "Boundary dispute" if scenario == "boundary"
variable scenario was str8 now str16
(1 real change made)

.     replace scenario = "Family dispute" if scenario == "family"
(1 real change made)

.     replace scenario = "Child-protection case" if scenario == "child"
variable scenario was str16 now str21
(1 real change made)

.     replace scenario = "SGBV case" if scenario == "sgbv"
(1 real change made)

.     graph hbar mean, over(scenario, sort(mean) descending label(labsize(small
> ))) ///
>         bar(1, color("32 87 129")) blabel(bar, format(%4.2f) size(small)) ///
>         yscale(range(0 1)) ylabel(0(.2)1, format(%3.1f) grid) ///
>         ytitle("Mean correct response: classification, action, and actor invo
> lvement (0-1)") ///
>         title("Case-vignette performance", size(medsmall)) ///
>         note("Sensitive cases are shown alongside ordinary disputes to identi
> fy safeguarding training needs.", size(vsmall))

.     graph export "`fig_dir'/fig_13_vignette_performance.png", width(2800) rep
> lace
file C:\Users\jzava\AppData\Local\Temp\stata_worker_default_7505d64a54_74609fe5
> bb_p9v2kmuv//phase1_baseline_figures/fig_13_vignette_performance.png written 
> in PNG format

.     graph export "`fig_dir'/fig_13_vignette_performance.pdf", replace
file
    C:\Users\jzava\AppData\Local\Temp\stata_worker_default_7505d64a54_74609fe
    > 5bb_p9v2kmuv//phase1_baseline_figures/fig_13_vignette_performance.pdf
    saved as PDF format

. restore

. 
. 
. *----------------------------------------------------------------------------
> --*
. **# 8. ADR and mediation practice
. *----------------------------------------------------------------------------
> --*
. 
. local adr_vars ///
>     m5_q01_score ///
>     m5_q02_score ///
>     m5_q03_score ///
>     m5_q06_score ///
>     m5_q07_score ///
>     adr_confidence_score ///
>     deescalation_confidence_score ///
>     n_adr_methods ///
>     adr_methods_score ///
>     n_adr_barriers ///
>     noncomp_response_app ///
>     m5_q14_score ///
>     m5_q16_score ///
>     idx_adr_mediation_practice

. 
. aju_mean_table `adr_vars', sheet("adr_mediation") module("ADR and mediation p
> ractice") graphvars("m5_q01_score m5_q02_score m5_q03_score m5_q06_score m5_q
> 07_score adr_confidence_score deescalation_confidence_score adr_methods_score
>  noncomp_response_app m5_q14_score m5_q16_score idx_adr_mediation_practice") 
> ///
>     graph("fig_14_adr_mediation") ///
>     title("ADR and mediation practice")
(file
    C:\Users\jzava\AppData\Local\Temp\stata_worker_default_7505d64a54_74609fe
    > 5bb_p9v2kmuv\ST_9a18_00004q.tmp not found)
(0 observations deleted)
file C:\Users\jzava\AppData\Local\Temp\stata_worker_default_7505d64a54_74609fe5
> bb_p9v2kmuv//phase1_baseline_executive_results.xlsx saved
(1 real change made)
(1 real change made)
(1 real change made)
(1 real change made)
(1 real change made)
(1 real change made)
(1 real change made)
(1 real change made)
(1 real change made)
(1 real change made)
(1 real change made)
(1 real change made)
(2 observations deleted)
(12 real changes made)
file C:\Users\jzava\AppData\Local\Temp\stata_worker_default_7505d64a54_74609fe5
> bb_p9v2kmuv//phase1_baseline_figures/fig_14_adr_mediation.png written in PNG 
> format
file
    C:\Users\jzava\AppData\Local\Temp\stata_worker_default_7505d64a54_74609fe
    > 5bb_p9v2kmuv//phase1_baseline_figures/fig_14_adr_mediation.pdf saved as
    PDF format

. 
. local adr_barrier_vars ///
>     m5_q11_1 m5_q11_2 m5_q11_3 m5_q11_4 m5_q11_5 ///
>     m5_q11_6 m5_q11_7 m5_q11_8 m5_q11_9

. 
. aju_mean_table `adr_barrier_vars', sheet("adr_barriers") module("ADR barriers
> ") ///
>     graph("fig_15_adr_barriers") ///
>     title("Reported barriers to local mediation/ADR")
(file
    C:\Users\jzava\AppData\Local\Temp\stata_worker_default_7505d64a54_74609fe
    > 5bb_p9v2kmuv\ST_9a18_00004q.tmp not found)
(0 observations deleted)
file C:\Users\jzava\AppData\Local\Temp\stata_worker_default_7505d64a54_74609fe5
> bb_p9v2kmuv//phase1_baseline_executive_results.xlsx saved
(1 real change made)
(1 real change made)
(1 real change made)
(1 real change made)
(1 real change made)
(1 real change made)
(1 real change made)
(1 real change made)
(1 real change made)
(0 observations deleted)
(9 real changes made)
file C:\Users\jzava\AppData\Local\Temp\stata_worker_default_7505d64a54_74609fe5
> bb_p9v2kmuv//phase1_baseline_figures/fig_15_adr_barriers.png written in PNG f
> ormat
file
    C:\Users\jzava\AppData\Local\Temp\stata_worker_default_7505d64a54_74609fe
    > 5bb_p9v2kmuv//phase1_baseline_figures/fig_15_adr_barriers.pdf saved as
    PDF format

. 
. local adr_method_vars ///
>     m5_q13_1 m5_q13_2 m5_q13_3 m5_q13_4 ///
>     m5_q13_5 m5_q13_6 m5_q13_7 m5_q13_8

. 
. aju_mean_table `adr_method_vars', sheet("adr_methods") module("ADR/local reso
> lution methods") ///
>     graph("fig_16_adr_methods") ///
>     title("ADR/local resolution methods used")
(file
    C:\Users\jzava\AppData\Local\Temp\stata_worker_default_7505d64a54_74609fe
    > 5bb_p9v2kmuv\ST_9a18_00004q.tmp not found)
(0 observations deleted)
file C:\Users\jzava\AppData\Local\Temp\stata_worker_default_7505d64a54_74609fe5
> bb_p9v2kmuv//phase1_baseline_executive_results.xlsx saved
(1 real change made)
(1 real change made)
(1 real change made)
(1 real change made)
(1 real change made)
(1 real change made)
(1 real change made)
(1 real change made)
(0 observations deleted)
(8 real changes made)
file C:\Users\jzava\AppData\Local\Temp\stata_worker_default_7505d64a54_74609fe5
> bb_p9v2kmuv//phase1_baseline_figures/fig_16_adr_methods.png written in PNG fo
> rmat
file
    C:\Users\jzava\AppData\Local\Temp\stata_worker_default_7505d64a54_74609fe
    > 5bb_p9v2kmuv//phase1_baseline_figures/fig_16_adr_methods.pdf saved as
    PDF format

. 
. 
. *----------------------------------------------------------------------------
> --*
. **# 9. Referral practice and coordination
. *----------------------------------------------------------------------------
> --*
. 
. local referral_vars ///
>     referral_frequency_score ///
>     referral_documentation_score ///
>     referral_feedback_score ///
>     police_coordination_score ///
>     court_coordination_score ///
>     referral_path_conf_score ///
>     referral_explain_conf_score ///
>     verified_referral_record_score ///
>     verified_ref_dest_score ///
>     n_referral_reasons ///
>     n_referral_barriers ///
>     no_major_referral_barriers ///
>     idx_referral_practice

. 
. aju_mean_table `referral_vars', sheet("referral_practice") module("Referral p
> ractice and coordination") graphvars("referral_frequency_score referral_docum
> entation_score referral_feedback_score police_coordination_score court_coordi
> nation_score referral_path_conf_score referral_explain_conf_score verified_re
> ferral_record_score verified_ref_dest_score no_major_referral_barriers idx_re
> ferral_practice") ///
>     graph("fig_17_referral_practice") ///
>     title("Referral practice, coordination, and documentation")
(file
    C:\Users\jzava\AppData\Local\Temp\stata_worker_default_7505d64a54_74609fe
    > 5bb_p9v2kmuv\ST_9a18_00004q.tmp not found)
(0 observations deleted)
file C:\Users\jzava\AppData\Local\Temp\stata_worker_default_7505d64a54_74609fe5
> bb_p9v2kmuv//phase1_baseline_executive_results.xlsx saved
(1 real change made)
(1 real change made)
(1 real change made)
(1 real change made)
(1 real change made)
(1 real change made)
(1 real change made)
(1 real change made)
(1 real change made)
(1 real change made)
(1 real change made)
(2 observations deleted)
(11 real changes made)
file C:\Users\jzava\AppData\Local\Temp\stata_worker_default_7505d64a54_74609fe5
> bb_p9v2kmuv//phase1_baseline_figures/fig_17_referral_practice.png written in 
> PNG format
file
    C:\Users\jzava\AppData\Local\Temp\stata_worker_default_7505d64a54_74609fe
    > 5bb_p9v2kmuv//phase1_baseline_figures/fig_17_referral_practice.pdf
    saved as PDF format

. 
. local referral_reason_vars ///
>     m6_q04_1 m6_q04_2 m6_q04_3 m6_q04_4 ///
>     m6_q04_5 m6_q04_6 m6_q04_7 m6_q04_8

. 
. aju_mean_table `referral_reason_vars', sheet("referral_reasons") module("Reas
> ons for referral") ///
>     graph("fig_18_referral_reasons") ///
>     title("Reasons LC chairpersons refer cases onward")
(file
    C:\Users\jzava\AppData\Local\Temp\stata_worker_default_7505d64a54_74609fe
    > 5bb_p9v2kmuv\ST_9a18_00004q.tmp not found)
(0 observations deleted)
file C:\Users\jzava\AppData\Local\Temp\stata_worker_default_7505d64a54_74609fe5
> bb_p9v2kmuv//phase1_baseline_executive_results.xlsx saved
(1 real change made)
(1 real change made)
(1 real change made)
(1 real change made)
(1 real change made)
(1 real change made)
(1 real change made)
(1 real change made)
(0 observations deleted)
(8 real changes made)
file C:\Users\jzava\AppData\Local\Temp\stata_worker_default_7505d64a54_74609fe5
> bb_p9v2kmuv//phase1_baseline_figures/fig_18_referral_reasons.png written in P
> NG format
file
    C:\Users\jzava\AppData\Local\Temp\stata_worker_default_7505d64a54_74609fe
    > 5bb_p9v2kmuv//phase1_baseline_figures/fig_18_referral_reasons.pdf saved
    as PDF format

. 
. local referral_barrier_vars ///
>     m6_q12_1 m6_q12_2 m6_q12_3 m6_q12_4 m6_q12_5 ///
>     m6_q12_6 m6_q12_7 m6_q12_8 m6_q12_9 m6_q12_10 m6_q12_11

. 
. aju_mean_table `referral_barrier_vars', sheet("referral_barriers") module("Re
> ferral barriers") ///
>     graph("fig_19_referral_barriers") ///
>     title("Reported barriers to referral")
(file
    C:\Users\jzava\AppData\Local\Temp\stata_worker_default_7505d64a54_74609fe
    > 5bb_p9v2kmuv\ST_9a18_00004q.tmp not found)
(0 observations deleted)
file C:\Users\jzava\AppData\Local\Temp\stata_worker_default_7505d64a54_74609fe5
> bb_p9v2kmuv//phase1_baseline_executive_results.xlsx saved
(1 real change made)
(1 real change made)
(1 real change made)
(1 real change made)
(1 real change made)
(1 real change made)
(1 real change made)
(1 real change made)
(1 real change made)
(1 real change made)
(1 real change made)
(0 observations deleted)
(11 real changes made)
file C:\Users\jzava\AppData\Local\Temp\stata_worker_default_7505d64a54_74609fe5
> bb_p9v2kmuv//phase1_baseline_figures/fig_19_referral_barriers.png written in 
> PNG format
file
    C:\Users\jzava\AppData\Local\Temp\stata_worker_default_7505d64a54_74609fe
    > 5bb_p9v2kmuv//phase1_baseline_figures/fig_19_referral_barriers.pdf
    saved as PDF format

. 
. 
. *----------------------------------------------------------------------------
> --*
. **# 10. Record-keeping and case management
. *----------------------------------------------------------------------------
> --*
. 
. local record_vars ///
>     case_register_score ///
>     record_type_breadth_score ///
>     record_uptodate_score ///
>     most_recent_entry_score ///
>     record_fields_score ///
>     outcome_recorded_score ///
>     record_retrieval_score ///
>     secure_storage_score ///
>     records_access_open_to_community ///
>     n_record_challenges ///
>     no_major_record_challenges ///
>     verified_case_register_score ///
>     verified_proceedings_score ///
>     verified_storage_score ///
>     verified_record_usability_score ///
>     idx_record_quality

. 
. aju_mean_table `record_vars', sheet("record_quality") module("Record-keeping 
> and case management") graphvars("case_register_score record_type_breadth_scor
> e record_uptodate_score most_recent_entry_score record_fields_score outcome_r
> ecorded_score record_retrieval_score secure_storage_score records_access_open
> _to_community no_major_record_challenges verified_case_register_score verifie
> d_proceedings_score verified_storage_score verified_record_usability_score id
> x_record_quality") ///
>     graph("fig_20_record_quality") ///
>     title("Record-keeping and case-management quality")
(file
    C:\Users\jzava\AppData\Local\Temp\stata_worker_default_7505d64a54_74609fe
    > 5bb_p9v2kmuv\ST_9a18_00004q.tmp not found)
(0 observations deleted)
file C:\Users\jzava\AppData\Local\Temp\stata_worker_default_7505d64a54_74609fe5
> bb_p9v2kmuv//phase1_baseline_executive_results.xlsx saved
(1 real change made)
(1 real change made)
(1 real change made)
(1 real change made)
(1 real change made)
(1 real change made)
(1 real change made)
(1 real change made)
(1 real change made)
(1 real change made)
(1 real change made)
(1 real change made)
(1 real change made)
(1 real change made)
(1 real change made)
(1 observation deleted)
(15 real changes made)
file C:\Users\jzava\AppData\Local\Temp\stata_worker_default_7505d64a54_74609fe5
> bb_p9v2kmuv//phase1_baseline_figures/fig_20_record_quality.png written in PNG
>  format
file
    C:\Users\jzava\AppData\Local\Temp\stata_worker_default_7505d64a54_74609fe
    > 5bb_p9v2kmuv//phase1_baseline_figures/fig_20_record_quality.pdf saved
    as PDF format

. 
. local record_challenge_vars ///
>     m7_q15_1 m7_q15_2 m7_q15_3 m7_q15_4 ///
>     m7_q15_5 m7_q15_6 m7_q15_7 m7_q15_8 m7_q15_9

. 
. aju_mean_table `record_challenge_vars', sheet("record_challenges") module("Re
> cord-keeping challenges") ///
>     graph("fig_21_record_challenges") ///
>     title("Reported record-keeping challenges")
(file
    C:\Users\jzava\AppData\Local\Temp\stata_worker_default_7505d64a54_74609fe
    > 5bb_p9v2kmuv\ST_9a18_00004q.tmp not found)
(0 observations deleted)
file C:\Users\jzava\AppData\Local\Temp\stata_worker_default_7505d64a54_74609fe5
> bb_p9v2kmuv//phase1_baseline_executive_results.xlsx saved
(1 real change made)
(1 real change made)
(1 real change made)
(1 real change made)
(1 real change made)
(1 real change made)
(1 real change made)
(1 real change made)
(1 real change made)
(0 observations deleted)
(9 real changes made)
file C:\Users\jzava\AppData\Local\Temp\stata_worker_default_7505d64a54_74609fe5
> bb_p9v2kmuv//phase1_baseline_figures/fig_21_record_challenges.png written in 
> PNG format
file
    C:\Users\jzava\AppData\Local\Temp\stata_worker_default_7505d64a54_74609fe
    > 5bb_p9v2kmuv//phase1_baseline_figures/fig_21_record_challenges.pdf
    saved as PDF format

. 
. 
. *----------------------------------------------------------------------------
> --*
. **# 11. Committee functioning and collective decision-making
. *----------------------------------------------------------------------------
> --*
. 
. local committee_vars ///
>     collective_handling_score ///
>     active_member_part_score ///
>     collective_discussion_score ///
>     women_participation_score ///
>     women_perspective_mechanism ///
>     record_validation_score ///
>     case_review_score ///
>     decision_process_score ///
>     similar_case_consistency_score ///
>     procedure_confidence_score ///
>     n_committee_challenges ///
>     no_major_committee_challenges ///
>     verified_member_part_score ///
>     verified_multimember_val_score ///
>     idx_committee_functioning

. 
. aju_mean_table `committee_vars', sheet("committee_function") module("Committe
> e functioning and collective decision-making") graphvars("collective_handling
> _score active_member_part_score collective_discussion_score women_participati
> on_score women_perspective_mechanism record_validation_score case_review_scor
> e decision_process_score similar_case_consistency_score procedure_confidence_
> score no_major_committee_challenges verified_member_part_score verified_multi
> member_val_score idx_committee_functioning") ///
>     graph("fig_22_committee_functioning") ///
>     title("Committee functioning and collective decision-making")
(file
    C:\Users\jzava\AppData\Local\Temp\stata_worker_default_7505d64a54_74609fe
    > 5bb_p9v2kmuv\ST_9a18_00004q.tmp not found)
(0 observations deleted)
file C:\Users\jzava\AppData\Local\Temp\stata_worker_default_7505d64a54_74609fe5
> bb_p9v2kmuv//phase1_baseline_executive_results.xlsx saved
(1 real change made)
(1 real change made)
(1 real change made)
(1 real change made)
(1 real change made)
(1 real change made)
(1 real change made)
(1 real change made)
(1 real change made)
(1 real change made)
(1 real change made)
(1 real change made)
(1 real change made)
(1 real change made)
(1 observation deleted)
(14 real changes made)
file C:\Users\jzava\AppData\Local\Temp\stata_worker_default_7505d64a54_74609fe5
> bb_p9v2kmuv//phase1_baseline_figures/fig_22_committee_functioning.png written
>  in PNG format
file
    C:\Users\jzava\AppData\Local\Temp\stata_worker_default_7505d64a54_74609fe
    > 5bb_p9v2kmuv//phase1_baseline_figures/fig_22_committee_functioning.pdf
    saved as PDF format

. 
. local committee_challenge_vars ///
>     m8_q15_1 m8_q15_2 m8_q15_3 m8_q15_4 m8_q15_5 ///
>     m8_q15_6 m8_q15_7 m8_q15_8 m8_q15_9 m8_q15_10

. 
. aju_mean_table `committee_challenge_vars', sheet("committee_challenges") modu
> le("Committee-functioning challenges") ///
>     graph("fig_23_committee_challenges") ///
>     title("Reported committee-functioning challenges")
(file
    C:\Users\jzava\AppData\Local\Temp\stata_worker_default_7505d64a54_74609fe
    > 5bb_p9v2kmuv\ST_9a18_00004q.tmp not found)
(0 observations deleted)
file C:\Users\jzava\AppData\Local\Temp\stata_worker_default_7505d64a54_74609fe5
> bb_p9v2kmuv//phase1_baseline_executive_results.xlsx saved
(1 real change made)
(1 real change made)
(1 real change made)
(1 real change made)
(1 real change made)
(1 real change made)
(1 real change made)
(1 real change made)
(1 real change made)
(1 real change made)
(0 observations deleted)
(10 real changes made)
file C:\Users\jzava\AppData\Local\Temp\stata_worker_default_7505d64a54_74609fe5
> bb_p9v2kmuv//phase1_baseline_figures/fig_23_committee_challenges.png written 
> in PNG format
file
    C:\Users\jzava\AppData\Local\Temp\stata_worker_default_7505d64a54_74609fe
    > 5bb_p9v2kmuv//phase1_baseline_figures/fig_23_committee_challenges.pdf
    saved as PDF format

. 
. 
. *----------------------------------------------------------------------------
> --*
. **# 12. Procedural fairness, perceived legitimacy, and bypassing
. *----------------------------------------------------------------------------
> --*
. 
. local legitimacy_vars ///
>     perceived_lcc_fairness_score ///
>     perc_willing_use_lcc_score ///
>     bypass_frequency_score ///
>     low_bypass_score ///
>     perc_favor_influence_score ///
>     low_favoritism_influence_score ///
>     conf_trust_when_referring ///
>     conf_fair_respect_score ///
>     bypass_due_distrust ///
>     bypass_due_bias ///
>     bypass_due_enforcement ///
>     bypass_due_mandate_uncertainty ///
>     bypass_due_serious_case ///
>     eligible_cases_rarely_bypass ///
>     idx_perceived_legitimacy

. 
. aju_mean_table `legitimacy_vars', sheet("legitimacy_bypass") module("Legitima
> cy and bypassing") ///
>     graph("fig_24_legitimacy_bypass") ///
>     title("Perceived legitimacy, bypassing, and fairness risks")
(file
    C:\Users\jzava\AppData\Local\Temp\stata_worker_default_7505d64a54_74609fe
    > 5bb_p9v2kmuv\ST_9a18_00004q.tmp not found)
(0 observations deleted)
file C:\Users\jzava\AppData\Local\Temp\stata_worker_default_7505d64a54_74609fe5
> bb_p9v2kmuv//phase1_baseline_executive_results.xlsx saved
(1 real change made)
(1 real change made)
(1 real change made)
(1 real change made)
(1 real change made)
(1 real change made)
(1 real change made)
(1 real change made)
(1 real change made)
(1 real change made)
(1 real change made)
(1 real change made)
(1 real change made)
(1 real change made)
(1 real change made)
(0 observations deleted)
(15 real changes made)
file C:\Users\jzava\AppData\Local\Temp\stata_worker_default_7505d64a54_74609fe5
> bb_p9v2kmuv//phase1_baseline_figures/fig_24_legitimacy_bypass.png written in 
> PNG format
file
    C:\Users\jzava\AppData\Local\Temp\stata_worker_default_7505d64a54_74609fe
    > 5bb_p9v2kmuv//phase1_baseline_figures/fig_24_legitimacy_bypass.pdf
    saved as PDF format

. 
. 
. *----------------------------------------------------------------------------
> --*
. **# 13. Safeguards and serious/sensitive-case handling
. *----------------------------------------------------------------------------
> --*
. 
. local safeguards_vars ///
>     vulnerable_need_sh ///
>     idx_safeguard_classif_know ///
>     v05_child_q1_correct ///
>     v05_child_q2_correct ///
>     v05_child_q3_correct ///
>     v06_sgbv_q1_correct ///
>     v06_sgbv_q2_correct ///
>     v06_sgbv_q3_correct ///
>     idx_safeguards

. 
. aju_mean_table `safeguards_vars', sheet("safeguards") module("Safeguards and 
> serious/sensitive-case handling") ///
>     graph("fig_25_safeguards") ///
>     title("Safeguards and serious/sensitive-case handling")
(file
    C:\Users\jzava\AppData\Local\Temp\stata_worker_default_7505d64a54_74609fe
    > 5bb_p9v2kmuv\ST_9a18_00004q.tmp not found)
(0 observations deleted)
file C:\Users\jzava\AppData\Local\Temp\stata_worker_default_7505d64a54_74609fe5
> bb_p9v2kmuv//phase1_baseline_executive_results.xlsx saved
(1 real change made)
(1 real change made)
(1 real change made)
(1 real change made)
(1 real change made)
(1 real change made)
(1 real change made)
(1 real change made)
(1 real change made)
(0 observations deleted)
(9 real changes made)
file C:\Users\jzava\AppData\Local\Temp\stata_worker_default_7505d64a54_74609fe5
> bb_p9v2kmuv//phase1_baseline_figures/fig_25_safeguards.png written in PNG for
> mat
file
    C:\Users\jzava\AppData\Local\Temp\stata_worker_default_7505d64a54_74609fe
    > 5bb_p9v2kmuv//phase1_baseline_figures/fig_25_safeguards.pdf saved as
    PDF format

. 
. 
. *----------------------------------------------------------------------------
> --*
. **# 14. Reintegration norms and support for formerly incarcerated persons
. *----------------------------------------------------------------------------
> --*
. 
. local reintegration_vars ///
>     reintegration_importance_score ///
>     reintegration_willingness_score ///
>     fair_chance_reintegration_score ///
>     low_exclusion_norm_score ///
>     low_reoffending_stigma_score ///
>     comm_role_reint_score ///
>     reint_mediation_comfort ///
>     connect_support_willing_score ///
>     community_stigma_level_score ///
>     n_reintegration_support_types ///
>     reint_support_breadth_score ///
>     no_reintegration_support_needed ///
>     n_reintegration_barriers ///
>     comm_accepts_ex_prisoner ///
>     recent_reintegration_issue ///
>     reint_tension_conf_score ///
>     reint_referral_conf_score ///
>     reint_comm_justice_role ///
>     idx_reintegration_norms

. 
. aju_mean_table `reintegration_vars', sheet("reintegration_norms") module("Rei
> ntegration norms") graphvars("reintegration_importance_score reintegration_wi
> llingness_score fair_chance_reintegration_score low_exclusion_norm_score low_
> reoffending_stigma_score comm_role_reint_score reint_mediation_comfort connec
> t_support_willing_score community_stigma_level_score reint_support_breadth_sc
> ore no_reintegration_support_needed comm_accepts_ex_prisoner recent_reintegra
> tion_issue reint_tension_conf_score reint_referral_conf_score reint_comm_just
> ice_role idx_reintegration_norms") ///
>     graph("fig_26_reintegration_norms") ///
>     title("Reintegration norms and support capacity")
(file
    C:\Users\jzava\AppData\Local\Temp\stata_worker_default_7505d64a54_74609fe
    > 5bb_p9v2kmuv\ST_9a18_00004q.tmp not found)
(0 observations deleted)
file C:\Users\jzava\AppData\Local\Temp\stata_worker_default_7505d64a54_74609fe5
> bb_p9v2kmuv//phase1_baseline_executive_results.xlsx saved
(1 real change made)
(1 real change made)
(1 real change made)
(1 real change made)
(1 real change made)
(1 real change made)
(1 real change made)
(1 real change made)
(1 real change made)
(1 real change made)
(1 real change made)
(1 real change made)
(1 real change made)
(1 real change made)
(1 real change made)
(1 real change made)
(1 real change made)
(2 observations deleted)
(17 real changes made)
file C:\Users\jzava\AppData\Local\Temp\stata_worker_default_7505d64a54_74609fe5
> bb_p9v2kmuv//phase1_baseline_figures/fig_26_reintegration_norms.png written i
> n PNG format
file
    C:\Users\jzava\AppData\Local\Temp\stata_worker_default_7505d64a54_74609fe
    > 5bb_p9v2kmuv//phase1_baseline_figures/fig_26_reintegration_norms.pdf
    saved as PDF format

. 
. local reint_support_vars ///
>     m11_q10_1 m11_q10_2 m11_q10_3 m11_q10_4 ///
>     m11_q10_5 m11_q10_6 m11_q10_7 m11_q10_8 m11_q10_9

. 
. aju_mean_table `reint_support_vars', sheet("reint_support_types") module("Rei
> ntegration support types") ///
>     graph("fig_27_reintegration_support") ///
>     title("Support types identified for successful reintegration")
(file
    C:\Users\jzava\AppData\Local\Temp\stata_worker_default_7505d64a54_74609fe
    > 5bb_p9v2kmuv\ST_9a18_00004q.tmp not found)
(0 observations deleted)
file C:\Users\jzava\AppData\Local\Temp\stata_worker_default_7505d64a54_74609fe5
> bb_p9v2kmuv//phase1_baseline_executive_results.xlsx saved
(1 real change made)
(1 real change made)
(1 real change made)
(1 real change made)
(1 real change made)
(1 real change made)
(1 real change made)
(1 real change made)
(1 real change made)
(0 observations deleted)
(9 real changes made)
file C:\Users\jzava\AppData\Local\Temp\stata_worker_default_7505d64a54_74609fe5
> bb_p9v2kmuv//phase1_baseline_figures/fig_27_reintegration_support.png written
>  in PNG format
file
    C:\Users\jzava\AppData\Local\Temp\stata_worker_default_7505d64a54_74609fe
    > 5bb_p9v2kmuv//phase1_baseline_figures/fig_27_reintegration_support.pdf
    saved as PDF format

. 
. local reint_barrier_vars ///
>     m11_q12_1 m11_q12_2 m11_q12_3 m11_q12_4 ///
>     m11_q12_5 m11_q12_6 m11_q12_7 m11_q12_8 m11_q12_9

. 
. aju_mean_table `reint_barrier_vars', sheet("reint_barriers") module("Reintegr
> ation barriers") ///
>     graph("fig_28_reintegration_barriers") ///
>     title("Perceived barriers to reintegration")
(file
    C:\Users\jzava\AppData\Local\Temp\stata_worker_default_7505d64a54_74609fe
    > 5bb_p9v2kmuv\ST_9a18_00004q.tmp not found)
(0 observations deleted)
file C:\Users\jzava\AppData\Local\Temp\stata_worker_default_7505d64a54_74609fe5
> bb_p9v2kmuv//phase1_baseline_executive_results.xlsx saved
(1 real change made)
(1 real change made)
(1 real change made)
(1 real change made)
(1 real change made)
(1 real change made)
(1 real change made)
(1 real change made)
(1 real change made)
(0 observations deleted)
(9 real changes made)
file C:\Users\jzava\AppData\Local\Temp\stata_worker_default_7505d64a54_74609fe5
> bb_p9v2kmuv//phase1_baseline_figures/fig_28_reintegration_barriers.png writte
> n in PNG format
file
    C:\Users\jzava\AppData\Local\Temp\stata_worker_default_7505d64a54_74609fe
    > 5bb_p9v2kmuv//phase1_baseline_figures/fig_28_reintegration_barriers.pdf
    saved as PDF format

. 
. 
. *----------------------------------------------------------------------------
> --*
. **# 15. Cross-domain correlations and diagnostic relationships
. *----------------------------------------------------------------------------
> --*
. 
. * 15.1 Correlation matrix of core and composite indices
. preserve

.     keep `all_indices'

.     corr `all_indices'
(obs=93)

             | i~spon~y idx_in~g idx_le~e idx_ad~e idx_re~e i~cord~y idx_co~g
-------------+---------------------------------------------------------------
idx_respon~y |   1.0000
idx_instit~g |   0.3079   1.0000
idx_legal_~e |  -0.0902  -0.4808   1.0000
idx_adr_me~e |   0.3079  -0.1755   0.3017   1.0000
idx_referr~e |   0.3799   0.1095   0.0525   0.6266   1.0000
idx_record~y |   0.4911   0.6802  -0.2531   0.1661   0.2998   1.0000
idx_commit~g |   0.2883  -0.1414   0.3569   0.6317   0.4714   0.1522   1.0000
idx_percei~y |   0.3193  -0.1865   0.4074   0.5797   0.4074   0.0730   0.6181
idx_safegu~s |   0.0727  -0.2862   0.4223   0.2501   0.0339   0.0225   0.1983
idx_reinte~s |   0.0736  -0.2544   0.3577   0.5191   0.4205  -0.0169   0.4739
idx_lcc_op~y |   0.5199   0.7641  -0.2238   0.2466   0.3869   0.9316   0.3773
idx_lcc_ca~y |   0.2497  -0.3043   0.6160   0.7939   0.5939   0.0991   0.5915
idx_lcc_le~s |   0.2423  -0.2453   0.4386   0.6290   0.4694   0.0389   0.6316
idx_p1_bas~y |   0.7558   0.2219   0.2245   0.6752   0.6385   0.5797   0.6482

             | idx_pe~y idx_sa~s idx_re~s i~oper~y i~case~y idx_lc~s idx_p1~y
-------------+---------------------------------------------------------------
idx_percei~y |   1.0000
idx_safegu~s |   0.3026   1.0000
idx_reinte~s |   0.5403   0.3868   1.0000
idx_lcc_op~y |   0.1809  -0.0326   0.0500   1.0000
idx_lcc_ca~y |   0.6138   0.6959   0.6194   0.1408   1.0000
idx_lcc_le~s |   0.9107   0.3852   0.8396   0.1413   0.7002   1.0000
idx_p1_bas~y |   0.6867   0.3691   0.5182   0.6623   0.7038   0.6976   1.0000


.     matrix C = r(C)

.     putexcel set "`excel_exec'", sheet("index_correlation_matrix", replace) m
> odify

.     putexcel A1 = matrix(C), names
file C:\Users\jzava\AppData\Local\Temp\stata_worker_default_7505d64a54_74609fe5
> bb_p9v2kmuv//phase1_baseline_executive_results.xlsx saved

.     putexcel clear

. restore

. 
. * 15.2 Pairwise correlations with mentor-readiness proxy
. tempfile readiness_corrs

. tempname rc

. postfile `rc' str80 variable str160 label long n double corr_with_readiness u
> sing `readiness_corrs', replace
(file
    C:\Users\jzava\AppData\Local\Temp\stata_worker_default_7505d64a54_74609fe
    > 5bb_p9v2kmuv\ST_9a18_00004r.tmp not found)

. 
. foreach v of local core_indices {
  2.     capture confirm numeric variable `v'
  3.     if !_rc {
  4.         quietly count if !missing(idx_p1_base_mentor_ready_proxy, `v')
  5.         local n = r(N)
  6.         if `n' > 2 {
  7.             quietly corr idx_p1_base_mentor_ready_proxy `v'
  8.             matrix R = r(C)
  9.             local rho = R[1,2]
 10.         }
 11.         else {
 12.             local rho = .
 13.         }
 14.         local vl : variable label `v'
 15.         if `"`vl'"' == "" local vl "`v'"
 16.         post `rc' (`"`v'"') (`"`vl'"') (`n') (`rho')
 17.     }
 18. }

. postclose `rc'

. 
. preserve

.     use `readiness_corrs', clear

.     gsort -corr_with_readiness

.     export excel using "`excel_exec'", sheet("readiness_correlations", replac
> e) firstrow(variables)
file C:\Users\jzava\AppData\Local\Temp\stata_worker_default_7505d64a54_74609fe5
> bb_p9v2kmuv//phase1_baseline_executive_results.xlsx saved

. 
.     graph hbar corr_with_readiness, over(label, sort(corr_with_readiness) lab
> el(labsize(vsmall))) ///
>         bar(1, color("63 122 120")) ///
>         blabel(bar, format(%4.2f) size(vsmall)) ///
>         ytitle("Correlation with mentor-readiness proxy") ///
>         title("Which baseline domains move with mentor readiness?", size(meds
> mall)) ///
>         note("Diagnostic only: the readiness proxy is mechanically constructe
> d from several component domains.", size(vsmall))

.     graph export "`fig_dir'/fig_29_readiness_correlations.png", width(2600) r
> eplace
file C:\Users\jzava\AppData\Local\Temp\stata_worker_default_7505d64a54_74609fe5
> bb_p9v2kmuv//phase1_baseline_figures/fig_29_readiness_correlations.png writte
> n in PNG format

.     graph export "`fig_dir'/fig_29_readiness_correlations.pdf", replace
file
    C:\Users\jzava\AppData\Local\Temp\stata_worker_default_7505d64a54_74609fe
    > 5bb_p9v2kmuv//phase1_baseline_figures/fig_29_readiness_correlations.pdf
    saved as PDF format

. restore

. 
. * 15.3 Scatterplots for selected diagnostic relationships
. twoway ///
>     (scatter idx_p1_base_mentor_ready_proxy idx_lcc_case_handling_quality, ms
> ize(small)) ///
>     (lfit idx_p1_base_mentor_ready_proxy idx_lcc_case_handling_quality), ///
>     xtitle("Case-handling quality") ///
>     ytitle("Mentor-readiness proxy") ///
>     title("Mentor readiness and case-handling quality", size(medsmall)) ///
>     legend(off)

. graph export "`fig_dir'/fig_30_readiness_vs_case_handling.png", width(2400) r
> eplace
file C:\Users\jzava\AppData\Local\Temp\stata_worker_default_7505d64a54_74609fe5
> bb_p9v2kmuv//phase1_baseline_figures/fig_30_readiness_vs_case_handling.png wr
> itten in PNG format

. graph export "`fig_dir'/fig_30_readiness_vs_case_handling.pdf", replace
file
    C:\Users\jzava\AppData\Local\Temp\stata_worker_default_7505d64a54_74609fe
    > 5bb_p9v2kmuv//phase1_baseline_figures/fig_30_readiness_vs_case_handling
    > .pdf saved as PDF format

. 
. twoway ///
>     (scatter idx_p1_base_mentor_ready_proxy idx_lcc_legitimacy_and_norms, msi
> ze(small)) ///
>     (lfit idx_p1_base_mentor_ready_proxy idx_lcc_legitimacy_and_norms), ///
>     xtitle("Legitimacy and reintegration norms") ///
>     ytitle("Mentor-readiness proxy") ///
>     title("Mentor readiness and legitimacy/norms", size(medsmall)) ///
>     legend(off)

. graph export "`fig_dir'/fig_31_readiness_vs_legitimacy_norms.png", width(2400
> ) replace
file C:\Users\jzava\AppData\Local\Temp\stata_worker_default_7505d64a54_74609fe5
> bb_p9v2kmuv//phase1_baseline_figures/fig_31_readiness_vs_legitimacy_norms.png
>  written in PNG format

. graph export "`fig_dir'/fig_31_readiness_vs_legitimacy_norms.pdf", replace
file
    C:\Users\jzava\AppData\Local\Temp\stata_worker_default_7505d64a54_74609fe
    > 5bb_p9v2kmuv//phase1_baseline_figures/fig_31_readiness_vs_legitimacy_no
    > rms.pdf saved as PDF format

. 
. 
. *----------------------------------------------------------------------------
> --*
. **# 16. Complete all-item tabulations for internal evaluation team
. *----------------------------------------------------------------------------
> --*
. * This workbook is intentionally broader than the main report. It gives
. * Ivan/CDFU and the internal team a complete reference of item-level response
> s.
. 
. putexcel set "`excel_items'", replace sheet("README")
note: file will be replaced when the first putexcel command is issued.

. putexcel A1 = "Advancing Justice Uganda - Phase 1 baseline all-item tabulatio
> ns"
file C:\Users\jzava\AppData\Local\Temp\stata_worker_default_7505d64a54_74609fe5
> bb_p9v2kmuv//phase1_baseline_all_item_tabulations.xlsx saved

. putexcel A3 = "Purpose"
file C:\Users\jzava\AppData\Local\Temp\stata_worker_default_7505d64a54_74609fe5
> bb_p9v2kmuv//phase1_baseline_all_item_tabulations.xlsx saved

. putexcel B3 = "Complete internal reference workbook: numeric summaries and ca
> tegorical tabulations for SurveyCTO raw items and constructed analysis variab
> les."
file C:\Users\jzava\AppData\Local\Temp\stata_worker_default_7505d64a54_74609fe5
> bb_p9v2kmuv//phase1_baseline_all_item_tabulations.xlsx saved

. putexcel A4 = "Caveat"
file C:\Users\jzava\AppData\Local\Temp\stata_worker_default_7505d64a54_74609fe5
> bb_p9v2kmuv//phase1_baseline_all_item_tabulations.xlsx saved

. putexcel B4 = "String/free-text notes are summarized for missingness only, no
> t fully tabulated. Fully missing/not-fielded numeric variables are flagged in
>  numeric_field_status."
file C:\Users\jzava\AppData\Local\Temp\stata_worker_default_7505d64a54_74609fe5
> bb_p9v2kmuv//phase1_baseline_all_item_tabulations.xlsx saved

. putexcel A5 = "Input"
file C:\Users\jzava\AppData\Local\Temp\stata_worker_default_7505d64a54_74609fe5
> bb_p9v2kmuv//phase1_baseline_all_item_tabulations.xlsx saved

. putexcel B5 = "`analysis_data'"
file C:\Users\jzava\AppData\Local\Temp\stata_worker_default_7505d64a54_74609fe5
> bb_p9v2kmuv//phase1_baseline_all_item_tabulations.xlsx saved

. putexcel clear

. 
. * Build broad numeric variable list: raw SurveyCTO items + key constructed va
> riables.
. local all_raw_num ""

. foreach pattern in ///
>     consent enum attend_cdfu_training rating_cdfu_training topics_trained_* /
> //
>     m0_* m1_* m2_* m3_* m4_* m5_* m6_* m7_* m8_* m9_* m10_* m11_* ///
>     respondent_* completed_secondary_or_above education_* lc_experience_* ///
>     record_literacy_score can_record_* cannot_complete_records prior_* ///
>     lcc_* *_score idx_* high_* flag_* n_* *_share_* *_cases* *_case* {
  2.         capture unab tmp : `pattern'
  3.         if !_rc local all_raw_num `all_raw_num' `tmp'
  4. }

. local all_raw_num : list uniq all_raw_num

. 
. * Keep only numeric variables for numeric summaries/tabulations
. local all_num_existing ""

. foreach v of local all_raw_num {
  2.     capture confirm numeric variable `v'
  3.     if !_rc local all_num_existing `all_num_existing' `v'
  4. }

. local all_num_existing : list uniq all_num_existing

. 
. * Numeric field-status sheet: distinguishes complete, partially observed, and
>  fully missing/not-fielded variables.
. tempfile numeric_field_status

. tempname fs

. postfile `fs' str30 module str80 variable str200 label long n_nonmissing n_mi
> ssing str40 status using `numeric_field_status', replace
(file
    C:\Users\jzava\AppData\Local\Temp\stata_worker_default_7505d64a54_74609fe
    > 5bb_p9v2kmuv\ST_9a18_00004t.tmp not found)

. quietly count

. local Ntotal_all = r(N)

. foreach v of local all_num_existing {
  2.     quietly count if !missing(`v')
  3.     local n_nonmiss = r(N)
  4.     local n_missing = `Ntotal_all' - `n_nonmiss'
  5.     local status "Complete"
  6.     if `n_nonmiss' == 0 local status "Fully missing / not fielded"
  7.     else if `n_nonmiss' < `Ntotal_all' local status "Partially observed"
  8. 
.     aju_module_of_var `v'
  9.     local module "`r(module)'"
 10.     local vlab : variable label `v'
 11.     if `"`vlab'"' == "" local vlab "`v'"
 12.     local vlab = substr(`"`vlab'"', 1, 200)
 13. 
.     post `fs' (`"`module'"') (`"`v'"') (`"`vlab'"') (`n_nonmiss') (`n_missing
> ') (`"`status'"')
 14. }

. postclose `fs'

. 
. preserve

.     use `numeric_field_status', clear

.     sort status module variable

.     export excel using "`excel_items'", sheet("numeric_field_status", replace
> ) firstrow(variables)
file C:\Users\jzava\AppData\Local\Temp\stata_worker_default_7505d64a54_74609fe5
> bb_p9v2kmuv//phase1_baseline_all_item_tabulations.xlsx saved

. restore

. 
. aju_tab_numeric_all `all_num_existing', sheet("numeric_summary_all")
(file
    C:\Users\jzava\AppData\Local\Temp\stata_worker_default_7505d64a54_74609fe
    > 5bb_p9v2kmuv\ST_9a18_00004v.tmp not found)
file C:\Users\jzava\AppData\Local\Temp\stata_worker_default_7505d64a54_74609fe5
> bb_p9v2kmuv//phase1_baseline_all_item_tabulations.xlsx saved

. aju_tab_categorical_all `all_num_existing', sheet("categorical_counts_all") m
> axlevels(30)
(file
    C:\Users\jzava\AppData\Local\Temp\stata_worker_default_7505d64a54_74609fe
    > 5bb_p9v2kmuv\ST_9a18_00004v.tmp not found)
file C:\Users\jzava\AppData\Local\Temp\stata_worker_default_7505d64a54_74609fe5
> bb_p9v2kmuv//phase1_baseline_all_item_tabulations.xlsx saved

. 
. * Select-multiple / dummy-style variables: report share selected.
. local dummy_candidates ""

. foreach v of local all_num_existing {
  2.     quietly summarize `v', meanonly
  3.     if r(N) > 0 & r(min) >= 0 & r(max) <= 1 {
  4.         local dummy_candidates `dummy_candidates' `v'
  5.     }
  6. }

. local dummy_candidates : list uniq dummy_candidates

. 
. aju_mean_table `dummy_candidates', sheet("binary_share_all") ///
>     module("Binary/dummy variables and 0-1 scores") ///
>     xlsx("${AJU_ITEMS_XLSX}")
(file
    C:\Users\jzava\AppData\Local\Temp\stata_worker_default_7505d64a54_74609fe
    > 5bb_p9v2kmuv\ST_9a18_00004v.tmp not found)
(0 observations deleted)
file C:\Users\jzava\AppData\Local\Temp\stata_worker_default_7505d64a54_74609fe5
> bb_p9v2kmuv//phase1_baseline_all_item_tabulations.xlsx saved

. 
. * String/free-text missingness and uniqueness summary
. tempfile string_summary

. tempname ss

. 
. postfile `ss' str30 module str80 variable str200 label ///
>     long n_nonmissing n_missing n_unique using `string_summary', replace
(file
    C:\Users\jzava\AppData\Local\Temp\stata_worker_default_7505d64a54_74609fe
    > 5bb_p9v2kmuv\ST_9a18_00004v.tmp not found)

. 
. ds, has(type string)
submission~y  reconcilia~s  m5_q11        m11_q12       subcounty_~y
instance_id   reconcilia~e  m5_q13        m11_q20       parish_sct~y
baseline_w~l  final_excl~n  m5_q17        instanceid    village_sc~y
baseline_s~e  m1_q10        m6_q04        key           origin_dis~y
district_s~o  m1_q14        m6_q12        m0_q05_aug~w  origin_vil~y
subcounty_~o  m2_q15        m6_q18        m0_q06_aug~w  geography_~e
parish_scto   m2_q18        m7_q03        m0_q07_aug~w  fvl_district
village_scto  m3_q04        m7_q06        submissio~xt  fvl_subcou~y
survey_v~uid  m3_q18        m7_q14        starttime~xt  fvl_parish
canonical_~t  m4_q01        m7_q15        endtime_ra~t  fvl_village
canonical~ty  m4_q02        m7_q16        topics_tra~d  selected10~d
canonical_~h  m4_q05        m8_q15        m1_q14_spe~y  canoni~t_key
canonical_~e  m4_q06        m8_q16        m2_q15_spe~y  canoni~y_key
canonica~uid  m4_q08        m9_q16        m3_q15        canoni~h_key
superseded~y  m4_v05_q3     m9_q20        m4_v01_q3     canoni~e_key
supersessi~n  m4_v06_q3     m10_q15       m4_v02_q3     documented~y
training_t~s  m4_q12        m11_q10       district_s~y  august_suc~y

. local string_vars `r(varlist)'

. 
. foreach v of local string_vars {
  2. 
.     quietly count
  3.     local Ntotal = r(N)
  4. 
.     quietly count if !missing(`v') & itrim(strtrim(`v')) != ""
  5.     local n_nonmiss = r(N)
  6.     local n_missing = `Ntotal' - `n_nonmiss'
  7. 
.     if `n_nonmiss' == 0 {
  8.         local n_unique = 0
  9.     }
 10.     else {
 11.         preserve
 12.             keep `v'
 13.             keep if !missing(`v') & itrim(strtrim(`v')) != ""
 14.             quietly duplicates drop
 15.             quietly count
 16.             local n_unique = r(N)
 17.         restore
 18.     }
 19. 
.     local module "String/free text"
 20.     if regexm("`v'","^m0_")  local module "M0 Geography/metadata"
 21.     if regexm("`v'","^m1_")  local module "M1 Respondent profile"
 22.     if regexm("`v'","^m2_")  local module "M2 Institutional setup"
 23.     if regexm("`v'","^m3_")  local module "M3 Caseload"
 24.     if regexm("`v'","^m4_")  local module "M4 Legal knowledge"
 25.     if regexm("`v'","^m5_")  local module "M5 ADR/mediation"
 26.     if regexm("`v'","^m6_")  local module "M6 Referrals"
 27.     if regexm("`v'","^m7_")  local module "M7 Records"
 28.     if regexm("`v'","^m8_")  local module "M8 Committee"
 29.     if regexm("`v'","^m9_")  local module "M9 Legitimacy"
 30.     if regexm("`v'","^m10_") local module "M10 Safeguards"
 31.     if regexm("`v'","^m11_") local module "M11 Reintegration"
 32. 
.     local vlab : variable label `v'
 33.     if `"`vlab'"' == "" local vlab "`v'"
 34.     local vlab = substr(`"`vlab'"', 1, 200)
 35. 
.     post `ss' (`"`module'"') (`"`v'"') (`"`vlab'"') ///
>         (`n_nonmiss') (`n_missing') (`n_unique')
 36. }
(0 observations deleted)
(0 observations deleted)
(0 observations deleted)
(0 observations deleted)
(0 observations deleted)
(0 observations deleted)
(0 observations deleted)
(0 observations deleted)
(0 observations deleted)
(0 observations deleted)
(0 observations deleted)
(0 observations deleted)
(0 observations deleted)
(0 observations deleted)
(0 observations deleted)
(0 observations deleted)
(0 observations deleted)
(0 observations deleted)
(0 observations deleted)
(39 observations deleted)
(27 observations deleted)
(28 observations deleted)
(10 observations deleted)
(0 observations deleted)
(0 observations deleted)
(0 observations deleted)
(0 observations deleted)
(0 observations deleted)
(0 observations deleted)
(0 observations deleted)
(13 observations deleted)
(0 observations deleted)
(0 observations deleted)
(15 observations deleted)
(0 observations deleted)
(0 observations deleted)
(8 observations deleted)
(0 observations deleted)
(14 observations deleted)
(14 observations deleted)
(0 observations deleted)
(15 observations deleted)
(0 observations deleted)
(15 observations deleted)
(0 observations deleted)
(14 observations deleted)
(12 observations deleted)
(0 observations deleted)
(0 observations deleted)
(7 observations deleted)
(0 observations deleted)
(0 observations deleted)
(68 observations deleted)
(68 observations deleted)
(68 observations deleted)
(68 observations deleted)
(68 observations deleted)
(68 observations deleted)
(77 observations deleted)
(92 observations deleted)
(92 observations deleted)
(85 observations deleted)
(0 observations deleted)
(0 observations deleted)
(0 observations deleted)
(0 observations deleted)
(0 observations deleted)
(0 observations deleted)
(0 observations deleted)
(0 observations deleted)
(90 observations deleted)
(0 observations deleted)
(0 observations deleted)
(0 observations deleted)
(0 observations deleted)
(0 observations deleted)
(0 observations deleted)
(0 observations deleted)
(0 observations deleted)
(0 observations deleted)
(85 observations deleted)
(68 observations deleted)

. 
. postclose `ss'

. 
. preserve

.     use `string_summary', clear

.     export excel using "`excel_items'", ///
>         sheet("string_missingness", replace) firstrow(variables)
file C:\Users\jzava\AppData\Local\Temp\stata_worker_default_7505d64a54_74609fe5
> bb_p9v2kmuv//phase1_baseline_all_item_tabulations.xlsx saved

. restore

. 
. 
. *----------------------------------------------------------------------------
> --*
. **# 18. Baseline comparison: selected-list vs previously contacted villages
. *----------------------------------------------------------------------------
> --*
. * Purpose:
. *   Compare key high-level baseline indicators between:
. *       0 = Interviewed LCs on the 100-unit Final Village List selected frame
. *       1 = Previously contacted villages
. *
. * Grouping variable:
. *   p1_admin_previously_contacted, excluding other amended LCs
. *
. * Source of grouping:
. *   Administrative village list: Last_CDFU_phase == 1 OR Inherited_FHRI == 1.
. *   This is NOT based on self-reported prior training exposure.
. *
. * Interpretation:
. *   Descriptive baseline comparison only.
. *   These differences do not identify causal effects of previous exposure.
. *----------------------------------------------------------------------------
> --*
. 
. save `primary_cohort'
file
    C:\Users\jzava\AppData\Local\Temp\stata_worker_default_7505d64a54_74609fe
    > 5bb_p9v2kmuv\ST_9a18_000042.tmp saved as .dta format

. use `full_cohort', clear
(Final de-identified Phase 1 baseline analytical cohort)

. keep if selected_fvl100_observed == 1 | p1_admin_previously_contacted == 1
(15 observations deleted)

. assert _N == `primary_n' + `legacy_n'

. assert selected_fvl100_observed == 1 if p1_admin_previously_contacted == 0

. isid canonical_village_uid

. 
. capture confirm variable p1_admin_previously_contacted

. if _rc {
.     display as error "p1_admin_previously_contacted not found."
.     display as error "Re-run the Data Preparation do-file after adding the ad
> ministrative origin dummy block."
.     exit 111
. }

. 
. capture label drop p1_admin_prev_lbl

. label define p1_admin_prev_lbl ///
>     0 "Selected-list (observed)" ///
>     1 "Previously contacted"

. label values p1_admin_previously_contacted p1_admin_prev_lbl

. 
. label var p1_admin_previously_contacted ///
>     "Administrative group: previously contacted village"

. 
. capture label define yesno 0 "No" 1 "Yes", replace

. 
. * Basic validation
. display as text "------------------------------------------------------------
> "
------------------------------------------------------------

. display as text "Phase 1 origin comparison: validation"
Phase 1 origin comparison: validation

. display as text "------------------------------------------------------------
> "
------------------------------------------------------------

. 
. tab p1_admin_previously_contacted, missing

   Administrative group: |
    previously contacted |
                 village |      Freq.     Percent        Cum.
-------------------------+-----------------------------------
Selected-list (observed) |         93       80.87       80.87
    Previously contacted |         22       19.13      100.00
-------------------------+-----------------------------------
                   Total |        115      100.00

. tab canonical_district p1_admin_previously_contacted, row missing

+----------------+
| Key            |
|----------------|
|   frequency    |
| row percentage |
+----------------+

                      | Administrative group:
                      | previously contacted
                      |        village
   canonical_district | Selected-  Previousl |     Total
----------------------+----------------------+----------
             Bushenyi |        41          7 |        48 
                      |     85.42      14.58 |    100.00 
----------------------+----------------------+----------
             Rubirizi |        28          6 |        34 
                      |     82.35      17.65 |    100.00 
----------------------+----------------------+----------
               Sheema |        24          9 |        33 
                      |     72.73      27.27 |    100.00 
----------------------+----------------------+----------
                Total |        93         22 |       115 
                      |     80.87      19.13 |    100.00 

. 
. count if p1_admin_previously_contacted == 1
  22

. display as result "Previously contacted records: " r(N)
Previously contacted records: 22

. assert r(N) == `legacy_n'

. 
. count if p1_admin_previously_contacted == 0
  93

. display as result "Observed selected-list records: " r(N)
Observed selected-list records: 93

. assert r(N) == `primary_n'

. 
. count if missing(p1_admin_previously_contacted)
  0

. display as result "Missing origin group records: " r(N)
Missing origin group records: 0

. if r(N) > 0 {
.     display as error "WARNING: Some records are missing p1_admin_previously_c
> ontacted."
. }

. 
. *-------------------------------*
. **# 18.1 README and sample sheets
. *-------------------------------*
. 
. putexcel set "`excel_origin'", replace sheet("README")
note: file will be replaced when the first putexcel command is issued.

. putexcel A1 = "Advancing Justice Uganda - Phase 1 baseline origin comparison"
file C:\Users\jzava\AppData\Local\Temp\stata_worker_default_7505d64a54_74609fe5
> bb_p9v2kmuv//phase1_baseline_origin_comparison.xlsx saved

. putexcel A3 = "Purpose"
file C:\Users\jzava\AppData\Local\Temp\stata_worker_default_7505d64a54_74609fe5
> bb_p9v2kmuv//phase1_baseline_origin_comparison.xlsx saved

. putexcel B3 = "Descriptive comparison of observed selected-list LCs and previ
> ously contacted LCs; other amended LCs excluded."
file C:\Users\jzava\AppData\Local\Temp\stata_worker_default_7505d64a54_74609fe5
> bb_p9v2kmuv//phase1_baseline_origin_comparison.xlsx saved

. putexcel A4 = "Grouping variable"
file C:\Users\jzava\AppData\Local\Temp\stata_worker_default_7505d64a54_74609fe5
> bb_p9v2kmuv//phase1_baseline_origin_comparison.xlsx saved

. putexcel B4 = "p1_admin_previously_contacted"
file C:\Users\jzava\AppData\Local\Temp\stata_worker_default_7505d64a54_74609fe5
> bb_p9v2kmuv//phase1_baseline_origin_comparison.xlsx saved

. putexcel A5 = "Definition"
file C:\Users\jzava\AppData\Local\Temp\stata_worker_default_7505d64a54_74609fe5
> bb_p9v2kmuv//phase1_baseline_origin_comparison.xlsx saved

. putexcel B5 = "1 if admin list marks village as Last_CDFU_phase == 1 or Inher
> ited_FHRI == 1; 0 otherwise."
file C:\Users\jzava\AppData\Local\Temp\stata_worker_default_7505d64a54_74609fe5
> bb_p9v2kmuv//phase1_baseline_origin_comparison.xlsx saved

. putexcel A6 = "Interpretation"
file C:\Users\jzava\AppData\Local\Temp\stata_worker_default_7505d64a54_74609fe5
> bb_p9v2kmuv//phase1_baseline_origin_comparison.xlsx saved

. putexcel B6 = "Descriptive baseline association, not a causal effect of previ
> ous contact."
file C:\Users\jzava\AppData\Local\Temp\stata_worker_default_7505d64a54_74609fe5
> bb_p9v2kmuv//phase1_baseline_origin_comparison.xlsx saved

. putexcel A7 = "Recommended use"
file C:\Users\jzava\AppData\Local\Temp\stata_worker_default_7505d64a54_74609fe5
> bb_p9v2kmuv//phase1_baseline_origin_comparison.xlsx saved

. putexcel B7 = "Use as implementation diagnostics in the Phase 1 Final Baselin
> e Report."
file C:\Users\jzava\AppData\Local\Temp\stata_worker_default_7505d64a54_74609fe5
> bb_p9v2kmuv//phase1_baseline_origin_comparison.xlsx saved

. putexcel clear

. 
. * Sample by group
. preserve

.     contract p1_admin_previously_contacted, freq(n)

.     egen total = total(n)

.     gen share = n / total

.     format share %9.3f

.     decode p1_admin_previously_contacted, gen(origin_group)

.     order p1_admin_previously_contacted origin_group n share

.     export excel using "`excel_origin'", sheet("sample_by_origin", replace) f
> irstrow(variables)
file C:\Users\jzava\AppData\Local\Temp\stata_worker_default_7505d64a54_74609fe5
> bb_p9v2kmuv//phase1_baseline_origin_comparison.xlsx saved

. restore

. 
. * Sample by district and group
. preserve

.     contract canonical_district p1_admin_previously_contacted, freq(n)

.     bysort canonical_district: egen district_total = total(n)

.     gen district_share = n / district_total

.     format district_share %9.3f

.     decode p1_admin_previously_contacted, gen(origin_group)

.     order canonical_district p1_admin_previously_contacted origin_group n dis
> trict_total district_share

.     export excel using "`excel_origin'", sheet("sample_by_district_origin", r
> eplace) firstrow(variables)
file C:\Users\jzava\AppData\Local\Temp\stata_worker_default_7505d64a54_74609fe5
> bb_p9v2kmuv//phase1_baseline_origin_comparison.xlsx saved

. restore

. 
. 
. *----------------------------------------------------------------------------
> --*
. **# 18.2 High-level variable list for final baseline comparisons
. *----------------------------------------------------------------------------
> --*
. * Short local macro names are used because Stata has strict name-length limit
> s.
. 
. local corevars ///
>     idx_lcc_operational_capacity ///
>     idx_lcc_case_handling_quality ///
>     idx_lcc_legitimacy_and_norms ///
>     idx_p1_base_mentor_ready_proxy

. 
. local domainvars ///
>     idx_respondent_capacity ///
>     idx_institutional_functioning ///
>     idx_legal_classif_knowledge ///
>     idx_adr_mediation_practice ///
>     idx_referral_practice ///
>     idx_record_quality ///
>     idx_committee_functioning ///
>     idx_perceived_legitimacy ///
>     idx_safeguards ///
>     idx_reintegration_norms

. 
. local jlosvars ///
>     prior_formal_coordination ///
>     police_coordination_score ///
>     court_coordination_score ///
>     referral_frequency_score ///
>     referral_documentation_score ///
>     referral_feedback_score ///
>     verified_referral_record_score ///
>     verified_ref_dest_score ///
>     referral_path_conf_score ///
>     referral_explain_conf_score ///
>     m6_q04_1 ///
>     m6_q04_2 ///
>     m6_q04_3 ///
>     m6_q04_4 ///
>     m6_q12_1 ///
>     m6_q12_2 ///
>     idx_referral_practice

. 
. local recsafevars ///
>     idx_record_quality ///
>     case_register_score ///
>     record_fields_score ///
>     verified_record_usability_score ///
>     n_record_challenges ///
>     m7_q15_1 ///
>     m7_q15_2 ///
>     m7_q15_3 ///
>     idx_safeguards ///
>     vulnerable_need_sh ///
>     idx_safeguard_classif_know ///
>     v05_child_q1_correct ///
>     v05_child_q2_correct ///
>     v05_child_q3_correct ///
>     v06_sgbv_q1_correct ///
>     v06_sgbv_q2_correct ///
>     v06_sgbv_q3_correct

. 
. local legreintvars ///
>     idx_perceived_legitimacy ///
>     perceived_lcc_fairness_score ///
>     perc_willing_use_lcc_score ///
>     low_bypass_score ///
>     conf_trust_when_referring ///
>     conf_fair_respect_score ///
>     bypass_due_distrust ///
>     bypass_due_bias ///
>     bypass_due_enforcement ///
>     idx_reintegration_norms ///
>     reintegration_importance_score ///
>     fair_chance_reintegration_score ///
>     low_reoffending_stigma_score ///
>     comm_accepts_ex_prisoner ///
>     recent_reintegration_issue ///
>     reint_tension_conf_score ///
>     reint_referral_conf_score

. 
. local mentorvars ///
>     high_operational_capacity ///
>     high_case_handling_quality ///
>     high_legitimacy_norms ///
>     high_mentor_readiness_proxy

. 
. local contextvars ///
>     lc_experience_years ///
>     completed_secondary_or_above ///
>     can_record_english ///
>     can_record_runyankore ///
>     prior_justice_training ///
>     prior_cdfu_fhri_training ///
>     lcc_sittings_12m ///
>     lcc_has_vacancy ///
>     lcc_women_share ///
>     caseload_3m ///
>     pending_cases ///
>     any_child_or_sgbv_case_3m ///
>     any_serious_or_sensitive_case_3m

. 
. local candvars ///
>     `corevars' ///
>     `domainvars' ///
>     `jlosvars' ///
>     `recsafevars' ///
>     `legreintvars' ///
>     `mentorvars' ///
>     `contextvars'

. local candvars : list uniq candvars

. 
. 
. *----------------------------------------------------------------------------
> --*
. **# 18.3 Candidate difference table
. *----------------------------------------------------------------------------
> --*
. * Produces a broad comparison table with:
. *   - N and mean in interviewed selected-list LCs
. *   - N and mean in previously contacted villages
. *   - Difference: previously contacted minus selected-list LCs
. *   - Two-sided p-value from a simple t-test
. *
. * P-values are descriptive diagnostics only. No causal interpretation.
. *----------------------------------------------------------------------------
> --*
. 
. tempfile origin_diffs

. tempname memhold

. 
. postfile `memhold' ///
>     str40 domain ///
>     str80 variable ///
>     str180 label ///
>     long n_selected ///
>     double mean_selected ///
>     long n_prev ///
>     double mean_prev ///
>     double diff_prev_minus_selected ///
>     double p_value ///
>     double abs_diff ///
>     using `origin_diffs', replace
(file
    C:\Users\jzava\AppData\Local\Temp\stata_worker_default_7505d64a54_74609fe
    > 5bb_p9v2kmuv\ST_9a18_00007f.tmp not found)

. 
. foreach v of local candvars {
  2. 
.     capture confirm numeric variable `v'
  3.     if !_rc {
  4. 
. local domain "Other/context"
  5. if strpos(" `corevars' ", " `v' ") > 0 local domain "Core composites"
  6. if strpos(" `domainvars' ", " `v' ") > 0 local domain "Domain indices"
  7. if strpos(" `jlosvars' ", " `v' ") > 0 local domain "JLOS/referral collabo
> ration"
  8. if strpos(" `recsafevars' ", " `v' ") > 0 local domain "Records and safegu
> ards"
  9. if strpos(" `legreintvars' ", " `v' ") > 0 local domain "Legitimacy and re
> integration"
 10. if strpos(" `mentorvars' ", " `v' ") > 0 local domain "Mentor-readiness fl
> ags"
 11. 
.         quietly count if p1_admin_previously_contacted == 0 & !missing(`v')
 12.         local n0 = r(N)
 13.         quietly summarize `v' if p1_admin_previously_contacted == 0, meano
> nly
 14.         local m0 = r(mean)
 15. 
.         quietly count if p1_admin_previously_contacted == 1 & !missing(`v')
 16.         local n1 = r(N)
 17.         quietly summarize `v' if p1_admin_previously_contacted == 1, meano
> nly
 18.         local m1 = r(mean)
 19. 
.         local diff = .
 20.         if `n0' > 0 & `n1' > 0 local diff = `m1' - `m0'
 21. 
.         local pval = .
 22.         if `n0' > 1 & `n1' > 1 {
 23.             capture quietly ttest `v', by(p1_admin_previously_contacted)
 24.             if !_rc local pval = r(p)
 25.         }
 26. 
.         local adiff = abs(`diff')
 27. 
.         local vlab : variable label `v'
 28.         if `"`vlab'"' == "" local vlab "`v'"
 29.         local vlab = substr(`"`vlab'"', 1, 180)
 30. 
.         post `memhold' ///
>             (`"`domain'"') ///
>             (`"`v'"') ///
>             (`"`vlab'"') ///
>             (`n0') ///
>             (`m0') ///
>             (`n1') ///
>             (`m1') ///
>             (`diff') ///
>             (`pval') ///
>             (`adiff')
 31.     }
 32. }

. 
. postclose `memhold'

. 
. preserve

.     use `origin_diffs', clear

. 
.     * Remove variables with no usable comparison
.     drop if missing(mean_selected) & missing(mean_prev)
(0 observations deleted)

. 
.     format mean_selected mean_prev diff_prev_minus_selected p_value abs_diff 
> %9.3f

. 
.     * Full diagnostic table
.     gsort domain -abs_diff

.     export excel using "`excel_origin'", sheet("final_diff_table", replace) f
> irstrow(variables)
file C:\Users\jzava\AppData\Local\Temp\stata_worker_default_7505d64a54_74609fe5
> bb_p9v2kmuv//phase1_baseline_origin_comparison.xlsx saved

. 
.     * Ranked table across all domains
.     gsort -abs_diff

.     export excel using "`excel_origin'", sheet("ranked_abs_differences", repl
> ace) firstrow(variables)
file C:\Users\jzava\AppData\Local\Temp\stata_worker_default_7505d64a54_74609fe5
> bb_p9v2kmuv//phase1_baseline_origin_comparison.xlsx saved

. 
.     * Parsimonious high-level comparison table for the Final Baseline Report
.     keep if inlist(domain, "Core composites", "Domain indices", "JLOS/referra
> l collaboration", ///
>         "Records and safeguards", "Legitimacy and reintegration", "Mentor-rea
> diness flags")
(13 observations deleted)

.     gsort -abs_diff

.     export excel using "`excel_origin'", sheet("report_core_comparisons", rep
> lace) firstrow(variables)
file C:\Users\jzava\AppData\Local\Temp\stata_worker_default_7505d64a54_74609fe5
> bb_p9v2kmuv//phase1_baseline_origin_comparison.xlsx saved

. restore

. 
. 
. *----------------------------------------------------------------------------
> --*
. **# 18.4 Slide-ready Figure 1: Core composites by origin
. *----------------------------------------------------------------------------
> --*
. * Suggested slide:
. *   "Previously contacted villages start from a different baseline profile"
. *----------------------------------------------------------------------------
> --*
. 
. graph bar (mean) ///
>     idx_lcc_operational_capacity ///
>     idx_lcc_case_handling_quality ///
>     idx_lcc_legitimacy_and_norms ///
>     idx_p1_base_mentor_ready_proxy, ///
>     over(p1_admin_previously_contacted, label(labsize(small))) ///
>     blabel(bar, format(%4.2f) size(vsmall)) ///
>     ylabel(0(.2)1, labsize(small)) ///
>     ytitle("Mean score, 0-1 scale") ///
>         scheme(plotplain) ///
>     title("Core baseline composites by Phase 1 origin", size(medsmall)) ///
>     legend(order(1 "Operational capacity" ///
>                  2 "Case-handling quality" ///
>                  3 "Legitimacy & reintegration" ///
>                  4 "Mentor-readiness proxy") ///
>            rows(2) position(6) ring(1) size(vsmall)) ///
>     note("Descriptive baseline comparison only; not a causal effect of previo
> us exposure.", size(vsmall))

. 
. graph export "`fig_dir'/fig_32_origin_core_composites.png", width(2600) repla
> ce
file C:\Users\jzava\AppData\Local\Temp\stata_worker_default_7505d64a54_74609fe5
> bb_p9v2kmuv//phase1_baseline_figures/fig_32_origin_core_composites.png writte
> n in PNG format

. graph export "`fig_dir'/fig_32_origin_core_composites.pdf", replace
file
    C:\Users\jzava\AppData\Local\Temp\stata_worker_default_7505d64a54_74609fe
    > 5bb_p9v2kmuv//phase1_baseline_figures/fig_32_origin_core_composites.pdf
    saved as PDF format

. 
. preserve

.     keep p1_admin_previously_contacted ///
>         idx_lcc_operational_capacity ///
>         idx_lcc_case_handling_quality ///
>         idx_lcc_legitimacy_and_norms ///
>         idx_p1_base_mentor_ready_proxy

. 
.     collapse (count) n=idx_p1_base_mentor_ready_proxy ///
>         (mean) idx_lcc_operational_capacity ///
>                idx_lcc_case_handling_quality ///
>                idx_lcc_legitimacy_and_norms ///
>                idx_p1_base_mentor_ready_proxy, ///
>         by(p1_admin_previously_contacted)

. 
.     decode p1_admin_previously_contacted, gen(origin_group)

.     order p1_admin_previously_contacted origin_group n

.     export excel using "`excel_origin'", sheet("fig32_core_composites", repla
> ce) firstrow(variables)
file C:\Users\jzava\AppData\Local\Temp\stata_worker_default_7505d64a54_74609fe5
> bb_p9v2kmuv//phase1_baseline_origin_comparison.xlsx saved

. restore

. 
. 
. *----------------------------------------------------------------------------
> --*
. **# 18.5 Slide-ready Figure 2: JLOS collaboration and referral pathway
. *----------------------------------------------------------------------------
> --*
. * JLOS = Justice, Law and Order Sector.
. *
. * Suggested slide:
. *   "Pre-exposure differences are clearest in justice-sector collaboration"
. *----------------------------------------------------------------------------
> --*
. 
. graph bar (mean) ///
>     prior_formal_coordination ///
>     police_coordination_score ///
>     court_coordination_score ///
>     referral_path_conf_score ///
>     referral_explain_conf_score ///
>     referral_feedback_score ///
>     verified_referral_record_score, ///
>     over(p1_admin_previously_contacted, label(labsize(small))) ///
>     blabel(bar, format(%4.2f) size(vsmall)) ///
>     ylabel(0(.2)1, labsize(small)) ///
>     ytitle("Share / mean score") ///
>         scheme(plotplain) ///
>     title("Referral benchmarks by administrative origin", size(medsmall)) ///
>     legend(order(1 "Prior formal coordination" ///
>                  2 "Perceived ease: police" ///
>                  3 "Perceived ease: courts" ///
>                  4 "Confidence: where to refer" ///
>                  5 "Confidence: explain referral" ///
>                  6 "Feedback after referral" ///
>                  7 "Verified referral records") ///
>            cols(2) position(6) ring(1) size(vsmall)) ///
>     note("Selected-list N=`primary_n'; previous-contact N=`legacy_n'; item N 
> varies." ///
>          "Descriptive association, not a causal effect. Verification is condi
> tional on observable records.", size(vsmall) span)

. 
. graph export "`fig_dir'/fig_33_origin_jlos_collaboration.png", width(2800) re
> place
file C:\Users\jzava\AppData\Local\Temp\stata_worker_default_7505d64a54_74609fe5
> bb_p9v2kmuv//phase1_baseline_figures/fig_33_origin_jlos_collaboration.png wri
> tten in PNG format

. graph export "`fig_dir'/fig_33_origin_jlos_collaboration.pdf", replace
file
    C:\Users\jzava\AppData\Local\Temp\stata_worker_default_7505d64a54_74609fe
    > 5bb_p9v2kmuv//phase1_baseline_figures/fig_33_origin_jlos_collaboration.
    > pdf saved as PDF format

. 
. preserve

.     keep p1_admin_previously_contacted ///
>         prior_formal_coordination ///
>         police_coordination_score ///
>         court_coordination_score ///
>         referral_path_conf_score ///
>         referral_explain_conf_score ///
>         referral_feedback_score ///
>         verified_referral_record_score

. 
.     collapse (count) n=prior_formal_coordination ///
>         (mean) prior_formal_coordination ///
>                police_coordination_score ///
>                court_coordination_score ///
>                referral_path_conf_score ///
>                referral_explain_conf_score ///
>                referral_feedback_score ///
>                verified_referral_record_score, ///
>         by(p1_admin_previously_contacted)

. 
.     decode p1_admin_previously_contacted, gen(origin_group)

.     order p1_admin_previously_contacted origin_group n

.     export excel using "`excel_origin'", sheet("fig33_jlos_collaboration", re
> place) firstrow(variables)
file C:\Users\jzava\AppData\Local\Temp\stata_worker_default_7505d64a54_74609fe5
> bb_p9v2kmuv//phase1_baseline_origin_comparison.xlsx saved

. restore

. 
. 
. *----------------------------------------------------------------------------
> --*
. **# 18.6 Slide-ready Figure 3: Priority implementation gaps by origin
. *----------------------------------------------------------------------------
> --*
. * For 0-1 positive indices, the implementation gap is defined as:
. *   gap = 1 - mean(index)
. *
. * Suggested slide:
. *   "Both groups still need practical support, but gaps differ by origin"
. *----------------------------------------------------------------------------
> --*
. 
. capture drop gap_perceived_legitimacy

. capture drop gap_record_quality

. capture drop gap_reintegration_norms

. capture drop gap_referral_practice

. capture drop gap_safeguards

. capture drop gap_case_handling

. 
. gen double gap_perceived_legitimacy = 1 - idx_perceived_legitimacy ///
>     if !missing(idx_perceived_legitimacy)

. gen double gap_record_quality = 1 - idx_record_quality ///
>     if !missing(idx_record_quality)

. gen double gap_reintegration_norms = 1 - idx_reintegration_norms ///
>     if !missing(idx_reintegration_norms)

. gen double gap_referral_practice = 1 - idx_referral_practice ///
>     if !missing(idx_referral_practice)

. gen double gap_safeguards = 1 - idx_safeguards ///
>     if !missing(idx_safeguards)

. gen double gap_case_handling = 1 - idx_lcc_case_handling_quality ///
>     if !missing(idx_lcc_case_handling_quality)

. 
. label var gap_perceived_legitimacy "Legitimacy gap"

. label var gap_record_quality "Record-quality gap"

. label var gap_reintegration_norms "Reintegration-norms gap"

. label var gap_referral_practice "Referral-practice gap"

. label var gap_safeguards "Safeguards gap"

. label var gap_case_handling "Case-handling quality gap"

. 
. graph bar (mean) ///
>     gap_perceived_legitimacy ///
>     gap_record_quality ///
>     gap_reintegration_norms ///
>     gap_referral_practice ///
>     gap_safeguards ///
>     gap_case_handling, ///
>     over(p1_admin_previously_contacted, label(labsize(small))) ///
>     blabel(bar, format(%4.2f) size(vsmall)) ///
>     ylabel(0(.2)1, labsize(small)) ///
>     ytitle("Gap to full score, 1 - index mean") ///
>         scheme(plotplain) ///
>     title("Priority implementation gaps by Phase 1 origin", size(medsmall)) /
> //
>     legend(order(1 "Legitimacy" ///
>                  2 "Records" ///
>                  3 "Reintegration" ///
>                  4 "Referrals" ///
>                  5 "Safeguards" ///
>                  6 "Case handling") ///
>            rows(2) position(6) ring(1) size(vsmall)) ///
>     note("Higher values indicate larger baseline gaps. Descriptive comparison
>  only.", size(vsmall))

. 
. graph export "`fig_dir'/fig_34_origin_priority_gaps.png", width(2800) replace
file C:\Users\jzava\AppData\Local\Temp\stata_worker_default_7505d64a54_74609fe5
> bb_p9v2kmuv//phase1_baseline_figures/fig_34_origin_priority_gaps.png written 
> in PNG format

. graph export "`fig_dir'/fig_34_origin_priority_gaps.pdf", replace
file
    C:\Users\jzava\AppData\Local\Temp\stata_worker_default_7505d64a54_74609fe
    > 5bb_p9v2kmuv//phase1_baseline_figures/fig_34_origin_priority_gaps.pdf
    saved as PDF format

. 
. preserve

.     keep p1_admin_previously_contacted ///
>         gap_perceived_legitimacy ///
>         gap_record_quality ///
>         gap_reintegration_norms ///
>         gap_referral_practice ///
>         gap_safeguards ///
>         gap_case_handling

. 
.     collapse (count) n=gap_case_handling ///
>         (mean) gap_perceived_legitimacy ///
>                gap_record_quality ///
>                gap_reintegration_norms ///
>                gap_referral_practice ///
>                gap_safeguards ///
>                gap_case_handling, ///
>         by(p1_admin_previously_contacted)

. 
.     decode p1_admin_previously_contacted, gen(origin_group)

.     order p1_admin_previously_contacted origin_group n

.     export excel using "`excel_origin'", sheet("fig34_priority_gaps", replace
> ) firstrow(variables)
file C:\Users\jzava\AppData\Local\Temp\stata_worker_default_7505d64a54_74609fe5
> bb_p9v2kmuv//phase1_baseline_origin_comparison.xlsx saved

. restore

. 
. 
. *----------------------------------------------------------------------------
> --*
. **# 18.7 Slide-ready Figure 4: High-capacity / mentor-readiness flags by orig
> in
. *----------------------------------------------------------------------------
> --*
. * Suggested slide:
. *   "Prior contact does not automatically imply mentor readiness"
. *----------------------------------------------------------------------------
> --*
. 
. graph bar (mean) ///
>     high_operational_capacity ///
>     high_case_handling_quality ///
>     high_legitimacy_norms ///
>     high_mentor_readiness_proxy, ///
>     over(p1_admin_previously_contacted, label(labsize(small))) ///
>     blabel(bar, format(%4.2f) size(vsmall)) ///
>     ylabel(0(.2)1, labsize(small)) ///
>     ytitle("Share of chairpersons") ///
>         scheme(plotplain) ///
>     title("High-capacity and mentor-readiness flags by Phase 1 origin", size(
> medsmall)) ///
>     legend(order(1 "High operational capacity" ///
>                  2 "High case-handling quality" ///
>                  3 "High legitimacy/norms" ///
>                  4 "High mentor-readiness proxy") ///
>            rows(2) position(6) ring(1) size(vsmall)) ///
>     note("High = score >= 0.75. Mentor-readiness proxy is diagnostic, not fin
> al eligibility.", size(vsmall))

. 
. graph export "`fig_dir'/fig_35_origin_high_readiness_flags.png", width(2600) 
> replace
file C:\Users\jzava\AppData\Local\Temp\stata_worker_default_7505d64a54_74609fe5
> bb_p9v2kmuv//phase1_baseline_figures/fig_35_origin_high_readiness_flags.png w
> ritten in PNG format

. graph export "`fig_dir'/fig_35_origin_high_readiness_flags.pdf", replace
file
    C:\Users\jzava\AppData\Local\Temp\stata_worker_default_7505d64a54_74609fe
    > 5bb_p9v2kmuv//phase1_baseline_figures/fig_35_origin_high_readiness_flag
    > s.pdf saved as PDF format

. 
. preserve

.     keep p1_admin_previously_contacted ///
>         high_operational_capacity ///
>         high_case_handling_quality ///
>         high_legitimacy_norms ///
>         high_mentor_readiness_proxy

. 
.     collapse (count) n=high_mentor_readiness_proxy ///
>         (mean) high_operational_capacity ///
>                high_case_handling_quality ///
>                high_legitimacy_norms ///
>                high_mentor_readiness_proxy, ///
>         by(p1_admin_previously_contacted)

. 
.     decode p1_admin_previously_contacted, gen(origin_group)

.     order p1_admin_previously_contacted origin_group n

.     export excel using "`excel_origin'", sheet("fig35_high_readiness_flags", 
> replace) firstrow(variables)
file C:\Users\jzava\AppData\Local\Temp\stata_worker_default_7505d64a54_74609fe5
> bb_p9v2kmuv//phase1_baseline_origin_comparison.xlsx saved

. restore

. 
. 
. *----------------------------------------------------------------------------
> --*
. **# 18.8 Optional additional diagnostic: district-adjusted descriptive regres
> sions
. *----------------------------------------------------------------------------
> --*
. * These are not causal models. They simply check whether origin differences r
> emain
. * after absorbing district-level average differences.
. *----------------------------------------------------------------------------
> --*
. 
. tempfile origin_regressions

. tempname regpost

. 
. postfile `regpost' ///
>     str80 outcome ///
>     str160 label ///
>     long n ///
>     double coef_prev_contacted ///
>     double se ///
>     double p_value ///
>     double mean_selected ///
>     double mean_prev ///
>     double df_residual ///
>     using `origin_regressions', replace
(file
    C:\Users\jzava\AppData\Local\Temp\stata_worker_default_7505d64a54_74609fe
    > 5bb_p9v2kmuv\ST_9a18_00007l.tmp not found)

. 
. local regression_outcomes ///
>     idx_lcc_operational_capacity ///
>     idx_lcc_case_handling_quality ///
>     idx_lcc_legitimacy_and_norms ///
>     idx_p1_base_mentor_ready_proxy ///
>     idx_record_quality ///
>     idx_referral_practice ///
>     idx_safeguards

. 
. foreach y of local regression_outcomes {
  2.     capture confirm numeric variable `y'
  3.     if !_rc {
  4.         quietly count if !missing(`y', p1_admin_previously_contacted, cano
> nical_district)
  5.         local n = r(N)
  6. 
.         quietly summarize `y' if p1_admin_previously_contacted == 0, meanonly
  7.         local mean0 = r(mean)
  8. 
.         quietly summarize `y' if p1_admin_previously_contacted == 1, meanonly
  9.         local mean1 = r(mean)
 10. 
.         local b = .
 11.         local se = .
 12.         local p = .
 13.         local df = .
 14. 
.         if `n' > 5 {
 15.             capture quietly regress `y' i.p1_admin_previously_contacted i.
> district_id, vce(robust)
 16.             if !_rc {
 17.                 local b = _b[1.p1_admin_previously_contacted]
 18.                 local se = _se[1.p1_admin_previously_contacted]
 19.                 local p = 2 * ttail(e(df_r), abs(`b' / `se'))
 20.                 local n = e(N)
 21.                 local df = e(df_r)
 22.             }
 23.         }
 24. 
.         local ylab : variable label `y'
 25.         if `"`ylab'"' == "" local ylab "`y'"
 26.         local ylab = substr(`"`ylab'"', 1, 160)
 27. 
.         post `regpost' ///
>             (`"`y'"') ///
>             (`"`ylab'"') ///
>             (`n') ///
>             (`b') ///
>             (`se') ///
>             (`p') ///
>             (`mean0') ///
>             (`mean1') ///
>             (`df')
 28.     }
 29. }

. 
. postclose `regpost'

. 
. preserve

.     use `origin_regressions', clear

.     gen raw_diff_prev_minus_selected = mean_prev - mean_selected

.     gen ci_low = coef_prev_contacted - invttail(df_residual, .025)*se

.     gen ci_high = coef_prev_contacted + invttail(df_residual, .025)*se

.     gen model_note = "Cross-sectional baseline associations; not causal estim
> ates."

.     format coef_prev_contacted se p_value mean_selected mean_prev raw_diff_pr
> ev_minus_selected %9.3f

.     order outcome label n mean_selected mean_prev raw_diff_prev_minus_selecte
> d coef_prev_contacted se ci_low ci_high p_value model_note

.     export excel using "`excel_origin'", sheet("district_adjusted_diagnostics
> ", replace) firstrow(variables)
file C:\Users\jzava\AppData\Local\Temp\stata_worker_default_7505d64a54_74609fe5
> bb_p9v2kmuv//phase1_baseline_origin_comparison.xlsx saved

.     putexcel set "`excel_reg'", replace sheet("README")
note: file will be replaced when the first putexcel command is issued.

.     putexcel A1 = "Phase 1 final baseline association models"
file C:\Users\jzava\AppData\Local\Temp\stata_worker_default_7505d64a54_74609fe5
> bb_p9v2kmuv//phase1_baseline_regression_results.xlsx saved

.     putexcel A3 = "Interpretation"
file C:\Users\jzava\AppData\Local\Temp\stata_worker_default_7505d64a54_74609fe5
> bb_p9v2kmuv//phase1_baseline_regression_results.xlsx saved

.     putexcel B3 = "Cross-sectional baseline associations; not causal estimate
> s."
file C:\Users\jzava\AppData\Local\Temp\stata_worker_default_7505d64a54_74609fe5
> bb_p9v2kmuv//phase1_baseline_regression_results.xlsx saved

.     putexcel A4 = "Origin specification"
file C:\Users\jzava\AppData\Local\Temp\stata_worker_default_7505d64a54_74609fe5
> bb_p9v2kmuv//phase1_baseline_regression_results.xlsx saved

.     putexcel B4 = "Previously contacted versus observed selected-list LCs, ca
> nonical district fixed effects, heteroskedasticity-robust standard errors."
file C:\Users\jzava\AppData\Local\Temp\stata_worker_default_7505d64a54_74609fe5
> bb_p9v2kmuv//phase1_baseline_regression_results.xlsx saved

.     putexcel A5 = "Multivariable specification"
file C:\Users\jzava\AppData\Local\Temp\stata_worker_default_7505d64a54_74609fe5
> bb_p9v2kmuv//phase1_baseline_regression_results.xlsx saved

.     putexcel B5 = "One common parsimonious specification using pre-existing c
> hairperson characteristics and canonical district fixed effects."
file C:\Users\jzava\AppData\Local\Temp\stata_worker_default_7505d64a54_74609fe5
> bb_p9v2kmuv//phase1_baseline_regression_results.xlsx saved

.     putexcel clear

.     export excel using "`excel_reg'", sheet("origin_adjusted", replace) first
> row(variables)
file C:\Users\jzava\AppData\Local\Temp\stata_worker_default_7505d64a54_74609fe5
> bb_p9v2kmuv//phase1_baseline_regression_results.xlsx saved

. 
.     encode label, gen(outcome_id)

.     twoway ///
>         (rcap ci_low ci_high outcome_id, horizontal lcolor("32 87 129") lwidt
> h(medthick)) ///
>         (scatter outcome_id coef_prev_contacted, msymbol(D) msize(medsmall) m
> color("211 118 35")), ///
>         xline(0, lcolor(gs8) lpattern(dash)) ///
>         ylabel(1(1)7, valuelabel angle(0) labsize(small)) ///
>         xlabel(-.30(.10).30, format(%4.2f) grid) ///
>         xtitle("Adjusted difference: previous contact minus selected-list LC"
> ) ///
>         ytitle("") legend(off) ///
>         title("Adjusted administrative-origin associations", size(medsmall)) 
> ///
>         note("Canonical district fixed effects with robust standard errors." 
> ///
>              "Cross-sectional baseline associations; not causal estimates.", 
> size(vsmall))

.     graph export "`fig_dir'/fig_42_adjusted_origin_coefficients.png", width(3
> 000) replace
file C:\Users\jzava\AppData\Local\Temp\stata_worker_default_7505d64a54_74609fe5
> bb_p9v2kmuv//phase1_baseline_figures/fig_42_adjusted_origin_coefficients.png 
> written in PNG format

.     graph export "`fig_dir'/fig_42_adjusted_origin_coefficients.pdf", replace
file
    C:\Users\jzava\AppData\Local\Temp\stata_worker_default_7505d64a54_74609fe
    > 5bb_p9v2kmuv//phase1_baseline_figures/fig_42_adjusted_origin_coefficien
    > ts.pdf saved as PDF format

. restore

. 
. * One parsimonious diagnostic specification applied consistently across main 
> domains.
. tempfile multivar_results

. tempname mr

. postfile `mr' str80 outcome str160 outcome_label str50 predictor str120 predi
> ctor_label ///
>     long n double coefficient se p_value r2 using `multivar_results', replace
(file
    C:\Users\jzava\AppData\Local\Temp\stata_worker_default_7505d64a54_74609fe
    > 5bb_p9v2kmuv\ST_9a18_00007n.tmp not found)

. 
. local diagnostic_outcomes ///
>     idx_legal_classif_knowledge ///
>     idx_adr_mediation_practice ///
>     idx_record_quality ///
>     idx_committee_functioning ///
>     idx_perceived_legitimacy ///
>     idx_safeguards ///
>     idx_reintegration_norms

. 
. foreach y of local diagnostic_outcomes {
  2.     quietly regress `y' respondent_female education_score lc_experience_ye
> ars ///
>         prior_justice_training prior_formal_coordination ///
>         i.p1_admin_previously_contacted i.district_id, vce(robust)
  3.     local yl : variable label `y'
  4.     local model_n = e(N)
  5.     local model_r2 = e(r2)
  6.     foreach x in respondent_female education_score lc_experience_years pri
> or_justice_training prior_formal_coordination {
  7.         local xl : variable label `x'
  8.         local p = 2*ttail(e(df_r), abs(_b[`x']/_se[`x']))
  9.         post `mr' ("`y'") (`"`yl'"') ("`x'") (`"`xl'"') (`model_n') ///
>             (_b[`x']) (_se[`x']) (`p') (`model_r2')
 10.     }
 11.     local p = 2*ttail(e(df_r), abs(_b[1.p1_admin_previously_contacted]/_se
> [1.p1_admin_previously_contacted]))
 12.     post `mr' ("`y'") (`"`yl'"') ("p1_admin_previously_contacted") ///
>         ("Previously contacted village") (`model_n') ///
>         (_b[1.p1_admin_previously_contacted]) (_se[1.p1_admin_previously_cont
> acted]) (`p') (`model_r2')
 13. }

. postclose `mr'

. 
. preserve

.     use `multivar_results', clear

.     gen model_note = "Cross-sectional baseline associations; not causal estim
> ates."

.     format coefficient se p_value r2 %9.3f

.     export excel using "`excel_reg'", sheet("multivariable_diagnostics", repl
> ace) firstrow(variables)
file C:\Users\jzava\AppData\Local\Temp\stata_worker_default_7505d64a54_74609fe5
> bb_p9v2kmuv//phase1_baseline_regression_results.xlsx saved

. restore

. 
. 
. *----------------------------------------------------------------------------
> --*
. **# 18.9 Console summary for final report
. *----------------------------------------------------------------------------
> --*
. 
. display as text "------------------------------------------------------------
> "
------------------------------------------------------------

. display as text "Origin comparison outputs created:"
Origin comparison outputs created:

. display as text "Excel workbook:"
Excel workbook:

. display as result "`excel_origin'"
C:\Users\jzava\AppData\Local\Temp\stata_worker_default_7505d64a54_74609fe5bb_p9
> v2kmuv//phase1_baseline_origin_comparison.xlsx

. display as text "Figures:"
Figures:

. display as result "`fig_dir'/fig_32_origin_core_composites.png"
C:\Users\jzava\AppData\Local\Temp\stata_worker_default_7505d64a54_74609fe5bb_p9
> v2kmuv//phase1_baseline_figures/fig_32_origin_core_composites.png

. display as result "`fig_dir'/fig_33_origin_jlos_collaboration.png"
C:\Users\jzava\AppData\Local\Temp\stata_worker_default_7505d64a54_74609fe5bb_p9
> v2kmuv//phase1_baseline_figures/fig_33_origin_jlos_collaboration.png

. display as result "`fig_dir'/fig_34_origin_priority_gaps.png"
C:\Users\jzava\AppData\Local\Temp\stata_worker_default_7505d64a54_74609fe5bb_p9
> v2kmuv//phase1_baseline_figures/fig_34_origin_priority_gaps.png

. display as result "`fig_dir'/fig_35_origin_high_readiness_flags.png"
C:\Users\jzava\AppData\Local\Temp\stata_worker_default_7505d64a54_74609fe5bb_p9
> v2kmuv//phase1_baseline_figures/fig_35_origin_high_readiness_flags.png

. display as text "------------------------------------------------------------
> "
------------------------------------------------------------

. 
. display as text "Interpretation: Descriptive baseline association, not a caus
> al effect of previous contact."
Interpretation: Descriptive baseline association, not a causal effect of previo
> us contact.

. display as text "------------------------------------------------------------
> "
------------------------------------------------------------

. 
. use `primary_cohort', clear
(Final de-identified Phase 1 baseline analytical cohort)

. 
. 
. 
. *----------------------------------------------------------------------------
> --*
. **# 19. Annex analysis: expanded JLOS collaboration and referral pathways
. *----------------------------------------------------------------------------
> --*
. * Purpose:
. *   Produce report-ready figures expanding the analysis of collaboration with
. *   JLOS actors for the observed selected-list baseline sample.
. *
. * JLOS:
. *   Justice, Law and Order Sector. In this analysis, this mainly refers to
. *   formal justice and protection actors such as police, courts, probation /
. *   child protection, and related justice-sector authorities.
. *
. * Interpretation:
. *   Descriptive baseline analysis only.
. *----------------------------------------------------------------------------
> --*
. 
. *-------------------------------*
. **# 19.1 Clean labels
. *-------------------------------*
. 
. capture label var m4_q02_referral_scope_score "Knows which cases require refe
> rral"

. capture label var prior_formal_coordination "Prior coordination with JLOS act
> ors"

. capture label var police_coordination_score "Perceived ease of police coordin
> ation"

. capture label var court_coordination_score "Perceived ease of court/formal ju
> stice coordination"

. capture label var referral_frequency_score "Referral regularity"

. capture label var referral_documentation_score "Referral documentation"

. capture label var referral_feedback_score "Feedback after referral"

. capture label var referral_path_conf_score "Confidence knowing where to refer
> "

. capture label var referral_explain_conf_score "Confidence explaining referral
> "

. capture label var verified_referral_record_score "Verified referred cases are
>  recorded"

. capture label var verified_ref_dest_score "Verified referral destination reco
> rded"

. capture label var idx_referral_practice "Referral practice index"

. 
. capture label var m6_q04_1 "Outside LCC mandate"

. capture label var m6_q04_2 "Serious violence/threat to life"

. capture label var m6_q04_3 "Sexual violence or SGBV"

. capture label var m6_q04_4 "Child protection concern"

. capture label var m6_q04_5 "Parties refused local mediation"

. capture label var m6_q04_6 "Local agreement not followed"

. capture label var m6_q04_7 "Facts/evidence too complex"

. capture label var m6_q04_8 "LCC lacked quorum/capacity"

. 
. capture label var m6_q12_1 "Authority too far away"

. capture label var m6_q12_2 "Transport cost/lack of transport"

. capture label var m6_q12_3 "Parties do not want referral"

. capture label var m6_q12_4 "Fear costs/delay/consequences"

. capture label var m6_q12_5 "Receiving authority slow"

. capture label var m6_q12_6 "Unclear receiving authority"

. capture label var m6_q12_7 "Lack referral-procedure knowledge"

. capture label var m6_q12_8 "Lack forms/documentation tools"

. capture label var m6_q12_9 "Pressure to keep case local"

. capture label var m6_q12_10 "Fear retaliation/worse conflict"

. capture label var m6_q12_11 "No major referral barriers"

. 
. *-------------------------------*
. **# 19.2 README
. *-------------------------------*
. 
. putexcel set "`excel_jlos'", replace sheet("README")
note: file will be replaced when the first putexcel command is issued.

. putexcel A1 = "Advancing Justice Uganda - Phase 1 baseline expanded JLOS anal
> ysis"
file C:\Users\jzava\AppData\Local\Temp\stata_worker_default_7505d64a54_74609fe5
> bb_p9v2kmuv//phase1_baseline_jlos_expanded_analysis.xlsx saved

. putexcel A3 = "Purpose"
file C:\Users\jzava\AppData\Local\Temp\stata_worker_default_7505d64a54_74609fe5
> bb_p9v2kmuv//phase1_baseline_jlos_expanded_analysis.xlsx saved

. putexcel B3 = "Expanded descriptive analysis of LC chairperson collaboration 
> with JLOS actors and referral pathways."
file C:\Users\jzava\AppData\Local\Temp\stata_worker_default_7505d64a54_74609fe5
> bb_p9v2kmuv//phase1_baseline_jlos_expanded_analysis.xlsx saved

. putexcel A4 = "Sample"
file C:\Users\jzava\AppData\Local\Temp\stata_worker_default_7505d64a54_74609fe5
> bb_p9v2kmuv//phase1_baseline_jlos_expanded_analysis.xlsx saved

. putexcel B4 = "Observed LCs from the 100-unit selected Final Village List fra
> me."
file C:\Users\jzava\AppData\Local\Temp\stata_worker_default_7505d64a54_74609fe5
> bb_p9v2kmuv//phase1_baseline_jlos_expanded_analysis.xlsx saved

. putexcel A5 = "JLOS definition"
file C:\Users\jzava\AppData\Local\Temp\stata_worker_default_7505d64a54_74609fe5
> bb_p9v2kmuv//phase1_baseline_jlos_expanded_analysis.xlsx saved

. putexcel B5 = "Justice, Law and Order Sector: police, courts, probation/child
>  protection, and related justice-sector authorities."
file C:\Users\jzava\AppData\Local\Temp\stata_worker_default_7505d64a54_74609fe5
> bb_p9v2kmuv//phase1_baseline_jlos_expanded_analysis.xlsx saved

. putexcel A6 = "Interpretation"
file C:\Users\jzava\AppData\Local\Temp\stata_worker_default_7505d64a54_74609fe5
> bb_p9v2kmuv//phase1_baseline_jlos_expanded_analysis.xlsx saved

. putexcel B6 = "Descriptive baseline analysis only. These figures do not estim
> ate program impact."
file C:\Users\jzava\AppData\Local\Temp\stata_worker_default_7505d64a54_74609fe5
> bb_p9v2kmuv//phase1_baseline_jlos_expanded_analysis.xlsx saved

. putexcel clear

. 
. *----------------------------------------------------------------------------
> --*
. **# 19.3 Figure 36: JLOS collaboration and referral practice snapshot
. *----------------------------------------------------------------------------
> --*
. * Recommended slide:
. *   "Collaboration with JLOS actors is already widespread, but referral closu
> re is weaker"
. *----------------------------------------------------------------------------
> --*
. 
. preserve

.     tempfile jlos_snapshot

.     tempname mem

. 
.     postfile `mem' byte order str70 indicator long n double value using `jlos
> _snapshot', replace
(file
    C:\Users\jzava\AppData\Local\Temp\stata_worker_default_7505d64a54_74609fe
    > 5bb_p9v2kmuv\ST_9a18_00007q.tmp not found)

. 
.     local v1  prior_formal_coordination

.     local l1  "Prior formal coordination"

.     local v2  m4_q02_referral_scope_score

.     local l2  "Knows cases requiring referral"

.     local v3  police_coordination_score

.     local l3  "Perceived ease of police coordination"

.     local v4  court_coordination_score

.     local l4  "Perceived ease of court coordination"

.     local v5  referral_frequency_score

.     local l5  "Referral regularity"

.     local v6  referral_path_conf_score

.     local l6  "Confidence knowing where to refer"

.     local v7  referral_explain_conf_score

.     local l7  "Confidence explaining referral"

.     local v8  referral_documentation_score

.     local l8  "Referral documentation"

.     local v9  referral_feedback_score

.     local l9  "Feedback after referral"

. 
.     forvalues i = 1/9 {
  2.         local v "`v`i''"
  3.         local lab "`l`i''"
  4. 
.         quietly summarize `v' if !missing(`v'), meanonly
  5.         local n = r(N)
  6.         local val = 100 * r(mean)
  7. 
.         post `mem' (`i') (`"`lab'"') (`n') (`val')
  8.     }

. 
.     postclose `mem'

. 
.     use `jlos_snapshot', clear

.     format value %9.1f

. 
.     gen item_id = order

.     gen str100 indicator_with_n = indicator + " (n=" + strtrim(string(n, "%9.
> 0f")) + ")"

. 
.     export excel using "`excel_jlos'", sheet("fig36_jlos_snapshot", replace) 
> firstrow(variables)
file C:\Users\jzava\AppData\Local\Temp\stata_worker_default_7505d64a54_74609fe5
> bb_p9v2kmuv//phase1_baseline_jlos_expanded_analysis.xlsx saved

. 
. graph hbar (asis) value, ///
>     bar(1, color("32 87 129")) ///
>     over(indicator_with_n, sort(order) label(labsize(vsmall))) ///
>     blabel(bar, format(%4.1f) size(vsmall)) ///
>     ylabel(0(20)100, labsize(small)) ///
>     ytitle("") ///
>         scheme(plotplain) ///
>     title("JLOS collaboration and referral practice", size(medsmall)) ///
>     subtitle("Observed selected-list baseline sample", size(small)) ///
>     note("Normalized scores x 100; prior coordination is a respondent share."
>  ///
>          "Item denominators shown. Ease/confidence are perceptions, not verif
> ied coordination.", size(vsmall) span)

. 
. graph export "`fig_dir'/fig_36_jlos_snapshot.png", width(2800) replace
file C:\Users\jzava\AppData\Local\Temp\stata_worker_default_7505d64a54_74609fe5
> bb_p9v2kmuv//phase1_baseline_figures/fig_36_jlos_snapshot.png written in PNG 
> format

. graph export "`fig_dir'/fig_36_jlos_snapshot.pdf", replace
file
    C:\Users\jzava\AppData\Local\Temp\stata_worker_default_7505d64a54_74609fe
    > 5bb_p9v2kmuv//phase1_baseline_figures/fig_36_jlos_snapshot.pdf saved as
    PDF format

. restore

. 
. *----------------------------------------------------------------------------
> --*
. **# 19.4 Figure 37: Why chairpersons refer cases onward
. *----------------------------------------------------------------------------
> --*
. * Recommended slide:
. *   "Referral triggers broadly align with mandate and protection risks"
. *----------------------------------------------------------------------------
> --*
. 
. preserve

.     tempfile jlos_reasons

.     tempname mem

. 
.     postfile `mem' byte order str70 reason long n double value using `jlos_re
> asons', replace
(file
    C:\Users\jzava\AppData\Local\Temp\stata_worker_default_7505d64a54_74609fe
    > 5bb_p9v2kmuv\ST_9a18_00007s.tmp not found)

. 
.     local v1  m6_q04_1

.     local l1  "Outside LCC mandate"

.     local v2  m6_q04_2

.     local l2  "Serious violence/threat to life"

.     local v3  m6_q04_3

.     local l3  "Sexual violence or SGBV"

.     local v4  m6_q04_4

.     local l4  "Child protection concern"

.     local v5  m6_q04_5

.     local l5  "Parties refused local mediation"

.     local v6  m6_q04_6

.     local l6  "Local agreement not followed"

.     local v7  m6_q04_7

.     local l7  "Facts/evidence too complex"

.     local v8  m6_q04_8

.     local l8  "LCC lacked quorum/capacity"

. 
.     forvalues i = 1/8 {
  2.         local v "`v`i''"
  3.         local lab "`l`i''"
  4. 
.         quietly summarize `v' if !missing(`v'), meanonly
  5.         local n = r(N)
  6.         local val = 100 * r(mean)
  7. 
.         post `mem' (`i') (`"`lab'"') (`n') (`val')
  8.     }

. 
.     postclose `mem'

. 
.     use `jlos_reasons', clear

.     format value %9.1f

. 
.     gen item_id = order

.     label define jlos_reason_lbl ///
>         1 "Outside LCC mandate" ///
>         2 "Serious violence/threat" ///
>         3 "Sexual violence/SGBV" ///
>         4 "Child protection" ///
>         5 "Parties refused mediation" ///
>         6 "Agreement not followed" ///
>         7 "Facts too complex" ///
>         8 "LCC lacked capacity", replace

.     label values item_id jlos_reason_lbl

. 
.     export excel using "`excel_jlos'", sheet("fig37_referral_reasons", replac
> e) firstrow(variables)
file C:\Users\jzava\AppData\Local\Temp\stata_worker_default_7505d64a54_74609fe5
> bb_p9v2kmuv//phase1_baseline_jlos_expanded_analysis.xlsx saved

. 
. graph hbar (asis) value, ///
>     bar(1, color("32 87 129")) ///
>     over(item_id, sort(value) descending label(labsize(vsmall))) ///
>     blabel(bar, format(%4.1f) size(vsmall)) ///
>     ylabel(0(20)100, labsize(small)) ///
>     ytitle("") ///
>         scheme(plotplain) ///
>     title("Reasons for referring cases onward", size(medsmall)) ///
>     subtitle("Share of chairpersons selecting each reason", size(small)) ///
>     note("Multiple responses allowed. Observed selected-list baseline sample.
> ", size(vsmall))

. 
. graph export "`fig_dir'/fig_37_jlos_referral_reasons.png", width(2800) replac
> e
file C:\Users\jzava\AppData\Local\Temp\stata_worker_default_7505d64a54_74609fe5
> bb_p9v2kmuv//phase1_baseline_figures/fig_37_jlos_referral_reasons.png written
>  in PNG format

. graph export "`fig_dir'/fig_37_jlos_referral_reasons.pdf", replace
file
    C:\Users\jzava\AppData\Local\Temp\stata_worker_default_7505d64a54_74609fe
    > 5bb_p9v2kmuv//phase1_baseline_figures/fig_37_jlos_referral_reasons.pdf
    saved as PDF format

. restore

. 
. *----------------------------------------------------------------------------
> --*
. **# 19.5 Figure 38: Barriers to referral
. *----------------------------------------------------------------------------
> --*
. * Recommended slide:
. *   "Referral is constrained by distance, transport, and party resistance"
. *----------------------------------------------------------------------------
> --*
. 
. preserve

.     tempfile jlos_barriers

.     tempname mem

. 
.     postfile `mem' byte order str75 barrier long n double value using `jlos_b
> arriers', replace
(file
    C:\Users\jzava\AppData\Local\Temp\stata_worker_default_7505d64a54_74609fe
    > 5bb_p9v2kmuv\ST_9a18_00007u.tmp not found)

. 
.     local v1  m6_q12_1

.     local l1  "Authority too far away"

.     local v2  m6_q12_2

.     local l2  "Transport cost/lack of transport"

.     local v3  m6_q12_3

.     local l3  "Parties do not want referral"

.     local v4  m6_q12_4

.     local l4  "Fear costs/delay/consequences"

.     local v5  m6_q12_8

.     local l5  "Lack forms/documentation tools"

.     local v6  m6_q12_10

.     local l6  "Fear retaliation/worse conflict"

.     local v7  m6_q12_5

.     local l7  "Receiving authority slow"

.     local v8  m6_q12_7

.     local l8  "Lack referral-procedure knowledge"

.     local v9  m6_q12_6

.     local l9  "Unclear receiving authority"

.     local v10 m6_q12_9

.     local l10 "Pressure to keep case local"

.     local v11 m6_q12_11

.     local l11 "No major referral barriers"

. 
.     forvalues i = 1/11 {
  2.         local v "`v`i''"
  3.         local lab "`l`i''"
  4. 
.         quietly summarize `v' if !missing(`v'), meanonly
  5.         local n = r(N)
  6.         local val = 100 * r(mean)
  7. 
.         post `mem' (`i') (`"`lab'"') (`n') (`val')
  8.     }

. 
.     postclose `mem'

. 
.     use `jlos_barriers', clear

.     format value %9.1f

. 
.     gen item_id = order

.     label define jlos_barrier_lbl ///
>         1 "Authority too far away" ///
>         2 "Transport cost/lack transport" ///
>         3 "Parties do not want referral" ///
>         4 "Fear costs/delay/consequences" ///
>         5 "Lack forms/documentation tools" ///
>         6 "Fear retaliation/worse conflict" ///
>         7 "Receiving authority slow" ///
>         8 "Lack referral-procedure knowledge" ///
>         9 "Unclear receiving authority" ///
>         10 "Pressure to keep case local" ///
>         11 "No major referral barriers", replace

.     label values item_id jlos_barrier_lbl

. 
.     export excel using "`excel_jlos'", sheet("fig38_referral_barriers", repla
> ce) firstrow(variables)
file C:\Users\jzava\AppData\Local\Temp\stata_worker_default_7505d64a54_74609fe5
> bb_p9v2kmuv//phase1_baseline_jlos_expanded_analysis.xlsx saved

. 
. graph hbar (asis) value, ///
>     bar(1, color("211 118 35")) ///
>     over(item_id, sort(value) descending label(labsize(vsmall))) ///
>     blabel(bar, format(%4.1f) size(vsmall)) ///
>     ylabel(0(20)100, labsize(small)) ///
>     ytitle("") ///
>         scheme(plotplain) ///
>     title("Reported barriers to referral", size(medsmall)) ///
>     subtitle("Share of chairpersons selecting each barrier", size(small)) ///
>     note("Multiple responses allowed. Observed selected-list baseline sample.
> ", size(vsmall))

. 
. graph export "`fig_dir'/fig_38_jlos_referral_barriers.png", width(2800) repla
> ce
file C:\Users\jzava\AppData\Local\Temp\stata_worker_default_7505d64a54_74609fe5
> bb_p9v2kmuv//phase1_baseline_figures/fig_38_jlos_referral_barriers.png writte
> n in PNG format

. graph export "`fig_dir'/fig_38_jlos_referral_barriers.pdf", replace
file
    C:\Users\jzava\AppData\Local\Temp\stata_worker_default_7505d64a54_74609fe
    > 5bb_p9v2kmuv//phase1_baseline_figures/fig_38_jlos_referral_barriers.pdf
    saved as PDF format

. restore

. 
. *----------------------------------------------------------------------------
> --*
. **# 19.6 Figure 39: Referral pathway bottleneck
. *----------------------------------------------------------------------------
> --*
. * Separate cross-sectional benchmarks, not a longitudinal conversion funnel.
. *----------------------------------------------------------------------------
> --*
. 
. capture drop jlos_coordination_avg

. capture drop jlos_pathway_conf_avg

. capture drop jlos_closure_avg

. capture drop jlos_verified_record_avg

. 
. egen jlos_coordination_avg = rowmean(police_coordination_score court_coordina
> tion_score)
(2 missing values generated)

. label var jlos_coordination_avg "Average perceived ease of police/court coord
> ination"

. 
. egen jlos_pathway_conf_avg = rowmean(referral_path_conf_score referral_explai
> n_conf_score)

. label var jlos_pathway_conf_avg "Average confidence in referral pathway"

. 
. egen jlos_closure_avg = rowmean(referral_documentation_score referral_feedbac
> k_score)
(2 missing values generated)

. label var jlos_closure_avg "Average documentation/feedback closure score"

. 
. egen jlos_verified_record_avg = rowmean(verified_referral_record_score verifi
> ed_ref_dest_score)
(30 missing values generated)

. label var jlos_verified_record_avg "Average verified referral-record score"

. 
. preserve

.     tempfile jlos_pathway

.     tempname mem

. 
.     postfile `mem' byte order str70 stage long n double value using `jlos_pat
> hway', replace
(file
    C:\Users\jzava\AppData\Local\Temp\stata_worker_default_7505d64a54_74609fe
    > 5bb_p9v2kmuv\ST_9a18_00007w.tmp not found)

. 
.     local v1  prior_formal_coordination

.     local l1  "Prior formal coordination"

.     local v2  m4_q02_referral_scope_score

.     local l2  "Knows cases requiring referral"

.     local v3  jlos_coordination_avg

.     local l3  "Perceived ease of police/court coordination"

.     local v4  referral_frequency_score

.     local l4  "Referral regularity"

.     local v5  jlos_pathway_conf_avg

.     local l5  "Referral pathway confidence"

.     local v6  jlos_closure_avg

.     local l6  "Documentation and feedback"

.     local v7  jlos_verified_record_avg

.     local l7  "Verified referral record"

. 
.     forvalues i = 1/7 {
  2.         local v "`v`i''"
  3.         local lab "`l`i''"
  4. 
.         quietly summarize `v' if !missing(`v'), meanonly
  5.         local n = r(N)
  6.         local val = 100 * r(mean)
  7. 
.         post `mem' (`i') (`"`lab'"') (`n') (`val')
  8.     }

. 
.     postclose `mem'

. 
.     use `jlos_pathway', clear

.     format value %9.1f

. 
.     gen item_id = order

.     gen str100 stage_with_n = stage + " (n=" + strtrim(string(n, "%9.0f")) + 
> ")"

. 
.     export excel using "`excel_jlos'", sheet("fig39_referral_loop", replace) 
> firstrow(variables)
file C:\Users\jzava\AppData\Local\Temp\stata_worker_default_7505d64a54_74609fe5
> bb_p9v2kmuv//phase1_baseline_jlos_expanded_analysis.xlsx saved

. 
. graph hbar (asis) value, ///
>     bar(1, color("32 87 129")) ///
>     over(stage_with_n, sort(order) label(labsize(vsmall))) ///
>     blabel(bar, format(%4.1f) size(vsmall)) ///
>     ylabel(0(20)100, labsize(small)) ///
>     ytitle("") ///
>         scheme(plotplain) ///
>     title("Referral pathway baseline benchmarks", size(medsmall)) ///
>     subtitle("Normalized scores x 100; formal coordination is a respondent sh
> are", size(small)) ///
>     note("Separate cross-sectional measures; not a longitudinal funnel. Item 
> denominators are shown." ///
>          "Documentation/feedback and verified records are averages of availab
> le paired measures.", size(vsmall))

. 
. graph export "`fig_dir'/fig_39_jlos_referral_loop.png", width(2800) replace
file C:\Users\jzava\AppData\Local\Temp\stata_worker_default_7505d64a54_74609fe5
> bb_p9v2kmuv//phase1_baseline_figures/fig_39_jlos_referral_loop.png written in
>  PNG format

. graph export "`fig_dir'/fig_39_jlos_referral_loop.pdf", replace
file
    C:\Users\jzava\AppData\Local\Temp\stata_worker_default_7505d64a54_74609fe
    > 5bb_p9v2kmuv//phase1_baseline_figures/fig_39_jlos_referral_loop.pdf
    saved as PDF format

. restore

. 
. *----------------------------------------------------------------------------
> --*
. **# 19.7 Optional diagnostic table: JLOS indicators by district
. *----------------------------------------------------------------------------
> --*
. 
. preserve

.     keep canonical_district ///
>         prior_formal_coordination ///
>         m4_q02_referral_scope_score ///
>         police_coordination_score ///
>         court_coordination_score ///
>         referral_path_conf_score ///
>         referral_explain_conf_score ///
>         referral_documentation_score ///
>         referral_feedback_score ///
>         verified_referral_record_score ///
>         verified_ref_dest_score ///
>         idx_referral_practice ///
>         n_referral_reasons ///
>         n_referral_barriers ///
>         no_major_referral_barriers

. 
.     collapse ///
>         (count) n=idx_referral_practice ///
>         (mean) prior_formal_coordination ///
>                m4_q02_referral_scope_score ///
>                police_coordination_score ///
>                court_coordination_score ///
>                referral_path_conf_score ///
>                referral_explain_conf_score ///
>                referral_documentation_score ///
>                referral_feedback_score ///
>                verified_referral_record_score ///
>                verified_ref_dest_score ///
>                idx_referral_practice ///
>                n_referral_reasons ///
>                n_referral_barriers ///
>                no_major_referral_barriers, ///
>         by(canonical_district)

. 
.     export excel using "`excel_jlos'", sheet("district_jlos_diagnostic", repl
> ace) firstrow(variables)
file C:\Users\jzava\AppData\Local\Temp\stata_worker_default_7505d64a54_74609fe5
> bb_p9v2kmuv//phase1_baseline_jlos_expanded_analysis.xlsx saved

. restore

. 
. *----------------------------------------------------------------------------
> --*
. **# 19.8 Console summary
. *----------------------------------------------------------------------------
> --*
. 
. display as text "------------------------------------------------------------
> "
------------------------------------------------------------

. display as text "Expanded JLOS collaboration outputs created:"
Expanded JLOS collaboration outputs created:

. display as result "`excel_jlos'"
C:\Users\jzava\AppData\Local\Temp\stata_worker_default_7505d64a54_74609fe5bb_p9
> v2kmuv//phase1_baseline_jlos_expanded_analysis.xlsx

. display as result "`fig_dir'/fig_36_jlos_snapshot.png"
C:\Users\jzava\AppData\Local\Temp\stata_worker_default_7505d64a54_74609fe5bb_p9
> v2kmuv//phase1_baseline_figures/fig_36_jlos_snapshot.png

. display as result "`fig_dir'/fig_37_jlos_referral_reasons.png"
C:\Users\jzava\AppData\Local\Temp\stata_worker_default_7505d64a54_74609fe5bb_p9
> v2kmuv//phase1_baseline_figures/fig_37_jlos_referral_reasons.png

. display as result "`fig_dir'/fig_38_jlos_referral_barriers.png"
C:\Users\jzava\AppData\Local\Temp\stata_worker_default_7505d64a54_74609fe5bb_p9
> v2kmuv//phase1_baseline_figures/fig_38_jlos_referral_barriers.png

. display as result "`fig_dir'/fig_39_jlos_referral_loop.png"
C:\Users\jzava\AppData\Local\Temp\stata_worker_default_7505d64a54_74609fe5bb_p9
> v2kmuv//phase1_baseline_figures/fig_39_jlos_referral_loop.png

. display as text "Recommended placement: referrals and JLOS coordination secti
> on of the Final Baseline Report."
Recommended placement: referrals and JLOS coordination section of the Final Bas
> eline Report.

. display as text "------------------------------------------------------------
> "
------------------------------------------------------------

. 
. *----------------------------------------------------------------------------
> --*
. **# 20. Cross-cutting report-ready implementation figures
. *----------------------------------------------------------------------------
> --*
. 
. * Build the records/committee figure from a compact posting table to retain l
> abels.
. tempfile operations_figure

. tempname of

. postfile `of' str80 variable str160 measure str30 evidence_type long n double
>  mean using `operations_figure', replace
(file
    C:\Users\jzava\AppData\Local\Temp\stata_worker_default_7505d64a54_74609fe
    > 5bb_p9v2kmuv\ST_9a18_000080.tmp not found)

. foreach v in case_register_score verified_record_usability_score idx_record_q
> uality active_member_part_score women_participation_score idx_committee_funct
> ioning {
  2.     quietly summarize `v', meanonly
  3.     local vl : variable label `v'
  4.     local evidence "Self-reported practice"
  5.     if "`v'" == "verified_record_usability_score" local evidence "Enumerat
> or-observed"
  6.     if inlist("`v'", "idx_record_quality", "idx_committee_functioning") lo
> cal evidence "Mixed index"
  7.     post `of' ("`v'") (`"`vl'"') ("`evidence'") (r(N)) (r(mean))
  8. }

. postclose `of'

. preserve

.     use `operations_figure', clear

.     export excel using "`excel_exec'", sheet("fig40_operations", replace) fir
> strow(variables)
file C:\Users\jzava\AppData\Local\Temp\stata_worker_default_7505d64a54_74609fe5
> bb_p9v2kmuv//phase1_baseline_executive_results.xlsx saved

.     replace measure = "Reported case register / case book" if variable == "ca
> se_register_score"
(1 real change made)

.     replace measure = "Enumerator-observed record usability" if variable == "
> verified_record_usability_score"
(1 real change made)

.     replace measure = "Record quality (mixed index)" if variable == "idx_reco
> rd_quality"
(1 real change made)

.     replace measure = "Reported active member participation" if variable == "
> active_member_part_score"
(1 real change made)

.     replace measure = "Reported women's active participation" if variable == 
> "women_participation_score"
(1 real change made)

.     replace measure = "Committee functioning (mixed index)" if variable == "i
> dx_committee_functioning"
(1 real change made)

.     replace measure = measure + " (n=" + strtrim(string(n, "%9.0f")) + ")"
(6 real changes made)

.     graph hbar mean, over(measure, sort(mean) descending label(labsize(vsmall
> ))) ///
>         bar(1, color("32 87 129")) blabel(bar, format(%4.2f) size(small)) ///
>         yscale(range(0 1)) ylabel(0(.2)1, format(%3.1f) grid) ///
>         ytitle("Mean baseline score (0-1)") ///
>         title("Records and committee operational capacity", size(medsmall)) /
> //
>         note("Record usability is enumerator-observed; other measures are rep
> orted or mixed indices." ///
>              "Item N shown. Conditional verification does not represent the w
> hole frame.", size(vsmall) span)

.     graph export "`fig_dir'/fig_40_records_committee_constraints.png", width(
> 3000) replace
file C:\Users\jzava\AppData\Local\Temp\stata_worker_default_7505d64a54_74609fe5
> bb_p9v2kmuv//phase1_baseline_figures/fig_40_records_committee_constraints.png
>  written in PNG format

.     graph export "`fig_dir'/fig_40_records_committee_constraints.pdf", replac
> e
file
    C:\Users\jzava\AppData\Local\Temp\stata_worker_default_7505d64a54_74609fe
    > 5bb_p9v2kmuv//phase1_baseline_figures/fig_40_records_committee_constrai
    > nts.pdf saved as PDF format

. restore

. 
. tempfile norms_figure

. tempname nf

. postfile `nf' str80 measure double mean using `norms_figure', replace
(file
    C:\Users\jzava\AppData\Local\Temp\stata_worker_default_7505d64a54_74609fe
    > 5bb_p9v2kmuv\ST_9a18_000082.tmp not found)

. foreach v in idx_perceived_legitimacy idx_safeguards idx_reintegration_norms 
> {
  2.     quietly summarize `v', meanonly
  3.     local vl : variable label `v'
  4.     post `nf' (`"`vl'"') (r(mean))
  5. }

. postclose `nf'

. preserve

.     use `norms_figure', clear

.     graph hbar mean, over(measure, sort(mean) descending label(labsize(small)
> )) ///
>         bar(1, color("63 122 120")) blabel(bar, format(%4.2f) size(small)) //
> /
>         yscale(range(0 1)) ylabel(0(.2)1, format(%3.1f) grid) ///
>         ytitle("Mean baseline score (0-1)") ///
>         title("Legitimacy, safeguards, and reintegration", size(medsmall)) //
> /
>         note("Legitimacy/reintegration: chairperson perceptions and norms; sa
> feguards also includes scored knowledge.", size(vsmall))

.     graph export "`fig_dir'/fig_41_legitimacy_safeguards_reintegration.png", 
> width(2800) replace
file C:\Users\jzava\AppData\Local\Temp\stata_worker_default_7505d64a54_74609fe5
> bb_p9v2kmuv//phase1_baseline_figures/fig_41_legitimacy_safeguards_reintegrati
> on.png written in PNG format

.     graph export "`fig_dir'/fig_41_legitimacy_safeguards_reintegration.pdf", 
> replace
file
    C:\Users\jzava\AppData\Local\Temp\stata_worker_default_7505d64a54_74609fe
    > 5bb_p9v2kmuv//phase1_baseline_figures/fig_41_legitimacy_safeguards_rein
    > tegration.pdf saved as PDF format

. restore

. 
. * Explicit shortlist for the narrative report.
. putexcel set "`excel_exec'", sheet("report_ready_figures", replace) modify

. putexcel A1 = "Figure file" B1 = "Purpose"
file C:\Users\jzava\AppData\Local\Temp\stata_worker_default_7505d64a54_74609fe5
> bb_p9v2kmuv//phase1_baseline_executive_results.xlsx saved

. putexcel A2 = "fig_02_core_indices_overall" B2 = "Headline baseline domain da
> shboard"
file C:\Users\jzava\AppData\Local\Temp\stata_worker_default_7505d64a54_74609fe5
> bb_p9v2kmuv//phase1_baseline_executive_results.xlsx saved

. putexcel A3 = "fig_04_priority_gaps" B3 = "Ranked implementation gaps"
file C:\Users\jzava\AppData\Local\Temp\stata_worker_default_7505d64a54_74609fe5
> bb_p9v2kmuv//phase1_baseline_executive_results.xlsx saved

. putexcel A4 = "fig_13_vignette_performance" B4 = "Ordinary versus child/SGBV 
> vignette performance"
file C:\Users\jzava\AppData\Local\Temp\stata_worker_default_7505d64a54_74609fe5
> bb_p9v2kmuv//phase1_baseline_executive_results.xlsx saved

. putexcel A5 = "fig_14_adr_mediation / fig_15_adr_barriers" B5 = "ADR practice
>  and constraints"
file C:\Users\jzava\AppData\Local\Temp\stata_worker_default_7505d64a54_74609fe5
> bb_p9v2kmuv//phase1_baseline_executive_results.xlsx saved

. putexcel A6 = "fig_39_jlos_referral_loop" B6 = "JLOS/referral pathway"
file C:\Users\jzava\AppData\Local\Temp\stata_worker_default_7505d64a54_74609fe5
> bb_p9v2kmuv//phase1_baseline_executive_results.xlsx saved

. putexcel A7 = "fig_40_records_committee_constraints" B7 = "Records and commit
> tee operational constraints"
file C:\Users\jzava\AppData\Local\Temp\stata_worker_default_7505d64a54_74609fe5
> bb_p9v2kmuv//phase1_baseline_executive_results.xlsx saved

. putexcel A8 = "fig_41_legitimacy_safeguards_reintegration" B8 = "Legitimacy, 
> safeguards, and reintegration summary"
file C:\Users\jzava\AppData\Local\Temp\stata_worker_default_7505d64a54_74609fe5
> bb_p9v2kmuv//phase1_baseline_executive_results.xlsx saved

. putexcel A9 = "fig_42_adjusted_origin_coefficients" B9 = "Adjusted administra
> tive-origin association"
file C:\Users\jzava\AppData\Local\Temp\stata_worker_default_7505d64a54_74609fe5
> bb_p9v2kmuv//phase1_baseline_executive_results.xlsx saved

. putexcel clear

. 
. *----------------------------------------------------------------------------
> --*
. **# 21. Legatum Final Baseline Report indicator table
. *----------------------------------------------------------------------------
> --*
. * Classification follows the revised Scope of Work. Missing values below are
. * deliberate: administrative, prison, cost, intervention-effect, and future
. * community outcomes cannot be measured from this LC chairperson survey.
. 
. tempfile indicator_table

. tempname ip

. postfile `ip' str140 indicator str1 classification str80 analysis_variable //
> /
>     str200 definition double baseline_value long n str40 unit ///
>     str100 relevant_disaggregation str244 measurement_note str24 measure_type
>  ///
>     using `indicator_table', replace
(file
    C:\Users\jzava\AppData\Local\Temp\stata_worker_default_7505d64a54_74609fe
    > 5bb_p9v2kmuv\ST_9a18_000084.tmp not found)

. 
. foreach v in idx_legal_classif_knowledge idx_adr_mediation_practice idx_refer
> ral_practice ///
>     idx_record_quality idx_institutional_functioning idx_perceived_legitimacy
>  ///
>     idx_safeguards idx_reintegration_norms {
  2.     local indicator ""
  3.     local class "A"
  4.     local def "Mean standardized baseline domain score constructed from th
> e Phase 1 LC survey."
  5.     local note "Direct structured LC survey benchmark."
  6.     local type "Direct measure"
  7.     if "`v'" == "idx_legal_classif_knowledge" local indicator "LC knowledg
> e and case triage"
  8.     if "`v'" == "idx_adr_mediation_practice" local indicator "ADR and medi
> ation practice"
  9.     if "`v'" == "idx_referral_practice" local indicator "Referral quality 
> and coordination"
 10.     if "`v'" == "idx_record_quality" local indicator "Record keeping and c
> ase management"
 11.     if "`v'" == "idx_institutional_functioning" local indicator "Instituti
> onal functioning"
 12.     if "`v'" == "idx_perceived_legitimacy" {
 13.         local indicator "Perceived legitimacy and procedural fairness"
 14.         local class "B"
 15.         local note "LC chairperson perception; not a direct community-conf
> idence measure."
 16.         local type "Survey proxy"
 17.     }
 18.     if "`v'" == "idx_safeguards" {
 19.         local indicator "Safeguards and sensitive-case handling"
 20.         local class "B"
 21.         local note "Knowledge/vignette/practice benchmark; not an administ
> rative case-flow outcome."
 22.         local type "Survey proxy"
 23.     }
 24.     if "`v'" == "idx_reintegration_norms" {
 25.         local indicator "Reintegration conditions and norms"
 26.         local class "B"
 27.         local note "Chairperson-reported norms and conditions; not a surve
> y of former prisoners or communities."
 28.         local type "Survey proxy"
 29.     }
 30.     quietly summarize `v'
 31.     post `ip' (`"`indicator'"') ("`class'") ("`v'") (`"`def'"') ///
>         (r(mean)) (r(N)) ("Mean score (0-1)") ///
>         ("Canonical district; administrative origin") (`"`note'"') ("`type'")
 32. }

. 
. post `ip' ("0.0.1 Reduction in petty cases entering the formal-justice system
> ") ("C") ("") ///
>     ("Administrative count/share of petty cases entering the formal system") 
> (.) (.) ("Percent change") ///
>     ("Administrative geography and case type") ("Requires comparable police/c
> ourt administrative case-flow data.") ("Not measurable")

. post `ip' ("0.0.2 Reduction in the number of remandees") ("C") ("") ///
>     ("Administrative remand population outcome") (.) (.) ("Count/percent chan
> ge") ///
>     ("Prison/court characteristics") ("Requires prison and court administrati
> ve data.") ("Not measurable")

. post `ip' ("Cost-effectiveness / cost per case resolved") ("C") ("") ///
>     ("Program costs relative to verified resolved cases") (.) (.) ("Currency 
> per case") ///
>     ("Program arm and implementation unit") ("Requires program cost data and 
> verified administrative outcomes.") ("Not measurable")

. post `ip' ("1.1.1 Increase in petty cases resolved through ADR") ("C") ("") /
> //
>     ("Administrative volume/share of eligible cases resolved through ADR") (.
> ) (.) ("Percent change") ///
>     ("Case type; district; implementation period") ("Survey practice is a ben
> chmark only; the indicator requires verified case-flow data.") ("Not measurab
> le")

. post `ip' ("1.1.2 Increase in cases referred to LCCs for ADR") ("C") ("") ///
>     ("Administrative referrals into LCC ADR") (.) (.) ("Percent change") ///
>     ("Referring authority; district") ("Requires administrative referral reco
> rds.") ("Not measurable")

. post `ip' ("2.1 Reduction in time spent on remand") ("C") ("") ///
>     ("Duration on remand") (.) (.) ("Days/percent change") ///
>     ("Case and prisoner characteristics") ("Requires prison/court administrat
> ive longitudinal data.") ("Not measurable")

. post `ip' ("2.2 Legal-aid beneficiaries receiving a hearing within 60 days") 
> ("C") ("") ///
>     ("Share of supported cases heard within 60 days") (.) (.) ("Percent") ///
>     ("Case and beneficiary characteristics") ("Requires legal-aid and court a
> dministrative data.") ("Not measurable")

. post `ip' ("3.1.5 Prisoners generating income through acquired skills") ("C")
>  ("") ///
>     ("Income-generating activity among supported prisoners/former prisoners")
>  (.) (.) ("Percent/count") ///
>     ("Participant characteristics") ("Requires beneficiary follow-up and prog
> ram monitoring data.") ("Not measurable")

. post `ip' ("4.1.1 Improvements adopted by JLOS institutions") ("C") ("") ///
>     ("Institutional reforms attributable to advocacy") (.) (.) ("Count/qualit
> ative verification") ///
>     ("Institution and reform type") ("Requires institutional documentation an
> d follow-up verification.") ("Not measurable")

. post `ip' ("4.1.2 Reduction in case backlog") ("C") ("") ///
>     ("Administrative case backlog") (.) (.) ("Count/percent change") ///
>     ("Court; case type; period") ("Requires court administrative data.") ("No
> t measurable")

. postclose `ip'

. 
. putexcel set "`excel_ind'", replace sheet("README")
note: file will be replaced when the first putexcel command is issued.

. putexcel A1 = "Legatum Phase 1 Final Baseline indicator table"
file C:\Users\jzava\AppData\Local\Temp\stata_worker_default_7505d64a54_74609fe5
> bb_p9v2kmuv//phase1_baseline_indicator_table.xlsx saved

. putexcel A3 = "Classification A" B3 = "Directly measurable from the Phase 1 b
> aseline survey"
file C:\Users\jzava\AppData\Local\Temp\stata_worker_default_7505d64a54_74609fe5
> bb_p9v2kmuv//phase1_baseline_indicator_table.xlsx saved

. putexcel A4 = "Classification B" B4 = "Survey proxy or benchmark only"
file C:\Users\jzava\AppData\Local\Temp\stata_worker_default_7505d64a54_74609fe5
> bb_p9v2kmuv//phase1_baseline_indicator_table.xlsx saved

. putexcel A5 = "Classification C" B5 = "Not measurable from the Phase 1 LC sur
> vey; administrative or follow-up data required"
file C:\Users\jzava\AppData\Local\Temp\stata_worker_default_7505d64a54_74609fe5
> bb_p9v2kmuv//phase1_baseline_indicator_table.xlsx saved

. putexcel A6 = "Interpretation" B6 = "No value is imputed for indicators outsi
> de the measurement scope of this survey."
file C:\Users\jzava\AppData\Local\Temp\stata_worker_default_7505d64a54_74609fe5
> bb_p9v2kmuv//phase1_baseline_indicator_table.xlsx saved

. putexcel clear

. preserve

.     use `indicator_table', clear

.     format baseline_value %9.3f

.     export excel using "`excel_ind'", sheet("indicator_table", replace) first
> row(variables)
file C:\Users\jzava\AppData\Local\Temp\stata_worker_default_7505d64a54_74609fe5
> bb_p9v2kmuv//phase1_baseline_indicator_table.xlsx saved

. restore

. 
. *----------------------------------------------------------------------------
> --*
. **# 21a. Section 10 survey benchmarks and Slide 57 crosswalk
. *----------------------------------------------------------------------------
> --*
. * BEGIN SECTION 10 REPRODUCIBLE BENCHMARKS
. * Requires final cohort in memory and local excel_ind pointing to the indicat
> or
. * workbook. Runs within this do-file; this block can also be selected in Stat
> a.
. * No source variables, scores, indices, thresholds or sample flags are change
> d.
. * M3_Q09 question excludes parties whereas its hint includes them. The approv
> ed
. * report interpretation retains the count but explicitly marks respondent sco
> pe
. * ambiguous. It is NOT a formal diversion measure.
. assert _N == `primary_n'

. assert analysis_sample == 1 & consent == 1

. isid canonical_village_uid

. quietly datasignature

. local s10_signature_before "`r(datasignature)'"

. tempfile s10_metrics

. tempname s10_post

. postfile `s10_post' str40 variable str110 measure str40 domain ///
>     str60 evidence_type str244 measurement_note str24 unit ///
>     long n double total double mean double sd double median long missing_n //
> /
>     using `s10_metrics', replace
(file
    C:\Users\jzava\AppData\Local\Temp\stata_worker_default_7505d64a54_74609fe
    > 5bb_p9v2kmuv\ST_9a18_000086.tmp not found)

. 
. * Capacity: Respondent capacity
. quietly summarize idx_respondent_capacity, detail

. post `s10_post' ("idx_respondent_capacity") ("Respondent capacity") ("Capacit
> y") ///
>     ("Self-reported characteristics / literacy") ("Existing locked index; mea
> n of available components. See Annex B. Not a programme outcome.") ("Score (0
> -1)") ///
>     (r(N)) (cond(r(N)>0, r(sum), .)) (r(mean)) (r(sd)) (r(p50)) (_N-r(N))

. 
. * Capacity: Institutional functioning
. quietly summarize idx_institutional_functioning, detail

. post `s10_post' ("idx_institutional_functioning") ("Institutional functioning
> ") ("Capacity") ///
>     ("Mixed survey evidence") ("Existing locked index; mean of available comp
> onents. See Annex B. Not a programme outcome.") ("Score (0-1)") ///
>     (r(N)) (cond(r(N)>0, r(sum), .)) (r(mean)) (r(sd)) (r(p50)) (_N-r(N))

. 
. * Capacity: Legal and classification knowledge
. quietly summarize idx_legal_classif_knowledge, detail

. post `s10_post' ("idx_legal_classif_knowledge") ("Legal and classification kn
> owledge") ("Capacity") ///
>     ("Objectively scored knowledge / vignettes") ("Existing locked index; mea
> n of available components. See Annex B. Not a programme outcome.") ("Score (0
> -1)") ///
>     (r(N)) (cond(r(N)>0, r(sum), .)) (r(mean)) (r(sd)) (r(p50)) (_N-r(N))

. 
. * Capacity: ADR and mediation practice
. quietly summarize idx_adr_mediation_practice, detail

. post `s10_post' ("idx_adr_mediation_practice") ("ADR and mediation practice")
>  ("Capacity") ///
>     ("Mixed survey evidence") ("Existing locked index; mean of available comp
> onents. See Annex B. Not a programme outcome.") ("Score (0-1)") ///
>     (r(N)) (cond(r(N)>0, r(sum), .)) (r(mean)) (r(sd)) (r(p50)) (_N-r(N))

. 
. * Capacity: Referral practice
. quietly summarize idx_referral_practice, detail

. post `s10_post' ("idx_referral_practice") ("Referral practice") ("Capacity") 
> ///
>     ("Mixed survey evidence") ("Existing locked index; mean of available comp
> onents. See Annex B. Not a programme outcome.") ("Score (0-1)") ///
>     (r(N)) (cond(r(N)>0, r(sum), .)) (r(mean)) (r(sd)) (r(p50)) (_N-r(N))

. 
. * Capacity: Record quality
. quietly summarize idx_record_quality, detail

. post `s10_post' ("idx_record_quality") ("Record quality") ("Capacity") ///
>     ("Mixed survey evidence") ("Existing locked index; mean of available comp
> onents. See Annex B. Not a programme outcome.") ("Score (0-1)") ///
>     (r(N)) (cond(r(N)>0, r(sum), .)) (r(mean)) (r(sd)) (r(p50)) (_N-r(N))

. 
. * Capacity: Committee functioning
. quietly summarize idx_committee_functioning, detail

. post `s10_post' ("idx_committee_functioning") ("Committee functioning") ("Cap
> acity") ///
>     ("Mixed survey evidence") ("Existing locked index; mean of available comp
> onents. See Annex B. Not a programme outcome.") ("Score (0-1)") ///
>     (r(N)) (cond(r(N)>0, r(sum), .)) (r(mean)) (r(sd)) (r(p50)) (_N-r(N))

. 
. * Capacity: Chairperson-perceived legitimacy
. quietly summarize idx_perceived_legitimacy, detail

. post `s10_post' ("idx_perceived_legitimacy") ("Chairperson-perceived legitima
> cy") ("Capacity") ///
>     ("Perception / confidence / attitude") ("Existing locked index; mean of a
> vailable components. See Annex B. Not a programme outcome.") ("Score (0-1)") 
> ///
>     (r(N)) (cond(r(N)>0, r(sum), .)) (r(mean)) (r(sd)) (r(p50)) (_N-r(N))

. 
. * Capacity: Safeguards knowledge and perceived special-handling need
. quietly summarize idx_safeguards, detail

. post `s10_post' ("idx_safeguards") ("Safeguards knowledge and perceived speci
> al-handling need") ("Capacity") ///
>     ("Scored knowledge / perceived need") ("Existing locked index; mean of av
> ailable components. See Annex B. Not a programme outcome.") ("Score (0-1)") /
> //
>     (r(N)) (cond(r(N)>0, r(sum), .)) (r(mean)) (r(sd)) (r(p50)) (_N-r(N))

. 
. * Capacity: Chairperson reintegration norms
. quietly summarize idx_reintegration_norms, detail

. post `s10_post' ("idx_reintegration_norms") ("Chairperson reintegration norms
> ") ("Capacity") ///
>     ("Perception / confidence / attitude") ("Existing locked index; mean of a
> vailable components. See Annex B. Not a programme outcome.") ("Score (0-1)") 
> ///
>     (r(N)) (cond(r(N)>0, r(sum), .)) (r(mean)) (r(sd)) (r(p50)) (_N-r(N))

. 
. * Capacity: Operational capacity
. quietly summarize idx_lcc_operational_capacity, detail

. post `s10_post' ("idx_lcc_operational_capacity") ("Operational capacity") ("C
> apacity") ///
>     ("Mixed survey evidence") ("Existing locked index; mean of available comp
> onents. See Annex B. Not a programme outcome.") ("Score (0-1)") ///
>     (r(N)) (cond(r(N)>0, r(sum), .)) (r(mean)) (r(sd)) (r(p50)) (_N-r(N))

. 
. * Capacity: Case-handling quality
. quietly summarize idx_lcc_case_handling_quality, detail

. post `s10_post' ("idx_lcc_case_handling_quality") ("Case-handling quality") (
> "Capacity") ///
>     ("Mixed survey evidence") ("Existing locked index; mean of available comp
> onents. See Annex B. Not a programme outcome.") ("Score (0-1)") ///
>     (r(N)) (cond(r(N)>0, r(sum), .)) (r(mean)) (r(sd)) (r(p50)) (_N-r(N))

. 
. * Capacity: Legitimacy and reintegration composite
. quietly summarize idx_lcc_legitimacy_and_norms, detail

. post `s10_post' ("idx_lcc_legitimacy_and_norms") ("Legitimacy and reintegrati
> on composite") ("Capacity") ///
>     ("Mixed survey evidence") ("Existing locked index; mean of available comp
> onents. See Annex B. Not a programme outcome.") ("Score (0-1)") ///
>     (r(N)) (cond(r(N)>0, r(sum), .)) (r(mean)) (r(sd)) (r(p50)) (_N-r(N))

. 
. * Capacity: Baseline mentor-readiness diagnostic
. quietly summarize idx_p1_base_mentor_ready_proxy, detail

. post `s10_post' ("idx_p1_base_mentor_ready_proxy") ("Baseline mentor-readines
> s diagnostic") ("Capacity") ///
>     ("Mixed survey evidence") ("Existing locked index; mean of available comp
> onents. See Annex B. Not a programme outcome.") ("Score (0-1)") ///
>     (r(N)) (cond(r(N)>0, r(sum), .)) (r(mean)) (r(sd)) (r(p50)) (_N-r(N))

. 
. * Readiness: Operational capacity at least 0.75
. quietly summarize high_operational_capacity, detail

. post `s10_post' ("high_operational_capacity") ("Operational capacity at least
>  0.75") ("Readiness") ///
>     ("Composite diagnostic") ("Existing >=0.75 descriptive threshold; not ass
> essed graduates or final mentor eligibility.") ("Proportion (0-1)") ///
>     (r(N)) (cond(r(N)>0, r(sum), .)) (r(mean)) (r(sd)) (r(p50)) (_N-r(N))

. 
. * Readiness: Case-handling quality at least 0.75
. quietly summarize high_case_handling_quality, detail

. post `s10_post' ("high_case_handling_quality") ("Case-handling quality at lea
> st 0.75") ("Readiness") ///
>     ("Composite diagnostic") ("Existing >=0.75 descriptive threshold; not ass
> essed graduates or final mentor eligibility.") ("Proportion (0-1)") ///
>     (r(N)) (cond(r(N)>0, r(sum), .)) (r(mean)) (r(sd)) (r(p50)) (_N-r(N))

. 
. * Readiness: Legitimacy and norms at least 0.75
. quietly summarize high_legitimacy_norms, detail

. post `s10_post' ("high_legitimacy_norms") ("Legitimacy and norms at least 0.7
> 5") ("Readiness") ///
>     ("Composite diagnostic") ("Existing >=0.75 descriptive threshold; not ass
> essed graduates or final mentor eligibility.") ("Proportion (0-1)") ///
>     (r(N)) (cond(r(N)>0, r(sum), .)) (r(mean)) (r(sd)) (r(p50)) (_N-r(N))

. 
. * Readiness: Baseline mentor proxy at least 0.75
. quietly summarize high_mentor_readiness_proxy, detail

. post `s10_post' ("high_mentor_readiness_proxy") ("Baseline mentor proxy at le
> ast 0.75") ("Readiness") ///
>     ("Composite diagnostic") ("Existing >=0.75 descriptive threshold; not ass
> essed graduates or final mentor eligibility.") ("Proportion (0-1)") ///
>     (r(N)) (cond(r(N)>0, r(sum), .)) (r(mean)) (r(sd)) (r(p50)) (_N-r(N))

. 
. * Caseload: Cases received in past 30 days
. quietly summarize caseload_30d, detail

. post `s10_post' ("caseload_30d") ("Cases received in past 30 days") ("Caseloa
> d") ///
>     ("Chairperson-reported case counts") ("Available responses only; no missi
> ng-to-zero replacement. Period and case scope differ across measures.") ("Cas
> es") ///
>     (r(N)) (cond(r(N)>0, r(sum), .)) (r(mean)) (r(sd)) (r(p50)) (_N-r(N))

. 
. * Caseload: Cases received in past 3 months
. quietly summarize caseload_3m, detail

. post `s10_post' ("caseload_3m") ("Cases received in past 3 months") ("Caseloa
> d") ///
>     ("Chairperson-reported case counts") ("Available responses only; no missi
> ng-to-zero replacement. Period and case scope differ across measures.") ("Cas
> es") ///
>     (r(N)) (cond(r(N)>0, r(sum), .)) (r(mean)) (r(sd)) (r(p50)) (_N-r(N))

. 
. * Caseload: Cases currently pending or unresolved
. quietly summarize pending_cases, detail

. post `s10_post' ("pending_cases") ("Cases currently pending or unresolved") (
> "Caseload") ///
>     ("Chairperson-reported case counts") ("Available responses only; no missi
> ng-to-zero replacement. Period and case scope differ across measures.") ("Cas
> es") ///
>     (r(N)) (cond(r(N)>0, r(sum), .)) (r(mean)) (r(sd)) (r(p50)) (_N-r(N))

. 
. * Caseload: Reported community-brought cases - respondent scope ambiguous
. quietly summarize directly_brought_cases_3m, detail

. post `s10_post' ("directly_brought_cases_3m") ("Reported community-brought ca
> ses - respondent scope ambiguous") ("Caseload") ///
>     ("Chairperson-reported case counts") ("Available responses only; no missi
> ng-to-zero replacement. Period and case scope differ across measures.") ("Cas
> es") ///
>     (r(N)) (cond(r(N)>0, r(sum), .)) (r(mean)) (r(sd)) (r(p50)) (_N-r(N))

. 
. * Caseload: Reported inbound referrals in past 3 months
. quietly summarize referred_to_lcc_cases_3m, detail

. post `s10_post' ("referred_to_lcc_cases_3m") ("Reported inbound referrals in 
> past 3 months") ("Caseload") ///
>     ("Chairperson-reported case counts") ("Available responses only; no missi
> ng-to-zero replacement. Period and case scope differ across measures.") ("Cas
> es") ///
>     (r(N)) (cond(r(N)>0, r(sum), .)) (r(mean)) (r(sd)) (r(p50)) (_N-r(N))

. 
. * Caseload: Reported onward referrals in past 3 months
. quietly summarize referred_onward_cases_3m, detail

. post `s10_post' ("referred_onward_cases_3m") ("Reported onward referrals in p
> ast 3 months") ("Caseload") ///
>     ("Chairperson-reported case counts") ("Available responses only; no missi
> ng-to-zero replacement. Period and case scope differ across measures.") ("Cas
> es") ///
>     (r(N)) (cond(r(N)>0, r(sum), .)) (r(mean)) (r(sd)) (r(p50)) (_N-r(N))

. 
. * Case ratios: Current pending stock divided by recent 3-month inflow
. quietly summarize pending_share_3m, detail

. post `s10_post' ("pending_share_3m") ("Current pending stock divided by recen
> t 3-month inflow") ("Case ratios") ///
>     ("Self-reported practice") ("Existing ratio/ordinal score; not a verified
>  resolution or diversion rate.") ("Score (0-1)") ///
>     (r(N)) (cond(r(N)>0, r(sum), .)) (r(mean)) (r(sd)) (r(p50)) (_N-r(N))

. 
. * Case ratios: Ordinal petty-case composition score
. quietly summarize petty_case_share_score, detail

. post `s10_post' ("petty_case_share_score") ("Ordinal petty-case composition s
> core") ("Case ratios") ///
>     ("Self-reported practice") ("Existing ratio/ordinal score; not a verified
>  resolution or diversion rate.") ("Score (0-1)") ///
>     (r(N)) (cond(r(N)>0, r(sum), .)) (r(mean)) (r(sd)) (r(p50)) (_N-r(N))

. 
. * Referral: Prior formal coordination
. quietly summarize prior_formal_coordination, detail

. post `s10_post' ("prior_formal_coordination") ("Prior formal coordination") (
> "Referral") ///
>     ("Self-reported prior exposure") ("Separate cross-sectional items; not a 
> longitudinal referral funnel or administrative case flow.") ("Proportion (0-1
> )") ///
>     (r(N)) (cond(r(N)>0, r(sum), .)) (r(mean)) (r(sd)) (r(p50)) (_N-r(N))

. 
. * Referral: Reported referral frequency
. quietly summarize referral_frequency_score, detail

. post `s10_post' ("referral_frequency_score") ("Reported referral frequency") 
> ("Referral") ///
>     ("Self-reported practice") ("Separate cross-sectional items; not a longit
> udinal referral funnel or administrative case flow.") ("Score (0-1)") ///
>     (r(N)) (cond(r(N)>0, r(sum), .)) (r(mean)) (r(sd)) (r(p50)) (_N-r(N))

. 
. * Referral: Reported referral documentation
. quietly summarize referral_documentation_score, detail

. post `s10_post' ("referral_documentation_score") ("Reported referral document
> ation") ("Referral") ///
>     ("Self-reported practice") ("Separate cross-sectional items; not a longit
> udinal referral funnel or administrative case flow.") ("Score (0-1)") ///
>     (r(N)) (cond(r(N)>0, r(sum), .)) (r(mean)) (r(sd)) (r(p50)) (_N-r(N))

. 
. * Referral: Reported receiving-authority feedback
. quietly summarize referral_feedback_score, detail

. post `s10_post' ("referral_feedback_score") ("Reported receiving-authority fe
> edback") ("Referral") ///
>     ("Self-reported practice") ("Separate cross-sectional items; not a longit
> udinal referral funnel or administrative case flow.") ("Score (0-1)") ///
>     (r(N)) (cond(r(N)>0, r(sum), .)) (r(mean)) (r(sd)) (r(p50)) (_N-r(N))

. 
. * Referral: Perceived ease of police coordination
. quietly summarize police_coordination_score, detail

. post `s10_post' ("police_coordination_score") ("Perceived ease of police coor
> dination") ("Referral") ///
>     ("Perception / confidence / attitude") ("Normalized ordinal response, not
>  objective referral performance.") ("Score (0-1)") ///
>     (r(N)) (cond(r(N)>0, r(sum), .)) (r(mean)) (r(sd)) (r(p50)) (_N-r(N))

. 
. * Referral: Perceived ease of court coordination
. quietly summarize court_coordination_score, detail

. post `s10_post' ("court_coordination_score") ("Perceived ease of court coordi
> nation") ("Referral") ///
>     ("Perception / confidence / attitude") ("Normalized ordinal response, not
>  objective referral performance.") ("Score (0-1)") ///
>     (r(N)) (cond(r(N)>0, r(sum), .)) (r(mean)) (r(sd)) (r(p50)) (_N-r(N))

. 
. * Referral: Confidence knowing where to refer
. quietly summarize referral_path_conf_score, detail

. post `s10_post' ("referral_path_conf_score") ("Confidence knowing where to re
> fer") ("Referral") ///
>     ("Perception / confidence / attitude") ("Normalized ordinal response, not
>  objective referral performance.") ("Score (0-1)") ///
>     (r(N)) (cond(r(N)>0, r(sum), .)) (r(mean)) (r(sd)) (r(p50)) (_N-r(N))

. 
. * Referral: Confidence explaining referral
. quietly summarize referral_explain_conf_score, detail

. post `s10_post' ("referral_explain_conf_score") ("Confidence explaining refer
> ral") ("Referral") ///
>     ("Perception / confidence / attitude") ("Normalized ordinal response, not
>  objective referral performance.") ("Score (0-1)") ///
>     (r(N)) (cond(r(N)>0, r(sum), .)) (r(mean)) (r(sd)) (r(p50)) (_N-r(N))

. 
. * Referral: Verified referral record score
. quietly summarize verified_referral_record_score, detail

. post `s10_post' ("verified_referral_record_score") ("Verified referral record
>  score") ("Referral") ///
>     ("Verified / enumerator-observed") ("Conditional observed records; cannot
>  generalize verification to all selected-list LCs.") ("Score (0-1)") ///
>     (r(N)) (cond(r(N)>0, r(sum), .)) (r(mean)) (r(sd)) (r(p50)) (_N-r(N))

. 
. * Referral: Verified referral destination score
. quietly summarize verified_ref_dest_score, detail

. post `s10_post' ("verified_ref_dest_score") ("Verified referral destination s
> core") ("Referral") ///
>     ("Verified / enumerator-observed") ("Conditional observed records; cannot
>  generalize verification to all selected-list LCs.") ("Score (0-1)") ///
>     (r(N)) (cond(r(N)>0, r(sum), .)) (r(mean)) (r(sd)) (r(p50)) (_N-r(N))

. 
. * ADR: Reported agreement documentation
. quietly summarize m5_q06_score, detail

. post `s10_post' ("m5_q06_score") ("Reported agreement documentation") ("ADR")
>  ///
>     ("Self-reported practice") ("Ordinal frequency normalized to 0-1; not a v
> erified case-resolution or compliance rate.") ("Score (0-1)") ///
>     (r(N)) (cond(r(N)>0, r(sum), .)) (r(mean)) (r(sd)) (r(p50)) (_N-r(N))

. 
. * ADR: Reported follow-up of mediated agreements
. quietly summarize m5_q07_score, detail

. post `s10_post' ("m5_q07_score") ("Reported follow-up of mediated agreements"
> ) ("ADR") ///
>     ("Self-reported practice") ("Ordinal frequency normalized to 0-1; not a v
> erified case-resolution or compliance rate.") ("Score (0-1)") ///
>     (r(N)) (cond(r(N)>0, r(sum), .)) (r(mean)) (r(sd)) (r(p50)) (_N-r(N))

. 
. * ADR: Reported frequency of agreement compliance
. quietly summarize m5_q14_score, detail

. post `s10_post' ("m5_q14_score") ("Reported frequency of agreement compliance
> ") ("ADR") ///
>     ("Self-reported practice") ("Ordinal frequency normalized to 0-1; not a v
> erified case-resolution or compliance rate.") ("Score (0-1)") ///
>     (r(N)) (cond(r(N)>0, r(sum), .)) (r(mean)) (r(sd)) (r(p50)) (_N-r(N))

. 
. * ADR: Perceived prevention of escalation to police or courts
. quietly summarize m5_q16_score, detail

. post `s10_post' ("m5_q16_score") ("Perceived prevention of escalation to poli
> ce or courts") ("ADR") ///
>     ("Perception / confidence / attitude") ("Assessment normalized to 0-1; no
> t avoided formal-system entries or a causal estimate.") ("Score (0-1)") ///
>     (r(N)) (cond(r(N)>0, r(sum), .)) (r(mean)) (r(sd)) (r(p50)) (_N-r(N))

. 
. * Legitimacy: Chairperson-perceived LCC fairness
. quietly summarize perceived_lcc_fairness_score, detail

. post `s10_post' ("perceived_lcc_fairness_score") ("Chairperson-perceived LCC 
> fairness") ("Legitimacy") ///
>     ("Perception / confidence / attitude") ("LC chairperson perceptions, not 
> direct community respondents.") ("Score (0-1)") ///
>     (r(N)) (cond(r(N)>0, r(sum), .)) (r(mean)) (r(sd)) (r(p50)) (_N-r(N))

. 
. * Legitimacy: Perceived willingness of community to use LCC
. quietly summarize perc_willing_use_lcc_score, detail

. post `s10_post' ("perc_willing_use_lcc_score") ("Perceived willingness of com
> munity to use LCC") ("Legitimacy") ///
>     ("Perception / confidence / attitude") ("LC chairperson perceptions, not 
> direct community respondents.") ("Score (0-1)") ///
>     (r(N)) (cond(r(N)>0, r(sum), .)) (r(mean)) (r(sd)) (r(p50)) (_N-r(N))

. 
. * Legitimacy: Low perceived bypassing
. quietly summarize low_bypass_score, detail

. post `s10_post' ("low_bypass_score") ("Low perceived bypassing") ("Legitimacy
> ") ///
>     ("Perception / confidence / attitude") ("LC chairperson perceptions, not 
> direct community respondents.") ("Score (0-1)") ///
>     (r(N)) (cond(r(N)>0, r(sum), .)) (r(mean)) (r(sd)) (r(p50)) (_N-r(N))

. 
. * Legitimacy: Low perceived favoritism
. quietly summarize low_favoritism_influence_score, detail

. post `s10_post' ("low_favoritism_influence_score") ("Low perceived favoritism
> ") ("Legitimacy") ///
>     ("Perception / confidence / attitude") ("LC chairperson perceptions, not 
> direct community respondents.") ("Score (0-1)") ///
>     (r(N)) (cond(r(N)>0, r(sum), .)) (r(mean)) (r(sd)) (r(p50)) (_N-r(N))

. 
. * Legitimacy: Confidence maintaining trust when referring
. quietly summarize conf_trust_when_referring, detail

. post `s10_post' ("conf_trust_when_referring") ("Confidence maintaining trust 
> when referring") ("Legitimacy") ///
>     ("Perception / confidence / attitude") ("LC chairperson perceptions, not 
> direct community respondents.") ("Score (0-1)") ///
>     (r(N)) (cond(r(N)>0, r(sum), .)) (r(mean)) (r(sd)) (r(p50)) (_N-r(N))

. 
. * Legitimacy: Confidence in fair and respectful handling
. quietly summarize conf_fair_respect_score, detail

. post `s10_post' ("conf_fair_respect_score") ("Confidence in fair and respectf
> ul handling") ("Legitimacy") ///
>     ("Perception / confidence / attitude") ("LC chairperson perceptions, not 
> direct community respondents.") ("Score (0-1)") ///
>     (r(N)) (cond(r(N)>0, r(sum), .)) (r(mean)) (r(sd)) (r(p50)) (_N-r(N))

. 
. * Reintegration: Importance of reintegration support
. quietly summarize reintegration_importance_score, detail

. post `s10_post' ("reintegration_importance_score") ("Importance of reintegrat
> ion support") ("Reintegration") ///
>     ("Perception / confidence / attitude") ("Chairperson norms or assessments
> ; not outcomes experienced by former prisoners.") ("Score (0-1)") ///
>     (r(N)) (cond(r(N)>0, r(sum), .)) (r(mean)) (r(sd)) (r(p50)) (_N-r(N))

. 
. * Reintegration: Willingness to support peaceful return
. quietly summarize reintegration_willingness_score, detail

. post `s10_post' ("reintegration_willingness_score") ("Willingness to support 
> peaceful return") ("Reintegration") ///
>     ("Perception / confidence / attitude") ("Chairperson norms or assessments
> ; not outcomes experienced by former prisoners.") ("Score (0-1)") ///
>     (r(N)) (cond(r(N)>0, r(sum), .)) (r(mean)) (r(sd)) (r(p50)) (_N-r(N))

. 
. * Reintegration: Fair-chance reintegration norm
. quietly summarize fair_chance_reintegration_score, detail

. post `s10_post' ("fair_chance_reintegration_score") ("Fair-chance reintegrati
> on norm") ("Reintegration") ///
>     ("Perception / confidence / attitude") ("Chairperson norms or assessments
> ; not outcomes experienced by former prisoners.") ("Score (0-1)") ///
>     (r(N)) (cond(r(N)>0, r(sum), .)) (r(mean)) (r(sd)) (r(p50)) (_N-r(N))

. 
. * Reintegration: Low exclusion norm
. quietly summarize low_exclusion_norm_score, detail

. post `s10_post' ("low_exclusion_norm_score") ("Low exclusion norm") ("Reinteg
> ration") ///
>     ("Perception / confidence / attitude") ("Chairperson norms or assessments
> ; not outcomes experienced by former prisoners.") ("Score (0-1)") ///
>     (r(N)) (cond(r(N)>0, r(sum), .)) (r(mean)) (r(sd)) (r(p50)) (_N-r(N))

. 
. * Reintegration: Low reoffending stigma
. quietly summarize low_reoffending_stigma_score, detail

. post `s10_post' ("low_reoffending_stigma_score") ("Low reoffending stigma") (
> "Reintegration") ///
>     ("Perception / confidence / attitude") ("Chairperson norms or assessments
> ; not outcomes experienced by former prisoners.") ("Score (0-1)") ///
>     (r(N)) (cond(r(N)>0, r(sum), .)) (r(mean)) (r(sd)) (r(p50)) (_N-r(N))

. 
. * Reintegration: Willingness to connect returnees to support
. quietly summarize connect_support_willing_score, detail

. post `s10_post' ("connect_support_willing_score") ("Willingness to connect re
> turnees to support") ("Reintegration") ///
>     ("Perception / confidence / attitude") ("Chairperson norms or assessments
> ; not outcomes experienced by former prisoners.") ("Score (0-1)") ///
>     (r(N)) (cond(r(N)>0, r(sum), .)) (r(mean)) (r(sd)) (r(p50)) (_N-r(N))

. 
. * Reintegration: Reintegration support viewed as leadership role
. quietly summarize reint_comm_justice_role, detail

. post `s10_post' ("reint_comm_justice_role") ("Reintegration support viewed as
>  leadership role") ("Reintegration") ///
>     ("Perception / confidence / attitude") ("Chairperson norms or assessments
> ; not outcomes experienced by former prisoners.") ("Proportion (0-1)") ///
>     (r(N)) (cond(r(N)>0, r(sum), .)) (r(mean)) (r(sd)) (r(p50)) (_N-r(N))

. 
. * Reintegration: Confidence reducing reintegration tensions
. quietly summarize reint_tension_conf_score, detail

. post `s10_post' ("reint_tension_conf_score") ("Confidence reducing reintegrat
> ion tensions") ("Reintegration") ///
>     ("Perception / confidence / attitude") ("Chairperson norms or assessments
> ; not outcomes experienced by former prisoners.") ("Score (0-1)") ///
>     (r(N)) (cond(r(N)>0, r(sum), .)) (r(mean)) (r(sd)) (r(p50)) (_N-r(N))

. 
. * Reintegration: Confidence referring returnees for support
. quietly summarize reint_referral_conf_score, detail

. post `s10_post' ("reint_referral_conf_score") ("Confidence referring returnee
> s for support") ("Reintegration") ///
>     ("Perception / confidence / attitude") ("Chairperson norms or assessments
> ; not outcomes experienced by former prisoners.") ("Score (0-1)") ///
>     (r(N)) (cond(r(N)>0, r(sum), .)) (r(mean)) (r(sd)) (r(p50)) (_N-r(N))

. 
. * Reintegration: Reported reintegration issue in past 6 months
. quietly summarize recent_reintegration_issue, detail

. post `s10_post' ("recent_reintegration_issue") ("Reported reintegration issue
>  in past 6 months") ("Reintegration") ///
>     ("Self-reported practice") ("Six-month recall; distinct from the conditio
> nal three-month case-type universe.") ("Proportion (0-1)") ///
>     (r(N)) (cond(r(N)>0, r(sum), .)) (r(mean)) (r(sd)) (r(p50)) (_N-r(N))

. 
. * Useful reintegration support: Family and community acceptance
. quietly summarize m11_q10_1, detail

. post `s10_post' ("m11_q10_1") ("Family and community acceptance") ("Useful re
> integration support") ///
>     ("Perception / confidence / attitude") ("Multiple-response: share of chai
> rpersons selecting option; not share of former prisoners or cases.") ("Propor
> tion (0-1)") ///
>     (r(N)) (cond(r(N)>0, r(sum), .)) (r(mean)) (r(sd)) (r(p50)) (_N-r(N))

. 
. * Useful reintegration support: Livelihood opportunities
. quietly summarize m11_q10_2, detail

. post `s10_post' ("m11_q10_2") ("Livelihood opportunities") ("Useful reintegra
> tion support") ///
>     ("Perception / confidence / attitude") ("Multiple-response: share of chai
> rpersons selecting option; not share of former prisoners or cases.") ("Propor
> tion (0-1)") ///
>     (r(N)) (cond(r(N)>0, r(sum), .)) (r(mean)) (r(sd)) (r(p50)) (_N-r(N))

. 
. * Useful reintegration support: Psychosocial or emotional support
. quietly summarize m11_q10_3, detail

. post `s10_post' ("m11_q10_3") ("Psychosocial or emotional support") ("Useful 
> reintegration support") ///
>     ("Perception / confidence / attitude") ("Multiple-response: share of chai
> rpersons selecting option; not share of former prisoners or cases.") ("Propor
> tion (0-1)") ///
>     (r(N)) (cond(r(N)>0, r(sum), .)) (r(mean)) (r(sd)) (r(p50)) (_N-r(N))

. 
. * Useful reintegration support: Family or community mediation
. quietly summarize m11_q10_4, detail

. post `s10_post' ("m11_q10_4") ("Family or community mediation") ("Useful rein
> tegration support") ///
>     ("Perception / confidence / attitude") ("Multiple-response: share of chai
> rpersons selecting option; not share of former prisoners or cases.") ("Propor
> tion (0-1)") ///
>     (r(N)) (cond(r(N)>0, r(sum), .)) (r(mean)) (r(sd)) (r(p50)) (_N-r(N))

. 
. * Useful reintegration support: LC or community leader support
. quietly summarize m11_q10_5, detail

. post `s10_post' ("m11_q10_5") ("LC or community leader support") ("Useful rei
> ntegration support") ///
>     ("Perception / confidence / attitude") ("Multiple-response: share of chai
> rpersons selecting option; not share of former prisoners or cases.") ("Propor
> tion (0-1)") ///
>     (r(N)) (cond(r(N)>0, r(sum), .)) (r(mean)) (r(sd)) (r(p50)) (_N-r(N))

. 
. * Useful reintegration support: Religious or cultural leader support
. quietly summarize m11_q10_6, detail

. post `s10_post' ("m11_q10_6") ("Religious or cultural leader support") ("Usef
> ul reintegration support") ///
>     ("Perception / confidence / attitude") ("Multiple-response: share of chai
> rpersons selecting option; not share of former prisoners or cases.") ("Propor
> tion (0-1)") ///
>     (r(N)) (cond(r(N)>0, r(sum), .)) (r(mean)) (r(sd)) (r(p50)) (_N-r(N))

. 
. * Useful reintegration support: Legal or administrative support
. quietly summarize m11_q10_7, detail

. post `s10_post' ("m11_q10_7") ("Legal or administrative support") ("Useful re
> integration support") ///
>     ("Perception / confidence / attitude") ("Multiple-response: share of chai
> rpersons selecting option; not share of former prisoners or cases.") ("Propor
> tion (0-1)") ///
>     (r(N)) (cond(r(N)>0, r(sum), .)) (r(mean)) (r(sd)) (r(p50)) (_N-r(N))

. 
. * Useful reintegration support: Skills training or education
. quietly summarize m11_q10_8, detail

. post `s10_post' ("m11_q10_8") ("Skills training or education") ("Useful reint
> egration support") ///
>     ("Perception / confidence / attitude") ("Multiple-response: share of chai
> rpersons selecting option; not share of former prisoners or cases.") ("Propor
> tion (0-1)") ///
>     (r(N)) (cond(r(N)>0, r(sum), .)) (r(mean)) (r(sd)) (r(p50)) (_N-r(N))

. 
. * Perceived reintegration barriers: Fear of reoffending
. quietly summarize m11_q12_1, detail

. post `s10_post' ("m11_q12_1") ("Fear of reoffending") ("Perceived reintegrati
> on barriers") ///
>     ("Perception / confidence / attitude") ("Multiple-response: share of chai
> rpersons selecting option; not share of former prisoners or cases.") ("Propor
> tion (0-1)") ///
>     (r(N)) (cond(r(N)>0, r(sum), .)) (r(mean)) (r(sd)) (r(p50)) (_N-r(N))

. 
. * Perceived reintegration barriers: Fear of violence or conflict
. quietly summarize m11_q12_2, detail

. post `s10_post' ("m11_q12_2") ("Fear of violence or conflict") ("Perceived re
> integration barriers") ///
>     ("Perception / confidence / attitude") ("Multiple-response: share of chai
> rpersons selecting option; not share of former prisoners or cases.") ("Propor
> tion (0-1)") ///
>     (r(N)) (cond(r(N)>0, r(sum), .)) (r(mean)) (r(sd)) (r(p50)) (_N-r(N))

. 
. * Perceived reintegration barriers: Shame or stigma
. quietly summarize m11_q12_3, detail

. post `s10_post' ("m11_q12_3") ("Shame or stigma") ("Perceived reintegration b
> arriers") ///
>     ("Perception / confidence / attitude") ("Multiple-response: share of chai
> rpersons selecting option; not share of former prisoners or cases.") ("Propor
> tion (0-1)") ///
>     (r(N)) (cond(r(N)>0, r(sum), .)) (r(mean)) (r(sd)) (r(p50)) (_N-r(N))

. 
. * Perceived reintegration barriers: Lack of trust
. quietly summarize m11_q12_4, detail

. post `s10_post' ("m11_q12_4") ("Lack of trust") ("Perceived reintegration bar
> riers") ///
>     ("Perception / confidence / attitude") ("Multiple-response: share of chai
> rpersons selecting option; not share of former prisoners or cases.") ("Propor
> tion (0-1)") ///
>     (r(N)) (cond(r(N)>0, r(sum), .)) (r(mean)) (r(sd)) (r(p50)) (_N-r(N))

. 
. * Perceived reintegration barriers: Unresolved victim or family relationships
. quietly summarize m11_q12_5, detail

. post `s10_post' ("m11_q12_5") ("Unresolved victim or family relationships") (
> "Perceived reintegration barriers") ///
>     ("Perception / confidence / attitude") ("Multiple-response: share of chai
> rpersons selecting option; not share of former prisoners or cases.") ("Propor
> tion (0-1)") ///
>     (r(N)) (cond(r(N)>0, r(sum), .)) (r(mean)) (r(sd)) (r(p50)) (_N-r(N))

. 
. * Perceived reintegration barriers: Lack of livelihood
. quietly summarize m11_q12_6, detail

. post `s10_post' ("m11_q12_6") ("Lack of livelihood") ("Perceived reintegratio
> n barriers") ///
>     ("Perception / confidence / attitude") ("Multiple-response: share of chai
> rpersons selecting option; not share of former prisoners or cases.") ("Propor
> tion (0-1)") ///
>     (r(N)) (cond(r(N)>0, r(sum), .)) (r(mean)) (r(sd)) (r(p50)) (_N-r(N))

. 
. * Perceived reintegration barriers: Weak support structures
. quietly summarize m11_q12_7, detail

. post `s10_post' ("m11_q12_7") ("Weak support structures") ("Perceived reinteg
> ration barriers") ///
>     ("Perception / confidence / attitude") ("Multiple-response: share of chai
> rpersons selecting option; not share of former prisoners or cases.") ("Propor
> tion (0-1)") ///
>     (r(N)) (cond(r(N)>0, r(sum), .)) (r(mean)) (r(sd)) (r(p50)) (_N-r(N))

. 
. * Perceived reintegration barriers: Lack of knowledge about reintegration sup
> port
. quietly summarize m11_q12_8, detail

. post `s10_post' ("m11_q12_8") ("Lack of knowledge about reintegration support
> ") ("Perceived reintegration barriers") ///
>     ("Perception / confidence / attitude") ("Multiple-response: share of chai
> rpersons selecting option; not share of former prisoners or cases.") ("Propor
> tion (0-1)") ///
>     (r(N)) (cond(r(N)>0, r(sum), .)) (r(mean)) (r(sd)) (r(p50)) (_N-r(N))

. postclose `s10_post'

. preserve

.     use `s10_metrics', clear

.     isid variable

.     assert n + missing_n == `primary_n'

.     assert missing(total) & missing(mean) if n == 0

.     format total mean sd median %12.6f

.     export excel using "`excel_ind'", sheet("section10_metrics", replace) fir
> strow(variables)
file C:\Users\jzava\AppData\Local\Temp\stata_worker_default_7505d64a54_74609fe5
> bb_p9v2kmuv//phase1_baseline_indicator_table.xlsx saved

. restore

. * Stock/flow diagnostic, not an automatic error: current pending cases can ha
> ve
. * arrived before the three-month inflow window. Do not subtract stock from in
> flow
. * to manufacture a count of resolved cases.
. putexcel set "`excel_ind'", sheet("section10_notes", replace) modify

. putexcel A1 = "Item" B1 = "Definition / interpretation"
file C:\Users\jzava\AppData\Local\Temp\stata_worker_default_7505d64a54_74609fe5
> bb_p9v2kmuv//phase1_baseline_indicator_table.xlsx saved

. putexcel A2 = "Population" B2 = "`primary_n' observed selected-list LCs from 
> the `frame_n'-unit original frame; all consented."
file C:\Users\jzava\AppData\Local\Temp\stata_worker_default_7505d64a54_74609fe5
> bb_p9v2kmuv//phase1_baseline_indicator_table.xlsx saved

. putexcel A3 = "Mean" B3 = "Sum of observed scores/counts divided by nonmissin
> g N; no imputation."
file C:\Users\jzava\AppData\Local\Temp\stata_worker_default_7505d64a54_74609fe5
> bb_p9v2kmuv//phase1_baseline_indicator_table.xlsx saved

. putexcel A4 = "Binary measure" B4 = "Total is the number selecting/meeting th
> e criterion; proportion = total/N."
file C:\Users\jzava\AppData\Local\Temp\stata_worker_default_7505d64a54_74609fe5
> bb_p9v2kmuv//phase1_baseline_indicator_table.xlsx saved

. putexcel A5 = "Ordinal score" B5 = "Mean of locked normalized scores, not a p
> ercentage of cases or people achieving an outcome."
file C:\Users\jzava\AppData\Local\Temp\stata_worker_default_7505d64a54_74609fe5
> bb_p9v2kmuv//phase1_baseline_indicator_table.xlsx saved

. putexcel A6 = "Total" B6 = "Sum across observed LC interviews only; missing i
> f N=0. Not population extrapolation."
file C:\Users\jzava\AppData\Local\Temp\stata_worker_default_7505d64a54_74609fe5
> bb_p9v2kmuv//phase1_baseline_indicator_table.xlsx saved

. putexcel A7 = "M3_Q09" B7 = "Reported community-brought cases - respondent sc
> ope ambiguous. Question excludes disputing parties; hint includes a party. No
> t formal diversion."
file C:\Users\jzava\AppData\Local\Temp\stata_worker_default_7505d64a54_74609fe5
> bb_p9v2kmuv//phase1_baseline_indicator_table.xlsx saved

. putexcel A8 = "Pending ratio" B8 = "Current pending stock/recent inflow; exis
> ting valid 0-1 ratios only. Not a closure rate."
file C:\Users\jzava\AppData\Local\Temp\stata_worker_default_7505d64a54_74609fe5
> bb_p9v2kmuv//phase1_baseline_indicator_table.xlsx saved

. putexcel A9 = "Petty composition" B9 = "M3_Q06 categories 0-5 divided by 5. U
> nequal response bands; do not multiply this score by caseload to estimate pet
> ty-case totals."
file C:\Users\jzava\AppData\Local\Temp\stata_worker_default_7505d64a54_74609fe5
> bb_p9v2kmuv//phase1_baseline_indicator_table.xlsx saved

. putexcel A10 = "Formal indicators" B10 = "Cross-sectional survey benchmarks c
> annot establish reduction/increase, remand, costs, formal-system flows, gradu
> ate performance, or replication."
file C:\Users\jzava\AppData\Local\Temp\stata_worker_default_7505d64a54_74609fe5
> bb_p9v2kmuv//phase1_baseline_indicator_table.xlsx saved

. quietly count if flag_pending_gt_3m == 1

. putexcel A11 = "Pending stock exceeds recent inflow: count" B11 = (r(N))
file C:\Users\jzava\AppData\Local\Temp\stata_worker_default_7505d64a54_74609fe5
> bb_p9v2kmuv//phase1_baseline_indicator_table.xlsx saved

. quietly count if !missing(flag_pending_gt_3m)

. putexcel A12 = "Pending stock/inflow comparison: N" B12 = (r(N))
file C:\Users\jzava\AppData\Local\Temp\stata_worker_default_7505d64a54_74609fe5
> bb_p9v2kmuv//phase1_baseline_indicator_table.xlsx saved

. putexcel A13 = "Missing referral counts" B13 = "M3_Q10/M3_Q12 have no observe
> d final values; blank totals are not zero."
file C:\Users\jzava\AppData\Local\Temp\stata_worker_default_7505d64a54_74609fe5
> bb_p9v2kmuv//phase1_baseline_indicator_table.xlsx saved

. putexcel A14 = "Readiness" B14 = "Existing >=0.75 diagnostic flags only. No a
> ssessed graduates, final mentor eligibility or ranking."
file C:\Users\jzava\AppData\Local\Temp\stata_worker_default_7505d64a54_74609fe5
> bb_p9v2kmuv//phase1_baseline_indicator_table.xlsx saved

. putexcel A15 = "Reproducibility" B15 = "Data Analysis do-file section 21a; fi
> nal phase1_baseline_analysis.dta; output sheets section10_metrics and section
> 10_crosswalk."
file C:\Users\jzava\AppData\Local\Temp\stata_worker_default_7505d64a54_74609fe5
> bb_p9v2kmuv//phase1_baseline_indicator_table.xlsx saved

. putexcel clear

. quietly datasignature

. assert "`r(datasignature)'" == "`s10_signature_before'"

. display as result "Section 10: N=`primary_n'; all input values unchanged; sur
> vey benchmarks exported."
Section 10: N=93; all input values unchanged; survey benchmarks exported.

. 
. * Slide codes are retained for traceability, not used to renumber the revised
>  SOW.
. putexcel set "`excel_ind'", sheet("section10_crosswalk", replace) modify

. putexcel A1 = "Slide 57 code" B1 = "Revised SOW code" C1 = "Indicator area" /
> //
>     D1 = "Survey variable" E1 = "Statistic" F1 = "Survey benchmark value" ///
>     G1 = "Observed N" H1 = "Relationship" I1 = "Limitation"
file C:\Users\jzava\AppData\Local\Temp\stata_worker_default_7505d64a54_74609fe5
> bb_p9v2kmuv//phase1_baseline_indicator_table.xlsx saved

. quietly summarize m5_q16_score, meanonly

. putexcel A2 = "0.0.1" B2 = "0.0.1" C2 = "Reduction in petty cases entering fo
> rmal justice" ///
>     D2 = "m5_q16_score" E2 = "mean" F2 = (r(mean)) ///
>     G2 = (r(N)) H2 = "Perception benchmark only" I2 = "Perceived prevention o
> f escalation; no formal-system inflow or change observed."
file C:\Users\jzava\AppData\Local\Temp\stata_worker_default_7505d64a54_74609fe5
> bb_p9v2kmuv//phase1_baseline_indicator_table.xlsx saved

. putexcel A3 = "0.0.2" B3 = "0.0.2" C3 = "Reduction of remandees" ///
>     D3 = "" E3 = "" F3 = "Not measured" ///
>     G3 = "Not applicable" H3 = "Not measured" I3 = "No prison population or r
> emand-status observations."
file C:\Users\jzava\AppData\Local\Temp\stata_worker_default_7505d64a54_74609fe5
> bb_p9v2kmuv//phase1_baseline_indicator_table.xlsx saved

. quietly summarize idx_reintegration_norms, meanonly

. putexcel A4 = "0.0.3" B4 = "0.0.3" C4 = "Favourable reintegration conditions"
>  ///
>     D4 = "idx_reintegration_norms" E4 = "mean" F4 = (r(mean)) ///
>     G4 = (r(N)) H4 = "Partial proxy" I4 = "Chairperson norms; not observed co
> nditions or reincarceration among former prisoners."
file C:\Users\jzava\AppData\Local\Temp\stata_worker_default_7505d64a54_74609fe5
> bb_p9v2kmuv//phase1_baseline_indicator_table.xlsx saved

. putexcel A5 = "0.0.4" B5 = "0.0.4 (cost)" C5 = "Cost per petty case diverted"
>  ///
>     D5 = "" E5 = "" F5 = "Not measured" ///
>     G5 = "Not applicable" H5 = "Not measured" I5 = "Neither programme costs n
> or attributable formal entries avoided are observed."
file C:\Users\jzava\AppData\Local\Temp\stata_worker_default_7505d64a54_74609fe5
> bb_p9v2kmuv//phase1_baseline_indicator_table.xlsx saved

. quietly summarize pending_cases, meanonly

. putexcel A6 = "0.0.5" B6 = "4.1.2" C6 = "Reduction in case backlog" ///
>     D6 = "pending_cases" E6 = "total" F6 = (cond(r(N)>0,r(sum),.)) ///
>     G6 = (r(N)) H6 = "Context benchmark only" I6 = "Current LC pending stock,
>  not formal-court backlog or its reduction."
file C:\Users\jzava\AppData\Local\Temp\stata_worker_default_7505d64a54_74609fe5
> bb_p9v2kmuv//phase1_baseline_indicator_table.xlsx saved

. quietly summarize idx_perceived_legitimacy, meanonly

. putexcel A7 = "0.0.6" B7 = "0.0.4 (confidence)" C7 = "Increased community con
> fidence" ///
>     D7 = "idx_perceived_legitimacy" E7 = "mean" F7 = (r(mean)) ///
>     G7 = (r(N)) H7 = "Partial proxy" I7 = "Chairperson perceptions, not commu
> nity respondents or change over time. Duplicate 0.0.4 in Scope of Work remain
> s unresolved."
file C:\Users\jzava\AppData\Local\Temp\stata_worker_default_7505d64a54_74609fe5
> bb_p9v2kmuv//phase1_baseline_indicator_table.xlsx saved

. quietly summarize caseload_3m, meanonly

. putexcel A8 = "1.1.1" B8 = "1.1.1" C8 = "Increase in petty cases resolved thr
> ough local ADR" ///
>     D8 = "caseload_3m" E8 = "total" F8 = (cond(r(N)>0,r(sum),.)) ///
>     G8 = (r(N)) H8 = "Context benchmark only" I8 = "Cases received of all typ
> es, not documented eligible petty-case resolutions."
file C:\Users\jzava\AppData\Local\Temp\stata_worker_default_7505d64a54_74609fe5
> bb_p9v2kmuv//phase1_baseline_indicator_table.xlsx saved

. quietly summarize directly_brought_cases_3m, meanonly

. putexcel A9 = "1.1.2" B9 = "1.1.2" C9 = "Increase in cases formally referred 
> to LCC ADR" ///
>     D9 = "directly_brought_cases_3m" E9 = "total" F9 = (cond(r(N)>0,r(sum),.)
> ) ///
>     G9 = (r(N)) H9 = "Context benchmark only" I9 = "Reported community-brough
> t cases: respondent scope ambiguous. Not formal diversion. Inbound referral c
> ounts have N=0."
file C:\Users\jzava\AppData\Local\Temp\stata_worker_default_7505d64a54_74609fe5
> bb_p9v2kmuv//phase1_baseline_indicator_table.xlsx saved

. putexcel A10 = "2.1" B10 = "2.1" C10 = "Reduction in time on remand" ///
>     D10 = "" E10 = "" F10 = "Not measured" ///
>     G10 = "Not applicable" H10 = "Not measured" I10 = "No individual remand d
> urations. Scope of Work unit is hours."
file C:\Users\jzava\AppData\Local\Temp\stata_worker_default_7505d64a54_74609fe5
> bb_p9v2kmuv//phase1_baseline_indicator_table.xlsx saved

. putexcel A11 = "3.1.4" B11 = "3.1.5" C11 = "Use of prison-acquired skills for
>  income after release" ///
>     D11 = "" E11 = "" F11 = "Not measured" ///
>     G11 = "Not applicable" H11 = "Not measured" I11 = "Chairpersons are not a
>  sample of trained released prisoners; no income or skills-use outcome."
file C:\Users\jzava\AppData\Local\Temp\stata_worker_default_7505d64a54_74609fe5
> bb_p9v2kmuv//phase1_baseline_indicator_table.xlsx saved

. quietly summarize prior_formal_coordination, meanonly

. putexcel A12 = "4.1.1" B12 = "4.1.1" C12 = "JLOS improvements linked to advoc
> acy" ///
>     D12 = "prior_formal_coordination" E12 = "mean" F12 = (r(mean)) ///
>     G12 = (r(N)) H12 = "Mechanism benchmark only" I12 = "Prior LC coordinatio
> n, not sector reform or an effect of advocacy."
file C:\Users\jzava\AppData\Local\Temp\stata_worker_default_7505d64a54_74609fe5
> bb_p9v2kmuv//phase1_baseline_indicator_table.xlsx saved

. quietly summarize high_mentor_readiness_proxy, meanonly

. putexcel A13 = "4.1.7" B13 = "Not located in revised SOW" C13 = "LC graduates
>  independently executing duties" ///
>     D13 = "high_mentor_readiness_proxy" E13 = "mean" F13 = (r(mean)) ///
>     G13 = (r(N)) H13 = "Preparatory diagnostic only" I13 = "Existing baseline
>  >=0.75 proxy; not graduates, assessed competence or final mentor selection."
file C:\Users\jzava\AppData\Local\Temp\stata_worker_default_7505d64a54_74609fe5
> bb_p9v2kmuv//phase1_baseline_indicator_table.xlsx saved

. putexcel A14 = "5.1.1" B14 = "Not located in revised SOW" C14 = "Programme mo
> dels scaled or replicated" ///
>     D14 = "" E14 = "" F14 = "Not measured" ///
>     G14 = "Not applicable" H14 = "Not measured" I14 = "No survey measure or v
> erified replication inventory. Do not impute zero."
file C:\Users\jzava\AppData\Local\Temp\stata_worker_default_7505d64a54_74609fe5
> bb_p9v2kmuv//phase1_baseline_indicator_table.xlsx saved

. putexcel A15 = "Not on Slide 57" B15 = "2.2" C15 = "Legal-aid remandees heard
>  within 60 days" ///
>     D15 = "" E15 = "" F15 = "Not measured" ///
>     G15 = "Not applicable" H15 = "Not measured" I15 = "No linked detention, l
> egal-aid eligibility or first-hearing dates."
file C:\Users\jzava\AppData\Local\Temp\stata_worker_default_7505d64a54_74609fe5
> bb_p9v2kmuv//phase1_baseline_indicator_table.xlsx saved

. putexcel A1:I1, bold txtwrap
file C:\Users\jzava\AppData\Local\Temp\stata_worker_default_7505d64a54_74609fe5
> bb_p9v2kmuv//phase1_baseline_indicator_table.xlsx saved

. putexcel F2:F15, nformat("0.000")
file C:\Users\jzava\AppData\Local\Temp\stata_worker_default_7505d64a54_74609fe5
> bb_p9v2kmuv//phase1_baseline_indicator_table.xlsx saved

. putexcel clear

. 
. * END SECTION 10 REPRODUCIBLE BENCHMARKS
. 
. 
. *----------------------------------------------------------------------------
> --*
. **# 22. Final validation and close
. *----------------------------------------------------------------------------
> --*
. 
. assert _N == `primary_n'

. isid canonical_village_uid

. assert analysis_sample == 1

. assert consent == 1

. local index_counter = 0

. foreach v of local all_indices {
  2.     assert inrange(`v', 0, 1) if !missing(`v')
  3.     quietly summarize `v', meanonly
  4.     local ++index_counter
  5.     assert r(N) == `index_n`index_counter''
  6.     assert abs(r(sum) - `index_sum`index_counter'') < 1e-10
  7. }

. 
. * Observation-level check also detects offsetting changes hidden by equal sum
> s.
. sort submission_key

. cf `all_indices' using `index_snapshot', all
idx_respondent~y: match
idx_institutio~g: match
idx_legal_clas~e: match
idx_adr_mediat~e: match
idx_referral_p~e: match
idx_record_qua~y: match
idx_committee_~g: match
idx_perceived_~y: match
  idx_safeguards: match
idx_reintegrat~s: match
idx_lcc_operat~y: match
idx_lcc_case_h~y: match
idx_lcc_legiti~s: match
idx_p1_base_me~y: match

. copy "`excel_exec'" "`excel_exec_final'", replace

. copy "`excel_items'" "`excel_items_final'", replace

. copy "`excel_origin'" "`excel_origin_final'", replace

. copy "`excel_reg'" "`excel_reg_final'", replace

. copy "`excel_ind'" "`excel_ind_final'", replace

. copy "`excel_jlos'" "`excel_jlos_final'", replace

. 
. local png_files : dir "`fig_dir'" files "*.png"

. foreach f of local png_files {
  2.     copy "`fig_dir'/`f'" "`fig_dir_final'/`f'", replace
  3. }

. local pdf_files : dir "`fig_dir'" files "*.pdf"

. foreach f of local pdf_files {
  2.     copy "`fig_dir'/`f'" "`fig_dir_final'/`f'", replace
  3. }

. 
. foreach f in "`excel_exec_final'" "`excel_items_final'" "`excel_origin_final'
> " "`excel_reg_final'" "`excel_ind_final'" "`excel_jlos_final'" {
  2.     confirm file `"`f'"'
  3. }

. foreach f in fig_02_core_indices_overall fig_04_priority_gaps fig_13_vignette
> _performance ///
>     fig_14_adr_mediation fig_15_adr_barriers fig_39_jlos_referral_loop ///
>     fig_40_records_committee_constraints fig_41_legitimacy_safeguards_reinteg
> ration ///
>     fig_42_adjusted_origin_coefficients {
  2.     confirm file "`fig_dir_final'/`f'.png"
  3.     confirm file "`fig_dir_final'/`f'.pdf"
  4. }

. 
. display as result "Final Phase 1 baseline analysis complete: N=" _N
Final Phase 1 baseline analysis complete: N=93

. display as result "Main workbook: `excel_exec_final'"
Main workbook: C:/Users/jzava/Documents/GitHub/Advancing-Justice-Uganda-LC/2 Ou
> tput/Phase1_Baseline_Selected100_Observed/tables/phase1_baseline_executive_re
> sults.xlsx

. display as result "Supplementary workbook: `excel_items_final'"
Supplementary workbook: C:/Users/jzava/Documents/GitHub/Advancing-Justice-Ugand
> a-LC/2 Output/Phase1_Baseline_Selected100_Observed/tables/phase1_baseline_all
> _item_tabulations.xlsx

. display as result "Origin comparison workbook: `excel_origin_final'"
Origin comparison workbook: C:/Users/jzava/Documents/GitHub/Advancing-Justice-U
> ganda-LC/2 Output/Phase1_Baseline_Selected100_Observed/tables/phase1_baseline
> _origin_comparison.xlsx

. display as result "Regression workbook: `excel_reg_final'"
Regression workbook: C:/Users/jzava/Documents/GitHub/Advancing-Justice-Uganda-L
> C/2 Output/Phase1_Baseline_Selected100_Observed/tables/phase1_baseline_regres
> sion_results.xlsx

. display as result "Indicator workbook: `excel_ind_final'"
Indicator workbook: C:/Users/jzava/Documents/GitHub/Advancing-Justice-Uganda-LC
> /2 Output/Phase1_Baseline_Selected100_Observed/tables/phase1_baseline_indicat
> or_table.xlsx

. display as result "Figures folder: `fig_dir_final'"
Figures folder: C:/Users/jzava/Documents/GitHub/Advancing-Justice-Uganda-LC/2 O
> utput/Phase1_Baseline_Selected100_Observed/figures

. display as result "Log file: `log_dir'/phase1_baseline_executive_analysis.log
> "
Log file: C:/Users/jzava/Documents/GitHub/Advancing-Justice-Uganda-LC/2 Output/
> Phase1_Baseline_Selected100_Observed/logs/phase1_baseline_executive_analysis.
> log

. 
. log close
      name:  <unnamed>
       log:  C:/Users/jzava/Documents/GitHub/Advancing-Justice-Uganda-LC/2 Outp
> ut/Phase1_Baseline_Selected100_Observed/logs/phase1_baseline_executive_analys
> is.log
  log type:  text
 closed on:   2 Oct 2026, 14:26:31
-------------------------------------------------------------------------------
